"id","name","side","avg_bat_speed","swing_tilt","attack_angle","attack_direction","ideal_attack_angle_rate","avg_intercept_y_vs_plate","avg_intercept_y_vs_batter","avg_batter_y_position","avg_batter_x_position","competitive_swings"
519317,"Stanton, Giancarlo","R","81.219836961",26.15572599332131,8.688617795094567,-2.713079549778768,0.6036414565826332,2.2783488783976646,27.22742997345901,24.94908109506134,33.007204730471145,714
665833,"Cruz, Oneil","L","78.533224835",32.946652687076714,8.373715996117653,-6.744362184204612,0.4197952218430034,9.07090427174135,35.287562912563125,26.216658640821787,28.32284718834723,879
678877,"Noel, Jhonkensy","R","77.990894914",29.965989174224095,9.79584066212426,-13.079184959119875,0.5201149425287358,10.591152377913229,39.369060643818315,28.777908265905094,30.250807819144885,348
672744,"Canario, Alexander","R","77.98663175",33.33210897092367,9.058681918573791,8.010139616889381,0.5249999999999999,-4.875254713236038,27.059842998468756,31.9350977117048,26.8134440467747,40
694175,"León, Pedro","R","77.833039211",29.275194362289326,12.881384819883332,-6.0504581792840595,0.5263157894736842,2.4598045635102164,32.45196350448062,29.992158940970388,29.668191006697615,38
656941,"Schwarber, Kyle","L","77.516124338",29.303970126098193,13.05259932108357,-4.499895611791626,0.6736183524504691,9.550856577845462,31.260306285163434,21.70944970731798,26.581266801081924,959
691023,"Walker, Jordan","R","77.306008447",32.237505161478154,5.46772762648751,-10.440062485932087,0.4431818181818182,5.886051200136497,33.959644506557,28.073593306420484,27.638493465679005,264
670242,"Wallner, Matt","L","77.291779398",32.16559738282329,11.894743489762,-3.3065969836321005,0.47710843373493983,9.26472000786585,36.0375225933518,26.772802585485934,31.228289083122554,415
691406,"Caminero, Junior","R","77.236120114",25.399437895477625,5.289983456690459,-2.6081210287842347,0.5151515151515152,7.610271135776287,34.184533336688375,26.57426220091208,27.953590082980345,264
592450,"Judge, Aaron","R","77.146849535",39.80010681588739,14.371585992799305,-4.515250961095985,0.5128712871287129,0.18174117959084027,29.899303136503285,29.717561956912444,33.870395960539035,1010
665856,"Camargo, Jair","R","77.088799",36.18623556000306,17.036859370208777,-9.350748985252247,0.6,8.780980048158185,37.75227958532541,28.971299537167226,28.41166826870684,10
666464,"Encarnacion, Jerar","R","76.978635023",35.980422690124406,8.848899006602661,4.209745745961467,0.4647887323943662,1.3162448580410862,29.317125198531954,28.000880340490856,31.618756473496326,213
660670,"Acuña Jr., Ronald","R","76.825825542",34.91874569312238,10.656384832965939,4.583329054567305,0.5882352941176471,1.1241570867186899,31.11420570452519,29.9900486178065,29.142682295287276,323
666176,"Adell, Jo","R","76.685551922",32.78973181167297,4.8678991504631774,-4.043945735546742,0.4271356783919598,0.3103776989024907,25.476237610547077,25.165859911644574,28.60062391664735,796
656305,"Chapman, Matt","R","76.599640596",26.396644584599947,6.161607921947377,-2.8291389442180765,0.5151515151515152,-1.798315129491662,26.76412880548505,28.562443934976713,30.31143678844625,990
670541,"Alvarez, Yordan","L","76.545736991",35.10172761967377,8.778284490767723,-5.994497814587663,0.4212253829321662,10.24159879836423,36.755198922745535,26.513600124381302,27.66220894497433,914
593934,"Sanó, Miguel","R","76.462873028",33.730473443077344,12.017066887882587,-8.608572885234421,0.5352112676056338,1.9338146802704883,28.89629322577065,26.962478545500158,29.199671503494933,142
660271,"Ohtani, Shohei","L","76.315503248",35.06298204763032,11.317201031466272,-1.6800891295919462,0.5155279503105591,-2.444107122266232,26.79389475826381,29.238001880530046,29.904251244590597,1127
683002,"Henderson, Gunnar","L","76.28623982",30.52201977231019,8.320931334159853,2.9431149042192986,0.4743011722272317,7.702006699816339,32.563047088508384,24.86104038869205,26.621813837628935,1109
677594,"Rodríguez, Julio","R","76.256220027",32.969315030327465,8.0558372407112,-2.9366554156522824,0.4725274725274726,9.800707639524743,33.555906105497066,23.75519846597232,30.42720094307748,1092
682619,"Martinez, Orelvis","R","76.190822",35.47275907975312,18.13265071806004,-16.111139568721093,0.6,8.103975229876351,37.275808335207614,29.171833105331267,22.662225536399074,5
671286,"Rodríguez, Johnathan","R","76.170179846",33.03037103293991,9.858502675005536,-2.536172194686836,0.27692307692307694,6.251026302366974,33.98187591739789,27.73084961503091,30.063572093584433,65
666624,"Morel, Christopher","R","76.088461255",27.279288456189967,13.088427359613386,-5.775753833133216,0.7353556485355649,5.5806050261166895,32.71719971320884,27.136594687092163,28.26444010981926,956
663550,"Cabbage, Trey","L","75.918473784",37.36517474778278,13.327805119645683,-10.007594722618359,0.3851351351351352,7.312300587183361,33.34266678023753,26.030366193054185,27.35062414828397,148
665489,"Guerrero Jr., Vladimir","R","75.877687505",28.635183754193946,3.2408571346797657,-0.44293607063275353,0.3738049713193117,4.650730499744476,32.43012767943906,27.77939717969457,29.322874439129453,1046
575929,"Contreras, Willson","R","75.85372691",31.470099262144426,9.913286953312888,-1.5994516462477053,0.5034722222222222,8.506655095957345,26.741910604624355,18.23525550866701,30.397597560188274,576
656448,"Garrett, Stone","R","75.729082308",28.97242117919214,7.382515195686011,5.748179983275148,0.6923076923076923,-18.806040402874007,18.867345892924202,37.67338629579822,31.72311065589328,13
669003,"Mitchell, Garrett","L","75.701059326",33.56675088636,10.652844564988468,4.303235881124629,0.5777126099706746,-0.815505389684474,29.26938403315568,30.084889422840153,27.38830842712028,341
545361,"Trout, Mike","R","75.651311117",37.1653012276203,8.257830706274332,-2.360339963394373,0.5053191489361702,-4.200403307300553,25.82477964116092,30.025182948461474,25.900446367532187,188
656180,"Adams, Riley","R","75.517762825",36.44553414121896,8.66876831964131,-2.0710421374181127,0.3811659192825112,-1.3693176318877354,26.76106295286309,28.130380584750828,29.559063334600562,223
691176,"Domínguez, Jasson","R","75.447046957",31.328417333413835,6.315672528193578,-0.13509943878208602,0.47826086956521746,1.1256968615824865,29.486469249252533,28.36077238767003,24.377086462221484,115
621550,"Wisdom, Patrick","R","75.433341299",31.133951696808737,14.281659168284717,-7.33998956130395,0.6428571428571429,2.788722747469541,31.603303150599782,28.81458040313025,30.567344938209025,308
665742,"Soto, Juan","L","75.428274083",27.135278527221548,12.195014613431029,2.5412732467758956,0.6080347448425623,0.37039655632518254,25.891565758996293,25.521169202671118,29.448078192414883,921
701305,"Dezenzo, Zach","R","75.421435045",39.878582582192124,10.419318318695888,1.5583664117608642,0.33333333333333326,3.9841050063612644,30.752859225974216,26.768754219612937,27.006942604719594,111
624585,"Soler, Jorge","R","75.406534926",33.48378531193043,10.99425432760132,-9.594352134479033,0.565266742338252,1.579058307748966,29.251717904832727,27.672659597083772,29.25326945568473,881
656541,"Hilliard, Sam","L","75.278704084",27.31988030804052,9.701708370068223,-0.957066350625487,0.4923664122137405,5.954055893932106,32.65538978786569,26.701333893933576,28.675677920574334,262
671218,"Ramos, Heliot","R","75.240581191",32.8929784911972,8.456255181754457,3.397484379756004,0.4673539518900344,1.8603363052095268,26.451427219628933,24.591090914419404,28.162281001942986,873
592669,"Renfroe, Hunter","R","75.240395055",25.705006625503877,9.093600294006823,-9.906840445669438,0.6624405705229792,8.977350712470779,38.57082922578699,29.593478513316214,29.636940524127187,631
624413,"Alonso, Pete","R","75.234998024",31.68722938983064,9.806640777255053,-2.894289757568863,0.5625000000000002,5.664888694033434,30.15043284318689,24.485544149153455,28.40745765170356,992
663586,"Riley, Austin","R","75.230383329",32.61718318239448,9.362943815653512,-3.47623497417258,0.4641909814323608,6.027770044716057,35.052344423573594,29.02457437885755,27.946271657748742,754
641933,"O'Neill, Tyler","R","75.223714843",34.10292211452191,17.644374640974583,-7.100337544735566,0.5347885402455661,6.319883453803437,31.356373488514887,25.036490034711456,24.354570004781902,733
592518,"Machado, Manny","R","75.219474579",25.61923721427286,6.808719502727708,-0.24195349493157847,0.5430784123910938,6.49557568575957,30.99307267819559,24.497496992436012,31.381695994952807,1033
677956,"Hinds, Rece","R","75.214891196",39.71941347149842,9.493855106662428,-10.379274443698819,0.4347826086956521,3.9265403373956156,35.15329753988159,31.226757202485974,27.043272081574933,92
682829,"De La Cruz, Elly","R","75.173203152",35.21541494399666,9.607012748176658,0.5465407732130327,0.5272727272727272,7.849263023394632,36.06916370253606,28.219900679141432,29.661186418884114,990
660821,"Sánchez, Jesús","L","75.164348833",30.735839909163253,7.916466176870666,2.4924245871305803,0.5084175084175084,4.30900489137763,31.989596451200008,27.680591559822393,29.58850803553366,891
686554,"Dunn, Oliver","L","75.160182446",28.8743153064503,11.511820769927093,-2.0318736211436743,0.6187050359712231,-0.8622829740600225,28.48626292051461,29.348545894574638,24.373327649697536,139
660707,"Montero, Elehuris","R","75.116486862",34.368572904164104,7.60624413894352,-15.183554670427627,0.38775510204081637,5.644266181550624,37.40439726077553,31.760131079224898,22.906094542744793,392
663624,"Mountcastle, Ryan","R","75.092982121",37.356205630188896,4.7251005260421,1.4583481603196526,0.36160714285714285,-0.8542121313529721,25.42916571368311,26.283377845036075,31.114255037908748,896
572233,"Walker, Christian","R","75.040134236",30.33490214081018,8.723163486908302,-3.701048949651645,0.4694323144104802,2.7643040572503503,31.041029365123116,28.27672530787277,28.1778241542305,916
693049,"Colás, Oscar","L","74.974384328",32.72486341495121,3.936509218079467,-2.917301070296946,0.3880597014925374,0.6686934837869674,30.09831179037171,29.42961830658475,25.521642842940956,67
670042,"Raley, Luke","L","74.970934029",31.475263147798003,13.171282804366522,-4.137683195572753,0.6183510638297871,3.194475172547124,32.223261162823384,29.028785990276273,27.482482590401556,752
665120,"Walsh, Jared","L","74.967735254",32.89460580840222,12.2553603051219,5.187102319968197,0.6440677966101694,1.5729456002779216,25.87320013423462,24.300254533956707,26.795595756097693,59
696100,"Goodman, Hunter","R","74.917417605",24.14121072258631,10.062535934230624,-8.616266778089027,0.6987654320987652,13.313471808095567,40.654208532601515,27.34073672450593,28.78245487252103,405
670223,"Mervis, Matt","L","74.907135625",30.83126604261738,13.347058834548603,-12.073509674217895,0.6458333333333334,6.810171487650789,34.02179719581543,27.211625708164632,28.27300130452624,48
595879,"Báez, Javier","R","74.825682646",30.4802893927396,11.32866437370989,-6.714749676395322,0.5737704918032788,4.5583358531060325,31.678776036574753,27.120440183468723,28.601745599301,427
663698,"Bart, Joey","R","74.825261632",35.565446159485965,11.33206045811908,-4.378104826841705,0.4436781609195401,6.341639156189643,35.82550131898809,29.483862162798456,26.907403442178392,435
671739,"Harris II, Michael","L","74.719573377",29.84316512894138,7.057141181152163,-2.01216438342081,0.49540078843626806,0.6876226916551733,31.506225268864142,30.818602577208967,30.10886089535574,761
665487,"Tatis Jr., Fernando","R","74.711434418",31.357324837710557,10.448680666837385,1.501839080983791,0.5801886792452828,3.690981267292326,30.084091085877716,26.39310981858539,29.303984250325943,636
669394,"Burger, Jake","R","74.688491916",23.65247680340558,8.354023621348547,-6.122072466800922,0.5479009687836384,9.534714987465946,32.79223017536207,23.257515187896125,32.79585950505458,929
682985,"Greene, Riley","L","74.687512385",43.437724585798726,11.900189884358836,0.44819464175575124,0.43644544431946014,6.054432507770787,32.28013721776471,26.225704709993913,23.206864233222866,889
661388,"Contreras, William","R","74.668738789",28.24166041833916,10.022095160790206,1.448277229188075,0.6339449541284404,1.833504156512973,30.86716058798475,29.03365643147178,27.596596110326857,1090
677951,"Witt Jr., Bobby","R","74.664595032",29.838153134411996,5.909508523923245,-2.0707056132789283,0.48514851485148514,0.9748890941925419,29.418015875507084,28.443126781314547,24.037067862592146,1111
671213,"Casas, Triston","L","74.648133833",36.6236502539273,11.851088202329903,0.7745814578486583,0.521613832853026,-1.7472430763375948,30.274392070318076,32.021635146655655,29.629111855677525,347
672724,"Peraza, Oswald","R","74.592851538",25.989265947305178,4.65251969039638,-4.392429414805088,0.38461538461538464,0.854701590684041,30.11693909051408,29.26223749983004,27.680456643093578,13
650907,"Pinto, René","R","74.562979818",31.115669335639385,9.729072892092638,-2.9583178279064484,0.5636363636363636,4.307196884593543,27.197051798052144,22.889854913458603,28.467316606513236,55
673357,"Robert Jr., Luis","R","74.556877927",36.14713561181757,9.71794797012115,-1.691823859999875,0.49159663865546216,-3.707387277209149,27.697249560335756,31.404636837544906,27.132255081944024,714
677800,"Abreu, Wilyer","L","74.554858995",31.670433380261763,11.08070860281432,-3.021885913855871,0.537037037037037,0.9039393554183027,31.88440178561605,30.980462430197754,26.75217514971577,756
663728,"Raleigh, Cal","R","74.517157104",32.30260335739062,16.778473510797244,-7.8477703354582555,0.4550359712230216,9.670265342596995,37.80746692614132,28.137201583544314,25.522402961221033,1112
680769,"Alexander, CJ","L","74.515627778",37.54185928035207,17.710320256211894,-17.882575000460292,0.4444444444444444,10.405839998450485,39.5859631709902,29.18012317253972,26.412826204506523,18
694671,"Langford, Wyatt","R","74.493879035",31.007508973937004,11.211529774454219,-4.398248516240825,0.5567765567765569,4.566933341377632,33.20643841650976,28.639505075132128,27.958916856353287,819
621043,"Correa, Carlos","R","74.481607803",30.612845099905282,6.995692685641684,-1.8302449953958069,0.45279383429672443,2.1579028548295742,27.458988484620978,25.301085629791412,29.286416067932592,519
672356,"Arias, Gabriel","R","74.476482441",28.48971931607996,8.04928778648648,0.8494911170762562,0.44067796610169485,1.225205119424637,31.698028475593087,30.47282335616844,32.955669388282324,295
656577,"Jackson, Alex","R","74.407872028",30.234432565585557,10.56125849299566,-5.055340378230423,0.611888111888112,3.992688299296597,33.985774368138834,29.993086068842224,27.325530617441533,286
691016,"Soderstrom, Tyler","L","74.401324455",30.62557277787377,13.481464181367867,0.7321952950367745,0.5202492211838008,-0.12050443813929561,30.25703152599752,30.37753596413681,31.485173657688897,321
642133,"Tellez, Rowdy","L","74.399210704",28.879731666131903,5.295784853809893,-7.307036285506804,0.44189852700490995,5.88468447808581,33.208379365551224,27.32369488746541,26.449473682055057,611
680718,"Barger, Addison","L","74.36954932",32.54181432267026,7.824807765534905,0.6858975839406933,0.4532577903682719,-6.1008266879939255,25.080765314846506,31.181592002840436,26.255033490117306,353
700242,"Sweeney, Trey","L","74.334115427",29.820600212260192,11.928382892866457,-4.3315167625788575,0.6432160804020101,5.69455514136115,34.30822340057561,28.61366825921445,26.898737232130337,199
621439,"Buxton, Byron","R","74.321311261",33.95932764087516,14.25312746833836,-10.095944011287154,0.5653495440729482,3.8661613310001526,29.187116364320186,25.320955033320036,26.547393673163825,658
668723,"Vilade, Ryan","R","74.296292065",33.0020337594399,3.232065924563336,-1.2927498232560948,0.3804347826086957,-0.9025347684286968,30.610666357197026,31.51320112562573,26.741664290196894,92
671732,"Butler, Lawrence","L","74.192122248",31.43753444055304,3.975063289235647,0.31180075301196025,0.3875862068965518,1.8624139435774383,28.5997825719969,26.737368628419475,30.33548620188191,725
682634,"Alcántara, Kevin","R","74.1772175",29.23857731310268,5.044638181508711,3.5944232194334793,0.3333333333333333,-2.273626767001797,28.80431213347005,31.077938900471846,33.41379894802925,12
656484,"Gray, Tristan","L","74.142261552",32.15815567719258,14.52138114962538,-17.568385485711907,0.4482758620689654,4.717032373962226,34.33754322488006,29.620510850917825,29.278730240328336,58
669127,"Langeliers, Shea","R","74.136804091",29.471357704311956,12.34533270379241,-5.65894124261825,0.6342321219226261,11.02394679339562,37.30584062873056,26.28189383533494,29.62350736808344,853
680118,"Blanco, Dairon","R","74.122232872",30.357942425135285,9.51249876876112,-0.47526458490136175,0.5641025641025642,-2.2913050314575014,25.399727543163582,27.691032574621076,29.00694249058042,195
624424,"Conforto, Michael","L","74.122102673",31.969024095434293,12.385278655138833,-0.4055862760879058,0.5360110803324101,3.178083995327449,29.816724440882112,26.63864044555468,29.538499819321494,722
666211,"Trammell, Taylor","L","74.115145625",28.949982655789086,-0.04575190606848056,6.683943675025796,0.37499999999999994,-4.667409016760001,23.53537956264788,28.20278857940788,27.35789670771382,16
691723,"Mayo, Coby","R","74.081263544",33.45642503528166,10.379898409980251,-14.89649273486244,0.3291139240506329,15.823500531484065,36.74413261050079,20.920632079016745,28.4507275851407,79
663853,"Gonzalez, Romy","R","74.060060173",27.619730987347772,8.011085276385458,4.613776944120788,0.5371287128712874,0.03353481782011913,27.367333250158886,27.333798432338767,27.619831025040313,404
547180,"Harper, Bryce","L","74.035775174",36.118479188491364,11.434238233993604,-1.0868978795925286,0.4442413162705667,8.981582930286576,31.87240076720803,22.890817836921457,29.063155914633008,1094
678554,"Mead, Curtis","R","74.027961885",30.17038401273589,4.270472399708197,-0.056125319784997484,0.43455497382198954,-2.6224970077774046,28.89874235360023,31.521239361377635,29.260521073438504,191
542303,"Ozuna, Marcell","R","74.020913956",36.46203628210853,15.356603376252977,-2.620577718384307,0.5315555555555556,-2.7071719484751164,32.60187108198557,35.309043030460685,27.521996315012714,1125
572191,"Taylor, Michael A.","R","73.950250366",31.34069659591646,14.345289733173013,0.12706862623042486,0.4827586206896551,12.510033594319196,30.541722732913286,18.031689138594093,30.14757121675864,464
663609,"Baker, Luken","R","73.927122439",28.642149929472236,8.031420821073628,-2.60717797032239,0.5121951219512196,1.7782544822566808,28.413444529418946,26.635190047162272,28.186811538656354,82
623520,"Bote, David","R","73.903631111",26.950273428327204,9.664019395354654,-14.802823666714634,0.54320987654321,4.623574594974972,33.62327707533402,28.99970248035905,31.438193307478354,81
695578,"Wood, James","L","73.896997479",40.07213923999073,8.644310425177954,4.103317261015389,0.38347457627118636,3.437824576043344,31.484119822057995,28.046295246014648,30.132130638176935,472
553869,"Díaz, Elias","R","73.885064333",28.55414532736269,4.961848628655873,-3.0252553753244484,0.45407279029462744,11.35498286201511,38.032532226499306,26.677549364484186,25.222746451734647,577
650391,"Jiménez, Eloy","R","73.876264837",25.068508269656245,5.536620527553181,-2.9564361100590544,0.4817658349328215,12.628844893792571,29.22861558200271,16.599770688210143,31.404963604168383,521
665782,"De Los Santos, Luis","R","73.848786383",30.11435525058285,4.598205659138851,-0.22201139137403236,0.553191489361702,-1.3249168905184354,25.380497808668668,26.705414699187095,29.434887135903928,47
621566,"Olson, Matt","L","73.798156554",34.062329671731106,8.391540728990712,-1.613347155291965,0.44471347861178373,2.825824686987069,33.3581045808365,30.532279893849427,30.06617502039262,1239
641343,"Bauers, Jake","L","73.772888519",35.70620543348937,13.736541205639806,-4.456606901563313,0.4875207986688853,1.2991704306708736,31.967339698170992,30.668169267500122,26.04877611019685,601
681297,"Cowser, Colton","L","73.761869811",38.83529375432677,13.904838754098032,0.20455612280622665,0.4422222222222223,7.553541142607275,34.703295996296404,27.149754853689117,28.715854472212932,900
682998,"Carroll, Corbin","L","73.693149901",22.45070133836528,6.488922290445906,-0.33218464470229586,0.5301866081229416,6.207075754426408,35.18000112688532,28.972925372458924,29.109601952955842,911
606466,"Marte, Ketel","R","73.683026329",33.72681593550365,9.062415435391586,-4.8619638407741,0.5364705882352944,3.1823563730397555,35.07809914857893,31.895742775539166,25.099951831550833,850
667670,"Rooker, Brent","R","73.681734081",35.7034732411809,11.66549509601174,-5.605288355215333,0.47332015810276695,3.4129863047618114,33.95405322303356,30.541066918271753,26.856948500167462,1012
662139,"Varsho, Daulton","L","73.666904591",32.615171444800474,12.710696698441131,-3.595278023124768,0.5421245421245422,-2.5685098433109195,29.0045129795307,31.573022822841626,26.51610576240874,819
545341,"Grichuk, Randal","R","73.664844286",28.326227454395664,9.175602204678308,-8.251568568247144,0.6263736263736263,8.367850249062036,33.875043155387374,25.507192906325308,28.776581204405982,455
669065,"Stowers, Kyle","L","73.653914962",35.00410164594923,9.486011945517344,1.7773800186663988,0.4708860759493671,2.212260293351926,29.04699894552298,26.834738652171055,28.997787158448354,395
682617,"Luciano, Marco","R","73.651021864",32.693282308160306,7.7428849651426015,1.0128293736203386,0.4915254237288136,1.4778438583319662,30.859382566332897,29.381538708000924,27.273554348910796,118
679529,"Torkelson, Spencer","R","73.645517129",32.765312499055774,10.488876381324301,-8.349905051383562,0.5392320534223707,1.7722205915530262,29.893042626916497,28.120822035363474,25.720090189909016,599
680776,"Duran, Jarren","L","73.600897627",29.389406106622097,3.8834992688995555,3.180542092062719,0.36203866432337434,0.012661524564486474,27.376097679898393,27.363436155333897,30.604930650989264,1138
642715,"Adames, Willy","R","73.597868658",33.715491348804754,15.544297800312659,-0.8472635673287485,0.5848101265822784,-2.0509702302572155,30.286663693327718,32.33763392358494,31.59903394871283,1185
668832,"McCann, Kyle","L","73.59421856",33.480857499396194,18.18060517662838,-2.882687008049942,0.4240000000000001,2.6165530043217684,36.27456382479253,33.65801082047075,29.323121651264824,250
682668,"Acuña, Luisangel","R","73.570397206",24.85113104885715,3.2865306122115627,8.031656408318018,0.338235294117647,0.7978085899465381,28.298188810390283,27.500380220443745,25.23980731959436,68
683146,"Baty, Brett","L","73.509182015",38.3544536568203,12.055066326925072,-0.7059183976622444,0.4182509505703422,3.42719766035075,29.828984809022106,26.401787148671364,30.169630842730893,263
663905,"Blankenhorn, Travis","L","73.50668",29.569587407312532,10.846783746875511,0.3762351663618362,0.6206896551724136,-3.673111172729688,25.987578674113347,29.660689846843038,26.055464317933588,58
663630,"McKenna, Ryan","R","73.488374167",30.73655191728993,10.914585188357432,-0.47014053150654833,0.625,-3.4527549454610655,26.903627462249446,30.356382407710512,25.733794564928353,24
682626,"Alvarez, Francisco","R","73.474136172",25.984942783382042,4.227330647463724,-3.268516385021652,0.4228456913827656,1.0085639731461666,27.88142269346398,26.87285872031781,28.500750372842553,499
687401,"Ortiz, Joey","R","73.431140609",26.807999806826675,2.2359166000177533,1.3890570045912092,0.3559556786703601,-1.7764187577470114,28.107537959119494,29.883956716866518,29.448146280523137,722
664040,"Lowe, Brandon","L","73.428831078",34.68111120478586,15.1352492360976,-3.6364693614767063,0.46493506493506503,7.470067270815049,35.22795415984153,27.757886889026484,26.087702771220183,770
676369,"Velázquez, Nelson","R","73.399759743",30.332217259429612,12.141092496205713,-5.127580693466712,0.6228571428571428,1.7132088479668393,32.490033879071255,30.77682503110441,27.01741223730276,350
592626,"Pederson, Joc","L","73.390494955",31.349710711923738,9.958291040465275,-5.0669679254422455,0.5393939393939395,-1.0040472689430524,28.780051757518123,29.784099026461174,24.52705025185967,660
668904,"Lewis, Royce","R","73.313220213",28.076858212288055,7.968021780291065,-5.076368767072508,0.5719360568383658,5.852206485704424,26.813015282455556,20.96080879675113,26.77921978176615,563
663993,"Lowe, Nathaniel","L","73.312846667",30.084869593488673,6.938329263708567,7.57392030005879,0.5027685492801772,1.587603142128739,28.603114544225694,27.01551140209695,29.989592553387396,903
493329,"Gurriel, Yuli","R","73.309862264",25.965898445039915,3.1876244673462613,-11.713969357056932,0.3113207547169812,14.827305621911666,29.58612760946217,14.7588219875505,28.338175295985625,106
664913,"Brown, Seth","L","73.30077019",32.744644195733834,9.986176016017858,-6.650887983649058,0.5109489051094889,4.0072755970228,32.96996181073037,28.962686213707578,27.7569213898745,685
671056,"Herrera, Iván","R","73.298031641",33.55868611038209,7.276792058764886,2.537798734672735,0.44270833333333337,-2.721814391439249,29.394149175336224,32.11596356677549,29.240447883175978,384
666139,"Lowe, Josh","L","73.29749417",36.88727327346694,10.022107416652013,-0.6906639564149063,0.47973856209150334,10.739806946625869,32.40130924083092,21.661502294205057,30.043875219467537,765
669261,"Suwinski, Jack","L","73.288167847",32.90819429745778,8.300339722532957,-3.71116107025722,0.41831683168316824,-2.6292592413296987,29.300224940438998,31.929484181768682,25.522627557647215,404
669221,"Murphy, Sean","R","73.265418585",31.656925004371335,12.135076796082524,-3.87327287365787,0.5568445475638052,-2.457713072266109,29.894560185381554,32.35227325764767,28.621973860418695,431
607043,"Nimmo, Brandon","L","73.261676498",29.185358332754603,6.581234890695298,-0.2642642986422816,0.5057251908396947,1.7471184684552334,28.395351919709036,26.648233451253795,31.862014310465433,1048
650490,"Díaz, Yandy","R","73.258058337",25.3880132039198,3.2449042306126357,6.9266248613087615,0.38248337028824836,1.3685350850950946,30.70501788510698,29.33648280001188,28.4535025793141,902
606192,"Hernández, Teoscar","R","73.234489584",32.72600535232198,9.068736992894708,0.8974266391057117,0.5153707052441229,-1.5495361858625243,29.67852417424137,31.228060360103893,29.313308529069282,1106
518792,"Heyward, Jason","L","73.225965958",27.291420376821232,11.16506254456541,-8.524819761557609,0.6425233644859812,-3.9709487901120517,26.80988405248202,30.780832842594076,35.98281210176653,428
521692,"Perez, Salvador","R","73.214625704",34.844730594535996,13.73028420155225,-6.925868821080796,0.5363079615048115,0.21268282656605608,29.718326076146123,29.50564324958007,27.171264173500024,1143
669357,"Gorman, Nolan","L","73.203253528",35.8437187351969,17.519292725051972,-1.4969074948677092,0.4841772151898734,0.5435790227885553,33.372807725517866,32.8292287027293,27.251850843088963,632
592663,"Realmuto, J.T.","R","73.181228738",35.15836663806617,13.220739699632876,1.5818913546874338,0.5215384615384616,-3.22470632422845,27.26123567430811,30.485941998536557,27.69379738295214,650
592885,"Yelich, Christian","L","73.179938283",35.200383153119056,10.459469862708985,2.6820415728373224,0.43991416309012876,1.0019326349062074,28.929943794460545,27.928011159554337,28.7670223391956,466
669911,"Toglia, Michael","R","73.157780146",35.42955749566237,15.067365276472858,-2.8388965101366366,0.4087882822902796,3.7293903788061016,27.81204091419229,24.0826505353862,30.771941967619227,751
694192,"Chourio, Jackson","R","73.151587767",27.180835347336057,7.435746796496896,3.459389653857238,0.5790697674418606,3.748447430760677,28.631940887686316,24.883493456925642,29.23330257168102,860
666160,"Moniak, Mickey","L","73.145357926",33.85034915849156,12.488197116845749,-3.467617972237881,0.517287234042553,3.528835122892502,28.937038262580735,25.408203139688222,31.381160241347935,752
681546,"Outman, James","L","73.140793547",34.20274167011511,14.677850371812017,-5.306555064091488,0.47290640394088673,1.442393989891625,29.880143645857512,28.437749655965877,27.243460431926092,203
682622,"Marte, Noelvi","R","73.135877804",32.026270180954214,10.113911652934666,-4.888482651309946,0.5420560747663552,4.447258548673062,33.28734354494875,28.840084996275667,25.473262898527153,428
623993,"Santander, Anthony","R","73.123204699",26.516701330784258,7.738451299710485,-7.22816701480738,0.5072094995759118,11.69530305239205,33.51989536501435,21.82459231262229,26.016848270452563,1179
624641,"Sosa, Edmundo","R","73.099776232",34.55796222652672,11.273629457740114,-3.4458933228763584,0.5110220440881763,2.4931300696495895,30.03265347768231,27.539523408032718,25.128633371326256,499
547989,"Abreu, José","R","73.083253019",31.876912215688364,3.7662857228999407,4.287681448450696,0.3459119496855347,3.0669656919084844,28.275380422252155,25.20841473034367,32.20643439887562,159
596142,"Sánchez, Gary","R","73.082554179",30.03606262284503,11.755754377528092,-7.205173095891456,0.609452736318408,4.954055578671615,37.11959125845375,32.165535679782145,26.016401286553272,402
681624,"Pages, Andy","R","73.076629541",41.195663239480965,9.854478651876109,-4.080531987207356,0.5072083879423329,0.13694481400248934,30.143306761139723,30.006361947137247,29.334225059896575,763
677942,"Alexander, Blaze","R","73.071904088",34.271473952850705,7.180763397178936,4.786306952763338,0.37837837837837834,-2.982247637376286,24.084602611982614,27.066850249358897,29.870664768609082,296
665966,"Narváez, Carlos","R","73.058402593",31.937319810884812,10.744762349259394,5.133397771386476,0.40740740740740744,-0.6790513199121739,27.861902252226685,28.540953572138857,29.598268911761846,27
664238,"Moore, Dylan","R","73.045319894",31.36325453961734,9.472920665492694,-8.426888476613776,0.6200607902735563,7.4238192426997935,31.53764729309299,24.113828050393195,28.21726871562071,658
664314,"Florial, Estevan","L","73.00461828",34.54155172346485,12.449365929508303,-3.23096979221293,0.44086021505376344,3.7727711233537002,33.70209853920593,29.929327415852224,26.923965208954268,186
665052,"Conine, Griffin","L","73.000264615",30.76657511705052,10.927871395894698,3.0378120746316295,0.4935897435897435,-5.495759404632289,25.538545249883448,31.03430465451572,29.354652934163834,156
663330,"Jones, Jahmai","R","72.993053269",31.876793279450755,14.234161016910244,-7.816628881154199,0.5384615384615385,6.577187516829978,32.38008591394858,25.8028983971186,29.631303158013345,52
502110,"Martinez, J.D.","R","72.975344005",38.739404417964856,12.549100091938639,-0.12830063792781043,0.4934445768772348,-3.4486448153732114,27.938816015707264,31.38746083108047,31.686552724054252,839
673548,"Suzuki, Seiya","R","72.961616256",30.139838350513646,6.408756917577997,-0.9319795562526748,0.47300469483568075,3.1921637460343457,32.289752235718204,29.09758848968386,29.002155393136867,852
656976,"Smith, Pavin","L","72.958207311",31.309242597132304,11.279418939021905,-3.714302625485577,0.5330188679245282,0.4610624327550211,30.569850191827836,30.108787759072815,28.952144643477272,212
671221,"Waters, Drew","R","72.951237",39.49623509302182,16.1490277514515,-8.551718812352092,0.44999999999999996,11.50339518776135,38.59978411185675,27.0963889240954,22.728563334937686,40
663662,"Cameron, Daz","R","72.928526307",33.33832905679315,1.7526319565997126,-6.172283610195639,0.3006535947712419,4.244517587464973,30.954707002331777,26.7101894148668,27.330514224231802,306
676551,"Hicklen, Brewer","R","72.928493571",24.967160230937754,13.640052684071982,-4.993998423838059,0.5000000000000001,6.862529878305581,35.852425862617686,28.9898959843121,28.708849082767703,14
643265,"Cooper, Garrett","R","72.9252408",42.06982340765895,10.323705477235768,0.984328838547551,0.5085714285714287,-7.033857110257733,27.660065675364006,34.69392278562176,32.25803011886494,175
665804,"Amaya, Miguel","R","72.910135331",31.52821993623302,8.079766461499483,-4.299202870610836,0.5331069609507642,2.3351809553374023,31.52631999697961,29.1911390416422,27.672163004540423,589
647304,"Naylor, Josh","L","72.882070254",29.081918400295237,8.665590608804271,-8.665603123383038,0.4532520325203252,2.9668178329757557,27.219007431598413,24.25218959862267,26.99403523952031,984
680777,"Jeffers, Ryan","R","72.880538256",29.520760294027394,9.486501207927228,-4.060961813227309,0.5419440745672435,3.5341911399582218,30.687813931091288,27.153622791133063,26.94407109276024,751
694388,"Loperfido, Joey","L","72.879241547",38.369676001229145,16.278383673062375,4.725041264873979,0.4422657952069716,-0.23891953770427,25.69409990627864,25.933019443982918,30.867759152097978,459
571745,"Haniger, Mitch","R","72.875906165",32.36684004879778,14.663069890389567,-0.8212689126918453,0.5512422360248447,4.704265433407864,33.34814654693652,28.643881113528646,32.754745747688865,644
669288,"Johnson, Daniel","L","72.87486",39.26306955452591,9.193875036883519,1.9006678642610988,1,-1.193880470021952,28.346990004108243,29.540870474130195,30.332650741067653,1
608701,"Refsnyder, Rob","R","72.843071286",33.20245225021069,12.130945881146255,2.5424416600433934,0.6020408163265306,-3.467872932819465,27.9294051635089,31.397278096328375,29.32935799381113,490
605119,"Anderson, Brian","R","72.801804",34.61571798346598,16.387840363941912,0.5746916276167329,0.4,2.6395307484875583,31.16309498128873,28.52356423280117,30.697080775801133,5
669004,"Melendez, MJ","L","72.801390557",29.072337687636445,9.7874774284803,-3.5569023580860586,0.5390995260663508,0.8878284266543833,29.899130659793613,29.011302233139222,28.112214090680776,844
663616,"Larnach, Trevor","L","72.785203813",40.04571924626491,10.965912946114951,-7.772905143155288,0.381342062193126,5.95679936437628,34.113945707544445,28.157146343168165,25.296716876706572,611
668227,"Arozarena, Randy","R","72.744876328",24.826536370019976,9.424090529794796,-2.061551517875956,0.6960580912863072,14.654026908254894,32.82203176353184,18.16800485527694,24.093748827990755,964
457705,"McCutchen, Andrew","R","72.73770125",33.438630406545954,12.725209887136945,-0.22127869868041633,0.5638020833333331,-5.063036854558801,25.58838850774326,30.651425362302064,28.484749021728547,768
687529,"McCray, Grant","L","72.735368952",35.249822599904924,7.828826406028669,0.16952855589472415,0.38864628820960706,3.3941415879253065,30.465640309044996,27.071498721119696,25.88739600715734,229
644433,"Tromp, Chadwick","R","72.703845875",29.650009381221366,13.201333128040131,-12.061165329844979,0.6,5.9836748361502,37.71730881963219,31.733633983481994,27.212343779286517,80
669374,"Hiura, Keston","R","72.68874587",35.590902089429804,14.051050326967044,9.3046614937318,0.5434782608695652,0.6588368803130806,25.722550098878084,25.063713218565006,29.174428558496338,46
672284,"Kelenic, Jarred","L","72.685177586",32.90048527350396,14.521851149638575,-1.175416624121202,0.5555555555555556,0.4423728559003821,30.215467040087347,29.77309418418696,27.379290056705997,729
657757,"Sheets, Gavin","L","72.671415788",29.44162313770549,6.949687425802636,-6.30333699487318,0.4439140811455847,-1.0990355374393261,29.43990699482987,30.53894253226919,29.330627620252145,838
686555,"Collins, Isaac","R","72.652181935",27.49637494154607,7.533243786000856,-2.4588222201597665,0.5806451612903226,0.8020452615150956,31.86773653936883,31.065691277853734,30.80806532015926,31
657656,"Laureano, Ramón","R","72.651464442",36.82565249575612,17.130956711280312,-1.9202353008904076,0.4499054820415877,3.1399872232951274,32.859927754329654,29.71994053103452,27.30120050143011,529
621458,"Rios, Edwin","L","72.632501176",40.31787582673621,16.164083341123106,-6.458011655773549,0.2941176470588236,14.634227536990108,40.99788501387007,26.363657476879958,28.81346293320683,17
502054,"Pham, Tommy","R","72.631410072",27.836740635714445,7.635372803830932,3.1922469992600515,0.5345821325648414,0.189210527458806,30.490624056438325,30.301413528979516,27.851936451454506,694
663457,"Nootbaar, Lars","L","72.624034026",29.941455767012748,8.24509633040459,0.1598661673038791,0.49536178107606693,-0.43166786094037035,30.40649453505178,30.838162395992146,27.68733530393839,539
669720,"Hays, Austin","R","72.620963818",29.366720008221296,13.58336017701599,-5.056504945164471,0.6441558441558439,21.078617356895744,33.67282190363402,12.594204546738283,30.93185058411932,385
665161,"Peña, Jeremy","R","72.620449883",28.941265550236366,8.59660811135705,-4.966632412822033,0.5554474708171206,-0.5147721257616995,28.12905408355773,28.643826209319432,28.185853814146203,1028
641943,"Palacios, Joshua","L","72.601387295",30.531454011609217,8.94509797870279,-2.430783765663765,0.5245901639344261,1.412840212720293,27.026406306069486,25.61356609334919,31.16330657071029,122
592348,"Goodrum, Niko","R","72.600334286",39.331127611779934,10.619643860393744,-0.6519298144440933,0.4693877551020408,2.9583378210016873,30.554702398008462,27.596364577006785,30.09706897175301,49
592273,"Drury, Brandon","R","72.577043241",31.58828071216679,8.000053839807023,2.7555215381778497,0.5592592592592592,-1.221842283465648,29.643069249424254,30.864911532889902,27.4928105579994,540
677649,"Duran, Ezequiel","R","72.559378337",25.65045371291124,6.383347438117926,1.047368947508546,0.4610526315789474,0.9776793563696329,30.563464222127326,29.585784865757695,25.42582231174196,475
673237,"Diaz, Yainer","R","72.546397312",30.754692029474977,11.216165694956382,3.8872302557196607,0.591992373689228,1.3387040273245092,31.04694706281445,29.708243035489946,28.07972240408254,1049
646240,"Devers, Rafael","L","72.535230803",28.379530353753015,8.254738154847404,7.252536440295743,0.595639246778989,6.953569194822631,28.75936195565242,21.805792760829792,26.761784819057674,1009
641857,"McMahon, Ryan","L","72.521720449",38.101720090380496,8.754056417269537,4.522347665997695,0.4129213483146067,1.3526050025428098,22.561227075723817,21.208622073181004,33.23372112950338,1068
622761,"Mateo, Jorge","R","72.515069771",30.034113858432693,5.905449149403143,-6.391968235368483,0.4584527220630373,-2.5436425645931227,30.787813016117845,33.33145558071097,27.976380735198955,349
680779,"Davis, Henry","R","72.513403687",25.90804641096323,11.4664337746596,-8.591008330071483,0.6312849162011173,-0.9339607315804109,31.71810232967504,32.652063061255454,28.728908831387272,179
502671,"Goldschmidt, Paul","R","72.490914018",32.01621227156679,11.03065398371275,1.9818444587153028,0.5333333333333334,-5.062834065137665,19.917071641761048,24.97990570689871,34.45718668161706,1110
642350,"Siri, Jose","R","72.470020407",32.95703609715774,12.94457074031373,0.9539581357696189,0.5,1.6249751359805777,27.697752982004648,26.072777846024074,29.06546963204557,738
596129,"Vogelbach, Daniel","L","72.457065641",32.34897433087232,11.80584763213804,-3.1714034861411564,0.6282051282051282,2.146712923895001,32.69115726375094,30.544444339855946,29.8167997876615,78
666703,"Rosario, Eguy","R","72.456964795",29.943304678090243,10.0012043451455,-10.692405404338547,0.5068493150684931,3.660347076387268,34.11607213056838,30.45572505418111,24.93323304663735,73
605204,"Davis, J.D.","R","72.455163025",31.438471870553347,7.301142801830673,11.503149504243101,0.5336134453781509,-7.16830146314677,22.92125167152879,30.089553134675576,31.590604990499507,238
694355,"Gentry, Tyler","R","72.4512",26.654171951639853,23.02227786338842,-11.948144228053367,0.3333333333333333,20.85157109443463,37.64333491950474,16.7917638250701,26.49650321234034,9
664774,"Wade Jr., LaMonte","L","72.438940177",32.17143980375092,9.319271424557398,-1.1902836289341119,0.5318021201413425,3.9223571655218965,34.331066532013374,30.40870936649148,24.199763936451482,566
596019,"Lindor, Francisco","R","72.428487966",34.22395877043647,13.023626063821006,-1.470007211513095,0.5600358422939068,3.476300513932956,30.41598948668711,26.93968897275416,26.20754624558454,1116
669224,"Wells, Austin","L","72.426270671",34.45895722241501,10.89479648650717,-2.3007100794160698,0.47813411078717216,-0.9702371930942228,28.86095940104708,29.83119659414131,26.106688008497144,686
665953,"Chaparro, Andrés","R","72.416434263",33.0210558189747,8.41566656769805,-9.503000927945566,0.4103585657370518,3.3534897474806273,32.32235932337027,28.96886957588964,27.156862023606976,251
608596,"Murphy, Tom","R","72.406657826",33.87561943237222,10.48281854015603,0.6593542149950534,0.5,-4.339876300377126,22.0518526989694,26.39172899934653,26.682052618532698,46
642136,"Thaiss, Matt","L","72.385523841",31.211373252352963,10.678380919419618,3.2202440420268696,0.588235294117647,0.16785312994379195,28.937900753311585,28.770047623367795,27.58955022250144,289
656811,"O'Hearn, Ryan","L","72.374679478",31.500444692963644,8.966894180004113,0.30225272964951994,0.43821656050955415,0.41064407992887375,27.018654824832776,26.608010744903897,30.03767976773228,785
666135,"Kirilloff, Alex","L","72.372783358",33.6177385427441,15.59489697475062,2.8192210243293094,0.5223880597014925,-1.0041772448772048,26.79108585427619,27.795263099153395,28.181377584884586,268
680728,"Del Castillo, Adrian","L","72.372333221",35.42133875187034,13.118677674599887,-0.2973762342257242,0.4429530201342282,1.41486072316709,33.89307285750386,32.47821213433676,28.939562846195756,149
665923,"Ruiz, Esteury","R","72.369974457",35.352941421589534,15.463609402932693,-5.123337141365662,0.4782608695652174,2.0286009952170407,30.66346746712595,28.634866471908914,28.807458002656606,92
686527,"Canzone, Dominic","L","72.361831481",34.51561183770043,16.1791148246258,-3.866588095869646,0.484848484848485,5.554024307893829,38.58719481993747,33.03317051204364,28.472437491610616,297
608336,"Gallo, Joey","L","72.361776475",31.611686665372634,16.909473526183735,-11.525723469095883,0.5099999999999999,13.75001113777399,40.00888543379658,26.258874296022604,27.70592164206985,400
516782,"Marte, Starling","R","72.355358873",35.996429848665066,8.337166422584366,1.43372169512853,0.4766031195840555,5.742621692854092,22.963788108990226,17.221166416136136,28.46962604267617,577
594807,"Duvall, Adam","R","72.355137553",31.91699780206299,15.62206800036102,-9.893310161774895,0.5831739961759083,7.602791103176985,34.07855121321556,26.475760110038575,27.68898078328066,523
664023,"Happ, Ian","R","72.353144332",32.63880649382482,9.73492596781881,-3.8944704953370213,0.4407096171802053,4.58759265459203,33.33414768241479,28.746555027822748,29.076485498150582,1071
682988,"Locklear, Tyler","R","72.342834719",37.37590384763566,10.746181633333794,2.277611575495686,0.44943820224719117,6.479940390193617,23.842290396516415,17.362350006322796,31.13671842880327,89
676116,"Noda, Ryan","L","72.304341143",34.81587590678075,19.68500242115198,-5.30880942942974,0.44285714285714284,7.333531796437144,31.753814085733875,24.420282289296722,27.390224155095336,140
695257,"Cook, Billy","R","72.303046632",29.590097416432013,11.421083978969323,-6.068944310574154,0.7052631578947369,6.288477595117021,31.233914604234577,24.945437009117544,25.935086193303462,95
608369,"Seager, Corey","L","72.28371272",33.953522024124446,12.345476489433524,-0.6799431498803933,0.5134146341463415,6.934626007392022,33.54567127303086,26.61104526563883,27.485151725175758,820
642215,"Wilson, Weston","R","72.267573867",33.90525341283848,12.88284279658016,-0.7556118795286513,0.5066666666666667,2.975812131088102,28.371361508758778,25.395549377670672,28.22650177713241,150
686611,"Crews, Dylan","R","72.256382048",27.038903452264336,9.749947155676425,-2.931514264121355,0.5190476190476191,-2.253453936635783,29.673820395409916,31.927274332045698,27.38487151088314,210
666915,"Dalbec, Bobby","R","72.253034359",36.21810295775997,13.038330722560264,4.557367694067972,0.3461538461538461,4.093191912830824,32.201375403595314,28.108183490764496,28.417002688389577,156
682928,"Abrams, CJ","L","72.244802256",28.980753147408862,12.37949879634336,-2.987193411158279,0.6191406249999999,4.1090346641311335,31.12264446174916,27.013609797618013,30.164371701444505,1024
664761,"Bohm, Alec","R","72.241152671",30.77419362705608,6.353389511187987,2.5545192874141156,0.5084175084175083,3.497001408581771,28.56780567660982,25.070804268028045,28.83845498996625,891
553993,"Suárez, Eugenio","R","72.206414663",38.58348933436143,17.520363694609475,-3.807145433681193,0.502439024390244,8.857969825369725,32.82244265564369,23.964472830273948,24.818451400194405,1025
701538,"Merrill, Jackson","L","72.182788066",37.441291885994964,6.2494683770015245,0.780279805532938,0.4187620889748549,-1.0110373691866235,26.020860093353242,27.031897462539863,27.727236394940125,1034
663656,"Tucker, Kyle","L","72.170466289",36.010437246246205,10.479044015800751,-5.938225540364092,0.4600000000000001,-3.761687249955687,25.647496289929148,29.409183539884836,30.128936767585206,450
572138,"Singleton, Jon","L","72.135075565",30.001216559323904,11.025039562393822,-11.549247589214911,0.5860869565217391,3.8928414434450773,33.31388507920492,29.42104363575985,29.619978053866173,575
675659,"Jones, Greg","L","72.132850769",36.60330539967961,9.886213486180946,8.167944384765143,0.38461538461538464,9.748203145179438,28.911961384554655,19.163758239375213,28.46026013351442,13
663647,"Hayes, Ke'Bryan","R","72.111985187",25.663187055304054,2.036304628825222,2.884194815824089,0.34831460674157294,2.0013519205850434,33.679906922042875,31.678555001457816,26.46487159946478,534
686894,"Wiemer, Joey","R","72.10015475",27.471993165846445,12.297449646354664,-9.182573111216167,0.6499999999999998,10.617524708369446,37.36634064645417,26.74881593808473,29.433312204593616,40
677347,"Paris, Kyren","R","72.099495517",31.046456022932798,2.9630241470888525,8.626462800077128,0.2988505747126437,-10.990169682694765,22.19851284621054,33.18868252890531,26.626119097054026,87
656582,"Joe, Connor","R","72.093178376",30.77572998355747,8.544480144065043,-8.723491853425942,0.49914529914529915,1.4955075140875178,35.82817752220253,34.332670008115,27.310760862043576,585
666181,"Benson, Will","L","72.081767569",33.55442018379364,15.995866489242585,-6.773453992252177,0.5400000000000003,0.9511143687293885,27.28477095908596,26.333656590356572,31.324200437574873,650
682868,"Ramos, Bryan","R","72.046100311",27.63724751172867,7.311793727839807,-3.3957693224290457,0.6024844720496894,-2.7665081393535353,24.441065710006544,27.207573849360084,28.897507493919193,161
657557,"DeJong, Paul","R","72.040205192",34.95612475979106,16.024571577863842,-1.6785750243943671,0.5662393162393162,4.8743119222438995,32.179391417173164,27.30507949492927,27.209013815605175,936
622534,"Margot, Manuel","R","72.025574117",27.761782885542328,6.203462410699022,-1.0973351828487996,0.4863387978142077,5.914990063926895,32.073053878010136,26.15806381408324,26.77728935151267,549
657136,"Wong, Connor","R","72.013196338",33.24913206961324,12.477989220933052,-1.3072525703124276,0.5170316301703162,5.941617925837158,33.21100473166044,27.26938680582328,27.58404521972209,822
673962,"Jung, Josh","R","72.012457929",36.809898292898225,13.177242963006776,-0.11359964453855739,0.6035714285714284,12.685625853277818,34.08761698580962,21.401991132531816,25.761161394892166,280
686780,"Pagés, Pedro","R","71.954990559",30.9945629125815,5.742766152712841,1.502615989563991,0.3803191489361702,3.4459090750779913,31.98945602648903,28.54354695141104,29.071119061857736,376
666969,"García, Adolis","R","71.950524412",29.28611016747567,10.47384202832868,-2.643332149082831,0.582278481012658,4.241481203710756,32.75343414777149,28.511952944060745,26.296830472346574,1106
665862,"Chisholm Jr., Jazz","L","71.9478004",34.85472080935197,14.12186335433143,-2.1066154198562037,0.5227272727272726,5.876982720073941,28.316294732396376,22.439312012322432,25.465897402860506,924
605170,"Caratini, Victor","R","71.937840284",35.8460874851395,9.369024505733945,-1.079430105931823,0.47867298578199047,3.6914556235572826,36.114910983993646,32.42345536043636,24.5031912799655,422
641487,"Crawford, J.P.","L","71.92572616",36.82880254860898,7.752473504084313,-1.5495955037696636,0.41321044546851,2.688561565459306,38.11662713576221,35.42806557030287,25.351731950554164,651
596103,"Slater, Austin","R","71.914898261",38.77994453237921,11.904987952102562,9.069945571987613,0.45150501672240795,1.0544085603566862,29.5088039477005,28.454395387343805,25.270563514602813,299
543807,"Springer, George","R","71.910109103",33.83748635776063,10.830029512234375,0.961542210953115,0.5221518987341773,-3.476475755600465,21.584262935692255,25.060738691292713,28.06636053387516,948
673995,"Wendzel, Davis","R","71.895345256",32.69097578352202,13.188184587272916,-10.546493733214072,0.4615384615384616,11.449068909130801,38.25555112314852,26.80648221401773,25.633163520625683,78
542194,"Bethancourt, Christian","R","71.885548056",26.787665146017854,10.111062256285376,-4.518819707446845,0.5595238095238096,9.934076645148867,30.18818162529161,20.254104980142724,28.750854286513356,252
592206,"Castellanos, Nick","R","71.872110096",38.93072196883577,12.743514832578944,-5.168046715455142,0.4720279720279721,2.382391971494329,31.000575810009913,28.618183838515584,27.678769136658456,1144
669016,"Marsh, Brandon","L","71.861803219",39.75622177649189,10.191456406630158,0.6629655042464478,0.4163090128755364,1.2965716831945417,28.120656109008216,26.82408442581368,29.717870580525968,699
666397,"Julien, Edouard","L","71.859859294",44.23231405901209,16.60894866158358,8.90081753315536,0.4476885644768856,0.6791906813090944,28.387936476467697,27.708745795158602,27.317917855181673,411
658668,"Olivares, Edward","R","71.830535526",27.393244150120065,8.44884379167755,-2.1961879686845465,0.5888157894736843,-0.3102634748715366,29.72912908444891,30.039392559320447,25.485692808628727,304
694377,"Yorke, Nick","R","71.830305224",34.47531639402157,3.9193236067224673,7.515430930925201,0.3731343283582089,-7.562552310526728,23.34293915321795,30.90549146374469,26.03226167390135,67
668901,"Vientos, Mark","R","71.824719895",32.15646026572619,15.529800578712821,1.3513087754447248,0.5742444152431013,2.637339335727779,29.777315563862484,27.139976228134703,29.74962273180145,761
700932,"Manzardo, Kyle","L","71.81512097",37.10017474663298,17.20101718703134,-5.285349317258265,0.46641791044776126,10.185378379762478,34.17484245880457,23.989464079042094,29.60402434567622,268
641584,"Fraley, Jake","L","71.807234508",38.15361391645156,8.276494206013709,-6.569589999526079,0.37065052950075644,1.2445280141564212,30.144441906219207,28.899913892062788,27.558344106305128,661
650559,"De La Cruz, Bryan","R","71.785479553",38.07654010443129,13.378110429526163,1.0969768963307225,0.528424976700839,0.6125050900325012,28.31908289542785,27.706577805395344,27.290708319721915,1073
542932,"Berti, Jon","R","71.783646848",27.942718578954423,3.595154131078189,5.863466883781051,0.3695652173913044,-8.697955901530621,24.21353196542983,32.91148786696045,28.09367810043988,92
467793,"Santana, Carlos","R","71.760669215",27.12704771571403,11.81736891047222,-5.0408266259111745,0.6334080717488788,8.172307992810198,34.479484908138645,26.307176915328448,27.277198434652,892
543309,"Higashioka, Kyle","R","71.755267773",32.28802420967593,13.203842109067974,-9.325061534195667,0.6161137440758293,1.419766228233269,31.825432001934793,30.405665773701514,22.96829912529076,422
672820,"Sosa, Lenyn","R","71.749813629",33.62746769623928,8.079424988469246,3.636425375004064,0.4890965732087228,-1.470139202981711,28.551552630783274,30.021691833764987,27.585726357141848,642
668731,"Baddoo, Akil","L","71.742088409",30.50181455953397,15.584317054038038,-4.270886714136057,0.5075757575757577,0.03556343367085185,29.365544229601774,29.329980795930922,30.12298313414139,132
665506,"Pache, Cristian","R","71.738654098",30.97047381739471,9.893316700832482,0.03537033629095043,0.5606557377049181,-0.45164252365640406,28.319077047997176,28.7707195716536,27.70094771178185,305
623912,"Ramírez, Harold","R","71.735663342",35.34945547974938,0.7759879580047585,1.185072761496915,0.2423469387755103,-3.366740682638304,26.739457914181777,30.106198596820068,29.173615895129217,392
621020,"Swanson, Dansby","R","71.734416034",35.17100522310648,14.838252061233394,0.15242302340337338,0.5590312815338043,-1.6107618232016188,30.61036058366917,32.2211224068708,27.440851292493594,991
668709,"Bleday, JJ","L","71.727744912",29.46213414939969,10.621510798612427,-8.316398410153496,0.5411030176899063,4.357324101676888,31.812706799754487,27.45538269807759,31.2328005678271,961
671289,"Freeman, Tyler","R","71.723336069",34.95019849613595,4.125225797637353,-4.668573627262706,0.38358778625954193,0.16078004473770013,31.322296508243785,31.16151646350608,27.091673228528602,524
663898,"Rodgers, Brendan","R","71.721874327",31.88855976784049,4.989966474043661,-2.347421427006629,0.39900249376558594,5.1944978248432605,33.32012943349525,28.125631608651997,28.604826465237824,802
686469,"Pasquantino, Vinnie","L","71.714453578",30.061067106547693,9.609168462842494,-6.963525380454551,0.5791284403669726,3.4870896077289597,30.506969489845194,27.019879882116243,30.205130646761546,872
657041,"Thomas, Lane","R","71.690386305",29.295091006683062,9.018676821515802,-2.604907055554946,0.6007751937984495,4.145472860793208,27.857052674883395,23.711579814090182,27.791519040998114,774
595777,"Profar, Jurickson","R","71.684922772",32.53971354624664,8.891041929093776,-3.035501927767953,0.504106776180698,1.0348274972777962,31.271872570188776,30.23704507291098,26.366893922207613,974
663697,"India, Jonathan","R","71.674284398",29.393538222531877,8.088176741050399,-0.895937840635478,0.4843373493975903,-0.4475549907629722,29.407058443547683,29.854613434310664,27.462129709192524,830
682641,"Matos, Luis","R","71.66611749",25.313167459709433,5.48766218591869,-11.350890937435999,0.5378486055776894,5.274501451185161,33.82861753310487,28.55411608191971,22.483649674184324,251
571771,"Hernández, Enrique","R","71.657316244",28.347088768002855,7.6499548634865615,-1.9002941387134442,0.4895666131621188,3.577559055466548,30.79422061931307,27.21666156384652,29.249048965800462,623
671277,"García Jr., Luis","L","71.655339605",28.962607025037364,9.960160872039264,1.5912544280507739,0.6111111111111112,2.4877124000525788,30.674941115485623,28.18722871543304,29.468600091129534,810
693307,"Dingler, Dillon","R","71.635736543",40.6352020482289,12.903769167648372,0.3920656880509527,0.48148148148148145,0.8791098683570928,26.694014548673675,25.81490468031658,27.314496590693015,162
694362,"Dunn, Blake","R","71.634553182",39.90136006917531,13.911439470904634,-7.645317562850442,0.3863636363636364,7.084031763776986,37.722182286185856,30.638150522408868,28.419694277189656,44
680869,"Gelof, Zack","R","71.624308638",33.65989991183604,16.36017328434561,0.8363206276309555,0.5479910714285716,5.328874094119562,27.739761664034464,22.4108875699149,28.266328036675045,896
676632,"Madris, Bligh","L","71.609451983",38.60648294189734,11.992092460916897,-8.531232878551792,0.4132231404958678,2.067089876190877,31.1919222341592,29.12483235796832,27.00612281393563,121
607208,"Turner, Trea","R","71.603240729",29.03925742846631,11.042655027167733,-5.449941204008177,0.614364640883978,3.91732381778052,31.592862090898848,27.675538273118338,27.442430876224087,905
669477,"Schmitt, Casey","R","71.593602156",34.21387531326638,10.549990271804369,-9.445163509795917,0.4550898203592815,3.8877740328992596,33.340954783203,29.453180750303755,22.767273687147284,167
609280,"Andujar, Miguel","R","71.572614455",25.745336438343934,5.750875623485984,-3.00876715624129,0.5755258126195029,4.080590452025804,32.7145736027566,28.633983150730796,30.616198723774673,523
668715,"Steer, Spencer","R","71.560887586",28.738857069552353,9.252178269142933,-5.641364265344397,0.5303030303030304,4.665996648005471,32.53573162032719,27.869734972321716,26.151779512252602,990
676679,"Vázquez, Luis","R","71.558161538",29.663762520048444,10.09635321386318,5.171632300421993,0.576923076923077,-0.5992964048492895,28.092932276856057,28.692228681705352,28.83007702234339,26
608070,"Ramírez, José","R","71.552395556",30.65686512177221,9.920951892087313,-9.644530511144225,0.6375661375661376,3.4401955759610368,32.470004791483554,29.029809215522526,22.512998766138853,1134
668804,"Reynolds, Bryan","R","71.551143931",37.98220054725726,12.668219622394997,0.44705400968988845,0.4652650822669105,2.255673738968218,28.850183338509005,26.594509599540782,27.533388989413194,1094
621466,"Stewart, DJ","L","71.547448902",25.372416421055593,10.150725778954351,-3.133305545660551,0.6313725490196077,2.049473682531661,29.316148415639425,27.266674733107767,29.22288272292594,255
681481,"Carpenter, Kerry","L","71.510235791",34.55428690437149,17.739563719295344,1.1096855374916488,0.49572649572649585,-7.50580310167513,24.814442049015327,32.32024515069046,30.241268994710786,468
444482,"Peralta, David","L","71.445843004",30.971873448817444,5.945110489462015,-1.757439427845268,0.41704035874439466,-1.620151498056625,26.800637536907885,28.420789034964514,27.831362068046904,446
620443,"Torrens, Luis","R","71.438885124",29.811987861803424,11.436716248193088,0.3272594417307738,0.6268656716417909,0.16941361720630288,28.34527576210964,28.175862144903334,28.507632516796793,201
686676,"Lee, Korey","R","71.41358861",29.31689157199761,9.563678858957394,-0.7212687209102142,0.509536784741144,4.199074403080388,32.471383164379816,28.27230876129942,28.00353774977924,734
518595,"d'Arnaud, Travis","R","71.392317556",32.25849003709465,12.816078763499782,1.0724112527014973,0.5708955223880595,-0.6340238438599017,30.885241912423066,31.51926575628297,29.494001831386797,536
700250,"Rice, Ben","L","71.391355254",32.7595901520887,12.225632935743587,-4.883064782710838,0.5661016949152542,-2.8520307754301157,27.388884267610592,30.2409150430407,29.731605810072512,295
596146,"Kepler, Max","L","71.379963056",31.054923120362847,7.134422640106973,-8.801472779202207,0.44065281899109804,-0.7160478082557609,33.67590784000185,34.39195564825762,29.795020091638534,674
687597,"Beck, Jordan","R","71.362378285",32.5954175153321,10.508485186333434,-1.4161352920313313,0.553398058252427,6.543314959582476,28.576930745443683,22.03361578586121,32.450969818864344,309
608324,"Bregman, Alex","R","71.334739294",28.45591071267262,12.190649877561569,-2.9252761908108096,0.6865342163355411,1.0338566593010408,30.367301737087114,29.333445077786077,26.516144052133246,906
663743,"Fortes, Nick","R","71.32383706",20.312420627142615,2.063467489887463,-5.26781653928124,0.32516703786191536,-0.9082011365174051,30.211123383178045,31.119324519695454,27.345208755167636,449
678662,"Tovar, Ezequiel","R","71.322896137",35.95823824405719,10.490658261548889,-2.3043377013883113,0.4797507788161993,2.1651358348997762,29.27301335460453,27.10787751970475,24.763402851545703,1284
571970,"Muncy, Max","L","71.300556705",35.007084198024565,18.196222446455103,-4.9223700767770096,0.4441260744985674,10.52492873808611,37.12273235052379,26.59780361243769,29.173909152969777,349
691182,"Amador, Adael","R","71.296798197",31.036881210201685,9.511210121201628,-5.2778925223946,0.5573770491803278,3.340122704041872,33.4167548482527,30.07663214421083,26.50473769189569,61
642020,"Robinson, Chuckie","R","71.295413741",28.262720303263556,5.752820637431236,12.364447921609448,0.5102040816326532,-6.594133863799517,21.55759554722867,28.151729411028185,27.990285981389263,147
672275,"Bailey, Patrick","R","71.293826419",33.71430439729439,7.681676927563227,-0.8439253485801634,0.4090909090909091,1.3298459132610172,28.51584099016216,27.18599507690116,28.978269262480946,726
690993,"Keith, Colt","L","71.287968532",33.01982019465387,8.46263689896532,0.08752262970424424,0.45346062052505975,3.4485853779838336,29.57441404210732,26.12582866412348,29.37023722389508,838
687952,"Encarnacion-Strand, Christian","R","71.271433054",38.08277365289548,15.414682709657619,-0.711553093180406,0.5868263473053892,1.0079731505226783,31.485194879006137,30.477221728483464,28.534081334884014,167
665750,"Taveras, Leody","R","71.259393067",32.379008256610334,6.986259733032916,-5.183241350551644,0.37807881773399016,2.183246147702279,32.220608882211074,30.037362734508783,27.757322333532557,812
679032,"Rojas, Johan","R","71.258938469",19.99859290385606,4.53306627624901,-0.8289820749124979,0.4806201550387598,3.769063226774938,29.90167465116751,26.13261142439257,24.886882754054245,516
606992,"Haase, Eric","R","71.23905525",33.03930532707927,13.502692565365924,-0.4070408496874677,0.6166666666666667,4.445586518809605,29.56187032131401,25.116283802504405,29.92056415882555,120
666158,"Lux, Gavin","L","71.236619495",33.16858873954793,10.111454306553822,3.7546771769570433,0.48021828103683495,-0.9975772961016308,32.568393621918965,33.56597091802059,27.433970896733168,733
666165,"Sabol, Blake","L","71.230168276",36.16640659075469,12.736147551532492,-0.06705135764400111,0.6206896551724139,8.077466542112932,34.0692576351508,25.991791093037865,28.55305815004973,58
677588,"Tena, José","L","71.21878406",36.15088921203486,7.678013879999685,-0.8537221423365675,0.38255033557046975,2.84670322045147,35.40229296530355,32.555589744852085,26.28836684743763,298
667472,"Myers, Dane","R","71.213997848",30.455191078578185,8.511836235582132,5.2529920558597825,0.481012658227848,-2.8717058341065873,28.899950150973286,31.771655985079867,27.014387987907767,158
605346,"López, Jack","R","71.212711838",32.73604809594674,9.163647816715871,-0.8091493588834303,0.4044117647058823,2.090721911318019,30.554334915593405,28.463613004275395,30.006279031616995,136
702616,"Holliday, Jackson","L","71.210956844",31.08379367439167,9.02990526134081,4.521718812061861,0.5457227138643066,-0.2558877384865281,26.632637383420526,26.888525121907055,27.208692826930776,339
656555,"Hoskins, Rhys","R","71.206196716",32.6745058390518,15.749791057533708,-5.614900716504095,0.5808457711442785,1.1269113951477165,33.48514878980552,32.3582373946578,27.422975835725357,804
641598,"Garver, Mitch","R","71.196268391",29.384581497306538,14.254316525940338,-8.002215079986241,0.6617405582922824,7.2274059960992565,34.642984731647,27.415578735547747,27.1057648641251,609
676475,"Burleson, Alec","L","71.194010926",33.42830797175971,9.641642888950368,1.3832768367013109,0.5492957746478875,-5.804891369428159,29.599277609047412,35.40416897847559,21.92997378989589,994
664056,"Bader, Harrison","R","71.168631211",25.127805250355735,11.335279815174525,-5.465868325011454,0.5403726708074534,7.551366897884409,33.559014640752714,26.007647742868294,27.56589492321991,644
681460,"Baldwin, Brooks","R","71.164620047",30.84927308725789,12.346458832865233,-0.26640617504430053,0.635514018691589,4.993679966500289,34.24923860252451,29.25555863602422,28.746597668007222,214
642708,"Rosario, Amed","R","71.164173986",27.39419941172961,5.676848903891671,0.29798873317914737,0.4775583482944344,4.060875754173406,28.171659580078472,24.110783825905067,28.528249251581073,557
656248,"Bouchard, Sean","R","71.1062974",37.31496002882892,12.946966897462246,-0.6830715679374039,0.5266666666666667,3.531503215332603,31.476934625078673,27.94543140974607,25.538446526859186,150
663837,"Vierling, Matt","R","71.084462657",29.58716179224145,6.5268565951246815,0.8952575676812203,0.5081585081585082,-7.293496583591652,29.871997709847598,37.165494293439245,27.874470899676183,858
693304,"Gonzales, Nick","R","71.074206048",32.6029960289998,11.833177843266483,-0.3415070231236038,0.5646359583952453,3.123265903542204,34.21211947344608,31.088853569903865,26.684426427151262,673
676572,"Wagaman, Eric","R","71.063576364",29.524038415601787,2.531289737724483,5.624247430085009,0.34545454545454546,-2.701340404735728,25.143249079075503,27.844589483811234,27.041180643774112,110
664034,"France, Ty","R","71.0336115",34.61174466418749,13.948652570263226,5.332061349531489,0.525,-2.1246648986347467,27.46505339775484,29.589718296389588,26.616135703333853,880
676059,"Westburg, Jordan","R","71.030642646",30.267208758238947,10.746082234972263,-3.338563857494135,0.6461988304093564,9.26732827065252,32.812800498210365,23.54547222755786,31.226094801070637,684
642201,"White, Eli","R","71.027810746",34.180441391284674,9.177403836514136,4.564882242232132,0.4925373134328359,0.9990408081801422,27.620080344080638,26.62103953590049,31.669500713657925,67
669304,"Miranda, Jose F","R","71.014435361",25.902460658143955,11.739912569599403,-6.029717410037192,0.684971098265896,6.204882569212645,35.25557310730218,29.050690538089547,30.221027798872793,692
694497,"Carter, Evan","L","70.991386611",28.636491403122207,5.758728648554943,-6.651194347345259,0.47777777777777775,4.653241804687865,33.81016753213222,29.156925727444342,23.13479096140884,180
613564,"Vosler, Jason","L","70.989693396",37.800164784251194,18.866949029182802,-10.001635826908565,0.43396226415094336,-0.541133847368402,32.53982816946466,33.08096201683307,31.66002735029681,53
656775,"Mullins, Cedric","L","70.988298319",29.31061225248513,10.493564761399824,-3.715673132158242,0.6061349693251532,-2.5797566329813995,27.841495316130644,30.421251949112044,25.36753560674445,815
605244,"Garcia, Aramis","R","70.976894706",33.44623072129974,15.171081652393918,-2.9429548874923404,0.8235294117647056,2.8165223296899145,30.185385964831283,27.36886363514137,28.53706104314907,17
687263,"Neto, Zach","R","70.975951607",33.429220743903684,14.559074993590599,-6.1344233851663725,0.5646036916395224,11.947038970504094,34.29839466758298,22.351355697078894,22.141586167324462,921
642731,"Estrada, Thairo","R","70.960748015",30.29654988377315,11.080665208019623,-4.807262276169978,0.6103896103896104,8.247775003796939,35.5958856814117,27.348110677614777,25.24453467815822,539
573262,"Yastrzemski, Mike","L","70.94695535",31.19315492790233,12.398259822005564,-1.617407434060518,0.6618229854689562,1.9286879626878302,30.028846228104143,28.10015826541632,24.213310406204005,757
807799,"Yoshida, Masataka","L","70.944681438",33.067884683537194,6.800812471911896,0.5905284053591886,0.44793388429752057,-2.229433420402061,28.778179891934602,31.007613312336662,24.017580092844003,605
455117,"Maldonado, Martín","R","70.9444615",30.387849548825262,15.028442266513954,-7.582097115627388,0.590909090909091,9.84089727194654,35.67285849273503,25.831961220788518,29.127935799099642,220
686668,"Doyle, Brenton","R","70.933178103",31.327418137737304,12.733844012407154,0.06502402564127113,0.6455834242093784,0.9033970459549414,25.91964247807867,25.016245432123725,28.45082603482811,917
663604,"Lockridge, Brandon","R","70.925460476",31.373056251135836,4.3527312720043305,-1.1720147873155966,0.28571428571428575,6.179640641595354,32.298278263614804,26.118637622019442,27.03151618757358,21
677008,"Kjerstad, Heston","L","70.9029804",37.79478305184691,12.43174020367765,1.0568601347007653,0.49000000000000005,-1.2176756004353368,28.34118624206822,29.558861842503546,27.87603374256179,200
677950,"Thomas, Alek","L","70.895792868",29.245796375882716,10.791974369246304,-0.2918937311622432,0.6176470588235295,6.396944287461635,33.90753972607711,27.510595438615493,29.254792141203023,136
606115,"Arcia, Orlando","R","70.882941183",25.380301545440375,8.353525366746664,-3.0157650068882873,0.626865671641791,1.982338020547919,29.853488687080002,27.871150666532095,26.72387776346554,938
686681,"Massey, Michael","L","70.874809542",32.45852526944847,12.858924966507544,-6.987066535359715,0.6186579378068742,6.0180660897758855,32.63318255737637,26.615116467600494,27.8749394199421,611
663886,"Stephenson, Tyler","R","70.84533018",36.687303383394905,10.95859092756929,1.8795218370905957,0.5248618784530389,1.0105540170388427,27.523098995189045,26.512544978150203,30.855548363747065,724
676801,"McCormick, Chas","R","70.84067323",37.44028355963876,18.985639749359777,7.4848303553186835,0.4228028503562945,4.47251021279729,24.71696700606908,20.24445679327179,35.436728777365076,421
676356,"DeLuca, Jonny","R","70.838766252",26.990506249757484,8.273010420529545,-8.019147175342507,0.6012759170653909,5.61053143474404,34.004451962201145,28.393920527457116,25.966896435115654,627
621512,"Nido, Tomás","R","70.829820458",32.70511504039125,15.41513409526367,2.614602698427296,0.5648854961832062,-0.07738131294888774,27.54897792765596,27.626359240604845,32.050934383747666,262
683734,"Vaughn, Andrew","R","70.779219297",28.635641985391935,9.729286677562841,-4.72117114809609,0.5743380855397149,1.2397344255061076,31.764295342562352,30.524560917056238,29.73185675501686,982
666023,"Fermin, Freddy","R","70.77158771",34.75281967184051,10.463362057308249,-5.650693017906741,0.5306451612903228,4.489783039386246,33.39864186287608,28.908858823489826,25.033941852955945,620
672580,"Garcia, Maikel","R","70.761560318",28.272563715675386,4.5852077611873145,4.635618787795431,0.4563679245283019,2.8431255024704836,33.17449135531744,30.33136585284696,26.10130869085835,848
664728,"Isbel, Kyle","L","70.75388727",25.34290103889186,3.8123508317078043,-4.102894429370897,0.4276315789473684,4.324102413185218,31.471404974288763,27.14730256110354,27.46927656077532,608
571448,"Arenado, Nolan","R","70.749732157",33.32374811630274,11.263576270871667,-7.371452791011169,0.5584944048830112,4.906561500411843,33.53248040457974,28.625918904167882,28.695141032656462,983
543510,"McCann, James","R","70.744184609",38.50832060607923,10.041265581146082,-1.053054887506199,0.46093750000000006,9.908093311001519,36.48426380979955,26.576170498798035,26.00155985749794,384
666134,"Jones, Nolan","L","70.743552768",37.01065472495513,5.594878048073516,3.9697151494512917,0.36159600997506236,4.339072657218789,30.34470157082288,26.00562891360409,27.934754067903075,401
682177,"Schneemann, Daniel","L","70.739646818",33.852859547576294,13.247326270616716,1.7659781641160823,0.537878787878788,4.587439895071279,33.44121161305909,28.853771717987833,26.38308100188304,396
668670,"Rogers, Jake","R","70.737642724",33.08600941761683,18.553305388692195,0.36471900800322243,0.5506958250497018,8.90027239483982,32.833583739813704,23.933311344973877,26.204078467685235,503
667452,"Julks, Corey","R","70.687337389",34.33567803451502,9.127518266208995,-3.9735386407410234,0.5636942675159233,4.9624492566684655,36.26321601081063,31.300766754142167,29.99573039437129,314
672640,"Lopez, Otto","R","70.68467892",30.629008134271064,6.0399311146221235,1.8291456461978453,0.4817518248175183,-0.022412927646512485,29.19976674743463,29.222179675081126,27.891634181044964,685
593428,"Bogaerts, Xander","R","70.681860343",31.601195445873596,10.200699807246806,-2.811549397958428,0.5389408099688473,17.335216906514873,33.153748532597135,15.818531626082267,29.563030032670675,642
681351,"O'Hoppe, Logan","R","70.67480215",33.86303277599138,15.12417572974464,-2.4459244384992616,0.5432242990654205,10.072201954798077,35.119324528077996,25.04712257327991,26.882671249880374,856
650489,"Castro, Willi","R","70.643351091",37.10760141744024,9.127659072477785,-5.94470747630576,0.45921173235563695,3.305898172595945,33.193692880006594,29.88779470741065,23.372474686683205,1091
672515,"Moreno, Gabriel","R","70.640748205",33.92337823354206,6.895901425280341,6.809833441680457,0.437869822485207,0.75765827627163,29.86922212619756,29.11156384992594,27.531239650080405,507
669208,"Bliss, Ryan","R","70.638198929",31.15732397459524,15.331000780306686,-1.9975947334959834,0.6517857142857142,2.3858600467953153,29.62877909479518,27.24291904799986,25.740941885094234,112
657193,"Alvarez, Eddy","L","70.620058421",34.99832678418124,16.403254679950876,-8.760852318260872,0.5263157894736842,9.552635952725097,35.30252939084278,25.749893438117684,25.52058040116929,19
808982,"Lee, Jung Hoo","L","70.601446183",37.634251195401816,6.453251560571677,-5.539627250371442,0.41935483870967755,7.382524645346254,32.7066418981984,25.324117252852137,22.71323806501394,186
666310,"Naylor, Bo","L","70.593983874",30.47164630078292,12.607587228359508,-5.172706077883719,0.5022970903522206,6.175361334930542,33.6413512477295,27.46598991279896,29.096015616930536,653
682729,"Clase, Jonatan","R","70.579304685",35.40255712588607,10.94176301579165,-2.2409612508458934,0.5225225225225225,2.113586457527279,30.974923631124195,28.861337173596908,26.40196869722021,111
691718,"Crow-Armstrong, Pete","L","70.574327393",35.27623000517183,14.30787834790743,0.18995223014698479,0.4772413793103448,4.12634942657887,32.77707370843959,28.650724281860708,26.067441096531176,725
666971,"Gurriel Jr., Lourdes","R","70.566873773",35.80791976569843,8.489969063335858,-4.108320375476437,0.48310810810810806,0.13063373782327473,29.154498787018813,29.023865049195543,25.682591848250134,888
543063,"Crawford, Brandon","L","70.56595413",32.991901753086225,11.2995903707614,2.3325551705884413,0.5942028985507247,2.496571465985535,32.14037025041112,29.643798784425577,26.235496700224417,138
682073,"Hensley, David","R","70.563641067",32.9430529840907,6.706938731964774,5.011287194855101,0.49333333333333346,10.216932970747937,31.022125527903814,20.805192557155873,29.638050830207323,75
665019,"Clemens, Kody","L","70.548072837",30.009478564051438,11.872564467423523,-0.8731538963608009,0.6490384615384616,0.7246147710063121,32.623850075422425,31.899235304416123,26.989835052562672,208
690291,"Jung, Jace","L","70.538479474",33.00685375293342,10.134808549196167,3.967267069896464,0.4276315789473684,-2.6820750956950157,28.667827116215364,31.349902211910376,25.56220868766637,152
681807,"Fry, David","R","70.53802297",32.196225590875855,13.692743392832515,-2.7978970205731373,0.6236391912908242,-2.3708210557692078,26.153019954228185,28.523841009997394,32.45122996287577,643
602104,"Urías, Ramón","R","70.529693478",24.893485597997646,11.010348955657463,3.105006580159017,0.6521739130434782,-1.9801207032029968,28.20005270253382,30.180173405736813,28.551942673561914,483
592325,"Gamel, Ben","L","70.495491846",33.82089675708694,12.106314466847182,-4.965346983351148,0.4076923076923077,0.9267715704898933,33.190794174480544,32.264022603990625,26.89158500069873,130
641779,"Leblanc, Charles","R","70.48931825",41.606183461798054,10.176738458059065,-3.7527060806584926,0.4000000000000001,6.107722400650177,35.3752391818711,29.26751678122093,26.45646905621176,40
666149,"Fitzgerald, Tyler","R","70.487456604",38.127364739844175,17.67303001564937,-4.506818852700451,0.44029850746268656,4.451433802237641,32.41650280467757,27.965069002439925,24.997646401769117,536
660766,"Yepez, Juan","R","70.48030956",30.594799961497785,7.60630991909342,-1.744923471818605,0.5300925925925927,-4.8275112637383115,26.047008607609975,30.874519871348287,25.3754876421807,432
640492,"Azócar, José","R","70.474840308",38.36919279704881,5.8075621035016995,1.0223794376768098,0.4230769230769231,1.6954049373503766,28.61236739564492,26.916962458294552,28.236519994193884,130
669707,"Triolo, Jared","R","70.469103775",39.01480599967119,10.116229965897578,-1.9636703932452086,0.511527377521614,2.715923169013391,29.04462743147552,26.32870426246211,27.822114857755597,694
694359,"Kavadas, Niko","L","70.466167756",40.210928299018995,17.936026174117814,0.4340062760722162,0.5384615384615384,7.63006192260444,36.27234996729452,28.642288044690062,25.876324521986504,156
621438,"Taylor, Tyrone","R","70.464077203",35.37157307210068,11.054514557853777,-6.972065097350848,0.5703839122486288,4.272602499506733,33.39034994791445,29.117747448407716,27.988189923009237,547
678009,"Meadows, Parker","L","70.462760241",31.592294992153946,9.588271523929922,-4.68401722758722,0.5043859649122806,9.274537317466173,35.28985308157738,26.01531576411122,27.98765974606549,456
670770,"Friedl, TJ","L","70.459339057",27.76230314173944,8.995838079818661,-8.923367534374075,0.6184486373165619,10.858887036216974,42.51057111894297,31.651684082725993,25.814189917756774,477
542364,"Ortega, Rafael","L","70.458325909",28.314069005007514,8.317585670608107,-3.8247006966279358,0.5,-2.090116271652146,28.861122926016236,30.951239197668382,26.08888031024708,22
665839,"Valdez, Enmanuel","L","70.437523704",28.842103344047064,10.826966180513505,-5.227477363095256,0.6327160493827161,-2.7315516143662144,28.29196356719648,31.023515181562683,25.24041689077678,324
605137,"Bell, Josh","R","70.435598335",35.14964280355757,9.15059476259376,1.3243965728033449,0.5345016429353779,-6.109686648701332,23.87110900249278,29.980795651194097,27.72239293641553,913
663757,"Grisham, Trent","L","70.435359698",29.872447340678004,16.208713369808315,-1.3272204241440324,0.6528301886792454,-8.243312978337073,25.59570386298478,33.83901684132182,29.096465110000693,265
681508,"Gasper, Mickey","R","70.4298952",31.064612676286153,9.119138797203657,0.12607894232794897,0.52,9.167943993632925,29.414484001223556,20.24654000759063,29.00733241867589,25
666182,"Bichette, Bo","R","70.429193397",37.99819057154587,3.3167398032004116,-0.16366129021597697,0.3186180422264875,-4.568239422548375,24.971902485116427,29.5401419076648,24.170176387245817,521
595281,"Kiermaier, Kevin","L","70.399376894",30.664455071697525,5.490120284495552,-0.7496151573295108,0.40941176470588225,-2.9562345444477343,25.45158312753369,28.407817671981434,29.798732427898823,425
694376,"Whitcomb, Shay","R","70.380682778",28.812619361396084,9.508986487137546,1.5235195585924175,0.6527777777777777,-3.2844755087863504,27.0687359526998,30.35321146148615,28.618695077307837,72
608841,"Meneses, Joey","R","70.367188715",33.085411716627604,8.231044247140371,-0.8527337754315089,0.5117773019271947,-0.21469134031609424,32.981891090191816,33.19658243050794,25.853532575216544,467
681962,"Capra, Vinny","R","70.366333333",34.29348182488749,20.008649874774786,-13.468037163260009,0.4666666666666667,8.865153696912332,35.42488821778229,26.55973452086996,26.02334920921786,15
656537,"Hill, Derek","R","70.361668221",36.38236789867359,15.464028656506985,2.74372587314963,0.4448398576512455,2.8009286819910955,33.05302757450115,30.252098892510066,26.56890961388231,281
518735,"Grandal, Yasmani","R","70.345119422",26.480483378974334,10.401143983881743,0.06291657907923688,0.6595744680851063,4.386712047113851,34.322112634351456,29.935400587237616,26.5355590079991,329
661531,"Serven, Brian","R","70.331945",34.6265312160816,15.918882984565412,0.1296901737045396,0.5588235294117647,9.677087555692676,31.67358548864316,21.996497932950486,24.835987821215493,102
677941,"Adams, Jordyn","R","70.328520714",31.493418016873253,10.067324737394012,4.454708651450177,0.6142857142857145,-2.913627148201374,27.4266724924155,30.340299640616873,30.043783120928495,70
668800,"Knizner, Andrew","R","70.306484817",26.247827064921566,8.662478602448042,0.48882909136613534,0.6036585365853657,5.042542523056008,32.764211695104144,27.721669172048124,26.231195543755312,164
656413,"Fairchild, Stuart","R","70.28505457",33.39188634206549,14.562630182558765,-10.513765592265882,0.5816023738872403,5.5946788668746885,35.94498816249009,30.350309295615396,24.543346339886913,337
695391,"Harris, Brett","R","70.275038324",27.991321550532394,7.115569600873973,-2.2994334841743256,0.4971098265895953,6.011082980422164,27.054493494374004,21.043410513951844,25.03370551796918,173
592696,"Rosario, Eddie","L","70.263958419",31.820880683846152,12.412798208702778,-1.2524900109017287,0.6047430830039524,3.813398956174676,30.264425406817427,26.451026450642757,28.477183619750406,506
683737,"Busch, Michael","L","70.263848581",37.859434685629644,15.80946921280383,0.670097333448805,0.43894389438943904,2.4725910515122465,32.51983928113559,30.047248229623346,26.907851042209543,909
663897,"Williams, Luke","R","70.258772987",30.73749744188922,11.55606960221731,-8.535240469357715,0.6103896103896105,5.228872322968339,34.37621147598115,29.147339153012805,26.96970435162583,77
641680,"Heim, Jonah","R","70.2480975",28.79927750013499,11.538298249386619,0.09041680944738228,0.6019900497512438,1.9608064628631476,31.007650808511734,29.04684434564859,31.27355291408852,804
691026,"Winn, Masyn","R","70.22580169",28.377927480270518,4.670360721256662,-1.8589342514736138,0.398,0.9966016321682649,33.042078348476394,32.045476716308144,22.89010123272598,1000
672761,"Pérez, Wenceel","R","70.212335468",28.910939588831344,6.5838144249891055,-4.046072264562042,0.4431654676258992,5.288158892002948,28.20508678493294,22.91692789292999,24.746079242400157,695
695336,"Saggese, Thomas","R","70.204351628",39.85979493855452,10.953951525744703,1.0432088214255977,0.4534883720930233,4.73996111986364,30.364101410591406,25.624140290727762,25.150594401562593,86
680716,"Ornelas, Jonathan","R","70.202304063",29.40257968702698,4.139234807599774,2.3859583181850357,0.40624999999999994,6.408971176804764,27.36800274674406,20.959031569939295,26.74468720370115,64
670224,"Misner, Kameron","L","70.18081875",41.15552103319389,15.091595110027813,-0.13065573572906425,0.59375,4.805377665882701,34.29539835229314,29.490020686410443,30.02028361614209,32
640902,"Pereda, Jhonny","R","70.145853636",28.1967819543672,4.164028019677037,7.968080358810005,0.4545454545454546,-5.977424977759455,22.636726773996564,28.614151751756022,30.76568413221824,66
669701,"Smith, Josh","L","70.140126934",37.51304941578923,13.044449018646144,-5.058530848327758,0.4471458773784356,0.7597910296436376,34.27687336764345,33.517082337999796,28.317959457626117,946
666018,"Aranda, Jonathan","L","70.131242488",35.010904927201615,11.67328684323572,3.2376979960577663,0.6036866359447006,-0.06955705973067605,28.906707587076134,28.97626464680682,29.669876147615504,217
681393,"Norby, Connor","R","70.102915197",42.171033983166495,19.012498439218863,6.808419381720367,0.3622047244094488,1.2724019103362267,29.480407549200308,28.208005638864073,28.435183294024267,381
650402,"Torres, Gleyber","R","70.100336525",34.52292063387452,8.379892235045524,5.237184522229669,0.5249537892791127,-1.791885896280666,30.824373910113408,32.616259806394076,27.278498037734504,1082
672386,"Kirk, Alejandro","R","70.083846064",25.152476949073723,7.400119314808314,4.534567182073146,0.5177304964539007,7.509799218771783,29.829380497746982,22.319581278975196,31.51584265146103,564
664059,"Haggerty, Sam","R","70.083149565",30.994376757159856,2.5643327415366315,-3.92042900781078,0.30434782608695654,10.495454453430552,29.467355568470943,18.971901115040396,30.283423602396073,23
628451,"Ibáñez, Andy","R","70.068207181",28.189639935325587,7.878197705930881,-5.162932452986773,0.47228915662650606,3.52154965344683,30.26148993079001,26.739940277343184,26.866877014445894,415
678882,"Rafaela, Ceddanne","R","70.066287333",33.29626798662489,14.13089918952351,-0.4670812132619609,0.5259259259259259,2.9237430266453113,33.45539262325329,30.531649596607995,26.292069497566377,1080
676113,"DeLoach, Zach","L","70.05913",40.997859813710754,5.003216940241463,2.4527699238828182,0.3358778625954198,-3.137087278681041,30.099798709597053,33.23688598827811,29.322379163932304,131
660162,"Moncada, Yoán","R","70.039049231",38.81056783567062,3.2115474161846267,7.8728955878228515,0.2564102564102564,8.083275940024068,25.912710344832377,17.829434404808314,29.7535192552754,39
621035,"Taylor, Chris","R","70.021074939",39.30169268963347,11.9173837455064,1.095649651305331,0.47445255474452547,0.19908521804777465,32.96137044412428,32.762285226076514,31.528004809886227,411
665155,"Maton, Nick","L","69.999234545",31.239041148657837,18.866658269310488,-7.613341469861108,0.5454545454545454,10.5238433268139,40.03681398904828,29.512970662234373,21.735951187893846,11
670097,"Short, Zack","R","69.959458306",34.80015502462905,10.986155641185018,-2.4096025896170623,0.6129032258064516,-0.4777877850372627,33.93883152814984,34.41661931318708,26.32816660457786,124
679881,"Martínez, J.P.","L","69.957434762",30.65477696013994,7.599795167608565,-0.312547518842602,0.33333333333333337,1.3831184513498775,26.864435144880353,25.481316693530474,26.793836915026226,21
641432,"Calhoun, Willie","L","69.925113764",23.193716101315026,3.6868852069901683,-3.5765460852868687,0.4157303370786518,0.691280944198424,32.688870123436,31.997589179237583,28.34937045620687,356
679822,"Foscue, Justin","R","69.890395432",28.18627059761386,8.986591903346286,-5.053374113700853,0.5185185185185187,2.525180183323646,32.19591081231956,29.670730628995923,26.59407233974365,81
669352,"Thompson, Bubba","R","69.864428824",30.19708620055423,16.60258923158811,-12.173528983634887,0.5882352941176471,8.957936866085072,38.78573484795572,29.827797981870642,30.517499909608848,34
678246,"Vargas, Miguel","R","69.834180925",35.996746354096025,11.316973825353138,-3.4958480264266565,0.6224999999999998,5.671492403238763,34.176200142190645,28.504707738951872,27.849807003619617,400
621493,"Ward, Taylor","R","69.828621098",31.444777312420488,9.375369440046454,-0.007508466279334922,0.5138592750533048,0.5106238717655356,31.559185535135413,31.048561663369874,27.553320795434857,938
676914,"Schneider, Davis","R","69.828336482",33.08885643733179,17.38678267249309,-1.0900039725042343,0.5226277372262775,-1.5412917087672988,30.641522929086534,32.18281463785382,25.567796502130694,685
645801,"Ford, Mike","L","69.8221751",26.961991740812422,11.4208036235193,-5.237572320776992,0.5799999999999998,7.9930357880653835,31.91672804379522,23.923692255729833,26.526054186885116,100
595978,"Hedges, Austin","R","69.813771448",28.429159309361133,14.0410069459398,-7.7499938462943705,0.6244343891402713,6.228933619488888,34.47334649701247,28.244412877523583,28.2397919777424,221
702358,"Lipscomb, Trey","R","69.807178365",33.03601152951123,3.4478159779354236,2.9676619146377186,0.34905660377358494,-4.059421057657426,25.773645630699882,29.833066688357302,28.830553971466426,318
605361,"Martini, Nick","L","69.78035432",29.646106283750363,11.31871367005248,-2.713676147128187,0.576,-2.0296926868441774,27.774121714925815,29.80381440176999,28.1230957913854,250
518692,"Freeman, Freddie","L","69.769402993",42.475442505271246,7.8615553133859795,1.4440453415533543,0.4033041788143829,-3.2030340310590564,25.90273839598159,29.10577242704065,30.277625838542235,1029
578428,"Iglesias, Jose","R","69.765271543",31.794300362241437,5.4574800870058855,-1.507858431762028,0.42284569138276556,7.665095914703318,27.73565546750123,20.07055955279792,26.490379640163678,499
660758,"Fabian, Sandro","R","69.760153333",31.75231993059945,9.374226175765774,-4.492485594060196,0.4166666666666667,3.347901561258414,31.544321065920915,28.1964195046625,25.915673914067376,12
669242,"Edman, Tommy","R","69.755537893",26.932851745054972,8.480434017972213,0.14822770616159558,0.528925619834711,0.47145050200417954,29.037300824396258,28.56585032239208,26.823864954209423,242
593871,"Polanco, Jorge","R","69.740983581",36.926284263564604,13.672684978673432,-7.4913191150698,0.47107438016528935,4.60441744766349,33.04904996057003,28.44463251290654,26.86702021804985,726
666163,"Rortvedt, Ben","L","69.737150823",29.245739166771997,10.874087817933473,0.3001262899933813,0.5903614457831325,1.0393111568876936,30.56008709544387,29.520775938556177,28.72880774111837,498
676439,"Feduccia, Hunter","L","69.730148636",35.32448866690987,11.66827699065569,-2.8791387811729674,0.6818181818181819,9.279032641669685,30.938770775154197,21.659738133484513,25.75623413991549,22
676609,"Caballero, José","R","69.696699201",32.609394113316284,12.721232788860284,-5.2192068532556934,0.5379494007989349,20.355420958294733,36.13326133762465,15.777840379329918,23.552657575395635,751
677870,"Jiménez, Leo","R","69.674423188",34.472125394853386,8.867554755475668,1.7073743631199267,0.4695652173913044,3.5106139689815645,29.48169797877207,25.97108400979052,28.457407991749946,345
650859,"Rengifo, Luis","R","69.668962907",33.44793286467038,9.541680218792637,0.8298102883634864,0.5251937984496123,11.997863446062938,28.75839215793807,16.760528711875125,25.588110851479968,516
641313,"Anderson, Tim","R","69.656970476",39.87705985361042,9.882287883715136,8.894956885419825,0.5087719298245612,5.183548681508288,26.144282555898208,20.960733874389923,27.018865497011735,399
687799,"Marlowe, Cade","L","69.635334118",43.57921650179642,11.295036889041368,0.7638348231701613,0.5882352941176471,3.7049007703705903,34.975214794074034,31.270314023703452,25.826236091719263,17
680977,"Donovan, Brendan","L","69.625466808",29.971231128466396,7.67310567264509,0.7691480261198863,0.4961067853170189,-1.116398308233713,26.69163061442176,27.80802892265547,27.486627969147595,899
647351,"Toro, Abraham","R","69.616855498",31.878822245869756,9.652369005923415,-2.897511530258133,0.566420664206642,5.621108375401666,34.57286143329495,28.951753057893292,28.04577602045718,542
656896,"Rivera, Emmanuel","R","69.609299775",33.85017980133123,6.815059399238915,-0.08676148075143497,0.49488752556237214,5.972990772819808,31.25508574431798,25.28209497149817,23.40431941265583,489
680737,"Helman, Michael","R","69.608575714",28.724194233918517,11.051436612488924,-1.8709017813231792,0.7857142857142857,3.781148446225245,31.928529231627174,28.14738078540193,27.627204935743787,14
545121,"Vargas, Ildemaro","R","69.593896272",24.085283934730207,3.7020865869703568,-1.2784120801344747,0.4419753086419752,5.3800128386385895,24.643150747676046,19.263137909037457,25.60350961212343,405
680911,"Miller, Owen","R","69.585208367",32.014825603071934,11.102123937668914,-5.4091202658642725,0.6530612244897961,6.083164487287006,32.931687230346185,26.848522743059174,27.643392797429033,49
669699,"Shewmake, Braden","L","69.57186125",25.32514759339888,9.444875517645142,-0.6800386535607994,0.6124999999999999,0.258309114875237,30.472883873169106,30.214574758293875,29.539414117437794,80
675961,"Williams, Alika","R","69.56734031",33.63345720319455,7.758567654289411,-5.6319398504155505,0.49612403100775193,-2.071066643976059,29.41529856417656,31.48636520815261,27.342471393503583,129
671083,"Kennedy, Buddy","R","69.550374889",33.681706211232864,8.680215750045209,-7.943259323889677,0.48888888888888876,0.4791460267819112,30.056437896316407,29.577291869534495,26.401622048535508,45
608385,"Winker, Jesse","L","69.543654518",35.3482805331779,12.185193533204297,7.581623987564522,0.5970937912813739,0.9688252006052267,27.461716670905336,26.492891470300112,26.899111172266366,757
592178,"Bryant, Kris","R","69.537937443",37.75249985371612,16.08795174687448,-3.962697811103008,0.5342465753424657,6.050969339287542,31.96210354906029,25.911134209772747,28.89425699475256,219
608348,"Kelly, Carson","R","69.506145293",32.951518057385734,12.203171607630084,-2.490579616965609,0.524774774774775,2.302515565781385,31.244654572510456,28.94213900672908,29.079882045379982,444
672642,"Berroa, Steward","R","69.503906786",33.09341900703221,11.95340953668527,-3.6719860133970004,0.5000000000000001,5.905712949602815,32.977978291368,27.072265341765185,28.55219145152996,56
677587,"Rocchio, Brayan","R","69.499249137",29.179724672905824,10.09359167230117,-3.186600608846942,0.5115562403697996,9.002963795905622,32.2283609425873,23.22539714668168,24.512238157021656,649
687462,"Horwitz, Spencer","L","69.496512973",37.89962004639368,9.377945980676534,2.6334704900944423,0.44674085850556433,-0.819310884976036,28.419890879835783,29.239201764811806,25.026327277512085,629
595909,"Cave, Jake","L","69.483309031",35.83428600555299,11.483508248986576,3.434652781718463,0.444991789819376,3.5617103016308214,26.817298548398224,23.25558824676741,30.8861718124417,609
642851,"Wynns, Austin","R","69.480935429",37.19398516441076,10.372385553674164,0.6456840566715366,0.3142857142857143,1.5736989528534624,29.288154496211497,27.714455543358042,28.598092810898855,35
679845,"Loftin, Nick","R","69.479816892",33.30704468431091,7.658691063818382,-4.749500545054273,0.5450450450450454,0.8784784228565617,31.05492215909796,30.176443736241396,28.348785160875384,222
686482,"Driscoll, Logan","L","69.47850629",25.393239527209158,10.185612597657538,0.7904513454451421,0.596774193548387,5.869260374009138,29.88833363974665,24.01907326573752,28.196264960134823,62
630105,"Cronenworth, Jake","L","69.46045991",33.29788341451511,6.442381726740804,0.8025398291075468,0.36236236236236236,-6.50666158841123,29.340937647431723,35.84759923584296,26.149202353934648,999
666197,"Kessinger, Grae","R","69.440558",27.8711520838943,10.346522365873682,-0.31020719535677177,0.6000000000000001,-0.6179634962971334,27.178269939195218,27.796233435492358,26.870264465989532,45
663368,"Perkins, Blake","R","69.427623842",30.82260184854213,8.198746242756915,3.1610099380832075,0.557877813504823,1.2936539442191424,24.531292579088284,23.23763863486913,30.408829677175923,622
514888,"Altuve, Jose","R","69.409635541",30.181601261687224,16.497182444173568,-4.103628946668601,0.493545183714002,16.8603727000738,28.098218411288684,11.237845711214895,30.03224812583106,1007
607680,"Pillar, Kevin","R","69.403365568",32.462390707450865,11.473280444432577,-8.433972027900122,0.5805860805860806,6.436160328218023,34.99083506596874,28.55467473775072,26.05612901214905,546
643289,"Dubón, Mauricio","R","69.399416902",30.961705218635398,5.087108792225056,1.766129783839381,0.4335106382978724,4.877743685353955,27.051640804109375,22.173897118755423,28.98280995336867,752
656883,"Reetz, Jakson","R","69.389153478",32.6003378705998,14.6761739618759,-8.18341808617947,0.5217391304347826,4.32499600669194,31.049061560541713,26.724065553849783,30.796184071590798,23
678894,"Peguero, Liover","R","69.382825714",22.550947665638034,9.344792155610122,-10.281079817313369,0.4761904761904762,5.137089526676641,34.53649529410616,29.39940576742952,25.907774745431073,21
643565,"Tauchman, Mike","L","69.338023095",34.239709792118,6.702949182662551,2.4593357142273535,0.4209650582362729,0.3320198792203021,30.236909179857587,29.904889300637286,31.91731311787727,601
667428,"Koch, Grant","R","69.328713478",23.851316536200038,9.365757447532367,-10.711430634447975,0.6086956521739132,-2.1890997758250608,30.808578247077108,32.99767802290216,30.958686531314942,23
572761,"Carpenter, Matt","L","69.320810609",37.56297678636394,16.243325129869937,-4.037327970004797,0.5695652173913043,-5.479668256699213,29.63589752785929,35.115565784558505,27.011027442533294,230
686797,"Lee, Brooks","R","69.313291147",30.27219419644679,8.65234005276437,-5.0450810167548905,0.5734767025089605,5.142973219031667,30.41009228342888,25.26711906439721,29.809419120379225,279
683011,"Volpe, Anthony","R","69.309547131",33.0346157080243,9.633735123235416,7.43742551137613,0.606791778373548,-3.5877214650438933,26.416582261562077,30.004303726605976,28.39186631237871,1119
622569,"Reyes, Pablo","R","69.217207361",28.401424189507647,8.647793773832102,-0.8021851159373199,0.611111111111111,-0.033429802692307053,29.74486090567559,29.778290708367898,27.840481772285102,72
669134,"Campusano, Luis","R","69.200466749",25.67086593445495,7.220941446894823,-0.0549297336828401,0.5905707196029779,3.839654041973258,27.982184304106184,24.14253026213291,28.09835964296102,403
657088,"Wall, Forrest","L","69.160954706",35.322959738590015,11.225374285661486,-3.6327115962231145,0.47058823529411764,2.9575710802578428,29.809632425310188,26.85206134505235,27.70354714424281,51
687363,"Scott II, Victor","L","69.127787889",32.82189154637648,11.189586808668354,-4.10651126056422,0.47738693467336685,-0.4455140462182804,28.518322591460205,28.96383663767848,24.202326089391168,199
668752,"Ellis, Duke","L","69.10977",32.25465576222613,0.9779046078819715,6.754322440284455,0.5,-5.551230777789515,23.1374825263659,28.688713304155417,27.909329455394065,8
645305,"Sánchez, Ali","R","69.105946403",28.977222135081835,9.800526463763603,4.440652465578592,0.6258992805755397,0.5769607393413678,27.985124900880297,27.408164161538927,30.38171757434227,139
678225,"Bae, Ji Hwan","L","69.086188077",29.484214910152147,5.711791496666022,5.930644176943257,0.3307692307692308,-3.273475443415862,27.57392495206026,30.847400395476118,23.58471904363045,130
645277,"Albies, Ozzie","R","69.080529895",33.82665624691697,12.886006239802535,-5.350908228310842,0.5789473684210527,2.3930311150633687,36.9636196469876,34.57058853192422,20.948186032978427,760
687093,"Grissom, Vaughn","R","69.079989029",36.094465975638954,8.524872662041437,-2.7091671538385462,0.45142857142857146,3.200156579386393,29.887546599429307,26.687390020042915,26.868909343399636,175
668939,"Rutschman, Adley","R","69.07486558",36.36505509531305,10.388561733460595,-2.619137716464317,0.4857433808553971,-0.9342050431756539,27.209976719519947,28.1441817626956,26.030325940691572,982
680577,"Keirsey Jr., DaShawn","L","69.073072609",31.079908249648977,3.592257629633549,-1.8542664284388741,0.43478260869565216,-2.447437513630635,21.34975670881432,23.79719422244495,26.71240305969117,23
655316,"Monasterio, Andruw","R","69.056928703",34.63414340633347,7.7786631915969044,0.8254301890300708,0.42259414225941416,5.147115359062432,32.152630803807405,27.005515444744976,25.80422751506742,239
673490,"Kim, Ha-Seong","R","69.044210051",25.25651171355645,4.351873902331558,-1.0538604232734659,0.4285714285714285,0.3068631267665368,32.95672338305849,32.649860256291966,26.291120957010733,588
541645,"García, Avisaíl","R","69.038216849",31.598282598151528,4.1466604384145995,3.4608999259912503,0.28767123287671237,-5.716801304731864,25.7741327417436,31.49093404647547,28.67002100963344,73
682657,"Martínez, Angel","R","69.026116607",34.54985521737565,11.673093664208812,-3.4667290760525127,0.49285714285714294,2.881013708807107,34.29144720764687,31.410433498839758,25.21984123427058,280
664702,"Straw, Myles","R","69.023704",32.70541429871234,2.1686148947121238,9.447645089793685,0.6,-9.401625870001448,21.246786143898767,30.648412013900213,26.353516680639032,5
641658,"Hampson, Garrett","R","69.008183199",31.6183001928015,10.478135983267098,-2.4580038214360136,0.5504322766570606,-1.1732336777721257,33.07464862382317,34.2478823015953,27.522001982881577,347
642197,"Westbrook, Jamie","R","69.005489211",27.4987956031043,11.383739354193379,2.049069101356561,0.5789473684210528,-10.583481947989146,22.139387760036687,32.72286970802583,31.67620641665059,76
669234,"Malloy, Justyn-Henry","R","68.995587896",41.243851647145476,17.909292130840903,-2.0410584205366495,0.4675324675324675,3.2936626854022117,33.51896438534925,30.225301699947035,28.09459480428158,385
605141,"Betts, Mookie","R","68.979962006",34.00459181708292,8.899547917951475,-4.231672887747167,0.5282131661442004,8.408285453298515,33.11339273962375,24.705107286325223,27.70900732586745,638
643376,"Jansen, Danny","R","68.975237273",28.905420430321023,13.221820240076658,-6.852920746177327,0.6590909090909092,12.250620741765962,35.287090161064,23.036469419298037,29.594950335401723,484
641355,"Bellinger, Cody","L","68.973726072",32.58921441204588,13.234762959847425,-3.1271350079956104,0.5948372615039283,-1.203909354858002,31.22762962465356,32.43153897951155,23.770468772954615,891
686823,"Brennan, Will","L","68.957649893",30.062117422447017,5.033738481470142,0.1627102660382067,0.4369449378330373,0.10899510194392027,27.777290513734386,27.668295411790456,28.913121390517496,563
668853,"Shenton, Austin","L","68.949876406",40.56281537464942,15.845941389585793,4.792707882021638,0.6406249999999998,-3.846093811217868,29.424935566684272,33.27102937790214,31.85303370545403,64
672279,"Siani, Michael","L","68.938747299",31.578381292831033,8.889065479463827,2.337877000000051,0.4403131115459881,-1.0974641210576748,27.629705829521313,28.727169950578993,28.040775806184428,511
680700,"Palacios, Richie","L","68.934832112",25.87577298939016,9.144736359790635,-4.7816634819636255,0.555776892430279,-0.9744764946945127,31.123745775174278,32.098222269868785,22.32909315291145,502
670276,"Stevenson, Cal","L","68.919403438",31.33179862891859,12.627729002300562,1.18465528989596,0.65625,5.867146315464995,27.432803533620536,21.56565721815554,31.613087377672162,32
649557,"Díaz, Aledmys","R","68.911121724",25.359033590797985,5.691806676097928,-7.112737189333484,0.5517241379310344,2.6384325348692714,29.446996726013403,26.808564191144125,30.599461635330254,58
624431,"Trevino, Jose","R","68.896209562",21.873639900462916,8.188948189159758,-1.7032554646943727,0.7070707070707071,10.126571177568886,29.158327506452732,19.031756328883848,31.824234670983156,297
695238,"Wagner, Will","L","68.889898322",33.282534519159725,3.194815308696413,4.403768740657998,0.35570469798657706,-1.734560197872093,22.612355727946063,24.34691592581816,26.304296934513477,149
805373,"Alvarez Jr., Nacho","R","68.885105102",31.03560360029307,5.512542211377897,5.466678805995871,0.3061224489795919,-2.071155418773615,28.891512971978727,30.962668390752345,26.123244385547252,49
666152,"Hamilton, David","L","68.866961365",32.052777905744115,8.924219810436709,-5.385295729880919,0.48400852878464823,6.685483814530663,31.181786253506917,24.496302438976254,27.468299867086937,469
668845,"Schunk, Aaron","R","68.844056684",33.466314011522456,5.239028827367415,-0.8674209082856021,0.3842105263157895,5.144029139653484,29.185463386391124,24.041434246737637,27.551530994251156,190
642086,"Smith, Dominic","L","68.832620932",35.06767291350321,15.357344256912228,-1.784555313794274,0.5652173913043481,5.900034387152343,36.161482976499364,30.261448589347022,27.800316781553864,483
664954,"Sullivan, Brett","L","68.818580741",29.570491687595936,10.130065112185058,-12.281496782985284,0.44444444444444453,4.867438516153102,36.111534510191454,31.24409599403835,27.611989924701284,27
643446,"McNeil, Jeff","L","68.801503878",32.96726046860501,8.213883538685135,-5.076861798320509,0.48254364089775564,0.8981049514551246,30.5001319803935,29.602027028938373,26.961995650808575,802
596115,"Story, Trevor","R","68.784712823",29.492426800402708,9.09540365165702,-1.277135308530809,0.5483870967741935,10.044904839657477,33.794263370684924,23.74935853102746,30.41568023898606,124
624512,"McGuire, Reese","L","68.779196604",30.471706884825306,10.66299142783243,-2.719363416319834,0.49999999999999994,-4.136593530499087,30.38015631638056,34.51674984687964,30.16741899284478,212
669222,"Senzel, Nick","R","68.76066801",32.53181747542187,9.930626597442636,-0.9252595024827708,0.5491606714628295,-2.2020234038996604,25.86318720194706,28.065210605846723,29.1994979981735,417
641511,"Delay, Jason","R","68.759706471",33.4164730093165,15.259555568316781,-11.069659549713181,0.6470588235294117,6.056487929573854,35.58273650758541,29.526248578011554,29.521944563348068,17
543228,"Gomes, Yan","R","68.656548824",33.26986908862308,12.012685123656102,-2.832593930020947,0.5352941176470587,3.1865968474178556,32.67298723804043,29.486390390622567,27.199105206327985,170
641856,"McKinney, Billy","L","68.636434583",36.223178166870404,13.300291654536556,-3.2235978126465383,0.375,8.102830025352304,33.938909616839865,25.83607959148757,29.513975022267687,48
676694,"Meyers, Jake","R","68.622236858",30.439121149919796,9.395105733084064,-4.3337620106319035,0.4516129032258064,3.073324024710268,31.7824504622083,28.709126437498018,32.13316439202583,713
668843,"Capel, Conner","L","68.621455",34.379276098796474,16.725120807169706,-5.595199238125365,0.6428571428571428,-0.9504921693628791,30.388272994811487,31.338765164174365,29.210802635107676,14
669326,"Teodosio, Bryce","R","68.589367273",30.311034095919116,1.6850819869340619,-3.430578495221384,0.27272727272727276,9.124994119256856,34.67902227688541,25.554028157628554,28.619810838952315,22
664874,"Zavala, Seby","R","68.572314925",38.880405316685945,20.52183380458718,-5.325370086174152,0.5074626865671642,11.790994939845332,32.89169338394383,21.1006984440985,27.726694429351237,67
678489,"Barrosa, Jorge","R","68.563192174",25.173100629390284,13.279317283769418,-6.160919849900947,0.6521739130434783,6.51086190638104,32.79201272685311,26.281150820472057,28.338158024565267,23
687231,"Hernaiz, Darell","R","68.559778808",29.089966423175245,4.906931111171454,-0.6423487098788309,0.4766839378238341,-0.05988923344729734,30.475201364547605,30.53509059799492,26.361704905219643,193
672012,"Black, Tyler","L","68.559726848",37.36174094654293,8.997049476682653,-1.7251125827043448,0.4347826086956522,-1.23239216578266,28.110056695566183,29.342448861348842,25.3582082379481,92
686452,"Millas, Drew","R","68.534344894",34.09837636343492,9.111267738507841,-1.6371943408827623,0.5212765957446808,-1.7154442130650374,28.44037099474088,30.15581520780592,24.833518982527966,94
519203,"Rizzo, Anthony","L","68.518126985",33.33865387619785,9.441865868820585,-4.712600312747191,0.5337078651685393,1.396018501435036,33.249943953945056,31.853925452510037,22.116828875883463,534
660636,"Castillo, Diego","R","68.512677143",34.96797668281686,8.909963562651926,-1.241343586674774,0.4285714285714286,3.7868306953931823,32.177501391225576,28.39067069583239,24.224319015322447,7
691011,"Romo, Drew","R","68.479717391",33.737097326862134,12.265596773651268,-11.272536407941233,0.45652173913043487,13.664692084818522,36.245237336373165,22.580545251554643,26.119506872122514,92
666185,"Carlson, Dylan","R","68.474394967",36.880835709117285,11.807277376286162,-2.23472839783029,0.5227765726681127,1.1091684443355567,28.94184606841457,27.832677624079018,26.434833288343977,461
668952,"Kreidler, Ryan","R","68.4728616",36.11788830547169,17.856394673301782,0.33744446578352416,0.5400000000000001,5.551890752010591,32.48946959614844,26.937578844137846,29.987206106421567,100
592192,"Canha, Mark","R","68.438491652",31.758834526421598,10.865387685316659,1.3550753452350977,0.6076696165191741,5.5799001402475,28.165995666707936,22.58609552646043,26.462011797764326,678
600869,"Candelario, Jeimer","R","68.431778606",34.48845784823468,13.893182087805565,-5.576225808322654,0.5232403718459496,3.290843604381876,30.69615708562256,27.40531348124069,26.97201029384949,753
681584,"Villar, David","R","68.428828491",38.55068153716023,18.360502300308823,0.07034513554075764,0.32075471698113206,-4.0846568748370204,29.14159576462633,33.226252639463354,33.73815391772155,53
663527,"Nevin, Tyler","R","68.402996087",34.9288143722976,9.752647567868687,2.190423870389595,0.574370709382151,4.250874014638563,27.88412159492794,23.63324758028938,28.656890521377765,437
669137,"Alvarez, Armando","R","68.377100185",31.072312691930534,15.092688785606105,2.811839242533228,0.5555555555555556,0.24297813334770255,28.63714185697205,28.39416372362434,26.530825446877216,54
676946,"Batten, Matthew","R","68.372725",21.882495272061075,3.575678270002612,5.09198089692285,0.5,-4.981049255922432,26.529714961332758,31.51076421725519,28.12046449356582,4
542963,"Brantly, Rob","L","68.364313",37.10358695446566,14.048340770790508,-2.2357914742861174,0.5999999999999999,-0.35693141504055126,27.77473033645172,28.131661751492274,24.816483339309094,20
543760,"Semien, Marcus","R","68.339320989",32.01946361268832,13.271530377390441,-6.675312523022107,0.5737410071942445,4.335541824870025,30.933769058166504,26.59822723329648,23.42938312776419,1112
657077,"Verdugo, Alex","L","68.335839206",31.308581735097587,5.529748548983383,0.41355886543735154,0.4466824644549762,1.4736039954174776,32.76745591060757,31.2938519151901,23.76341024491749,844
665828,"Cabrera, Oswaldo","R","68.330482583",31.076726500758994,6.399209880996437,-2.159041859056487,0.44791666666666674,1.714627813891493,28.885060629705624,27.170432815814127,25.275944092871576,480
680474,"Schuemann, Max","R","68.329675398",32.29519878212891,12.306393147898836,0.34333676139035685,0.6150375939849625,0.6356338172453108,29.895031944002437,29.259398126757123,29.085861247280846,665
543877,"Vázquez, Christian","R","68.277811018",27.75201558629237,10.439394835471443,-2.6382620959665277,0.6247504990019961,5.613243721544509,33.879753380472366,28.266509658927845,28.557824006114775,501
645302,"Robles, Victor","R","68.276790975",34.09432285201453,14.59066701672872,-6.278782201528799,0.5124716553287981,13.000617375539973,26.59185244247246,13.591235066932487,28.785936456899304,441
543685,"Rendon, Anthony","R","68.26698945",33.41482581077194,8.3248396710702,-3.1499489099735096,0.5145631067961166,3.5972551549568155,27.323940215048744,23.72668506009192,24.43325337085409,309
665926,"Giménez, Andrés","L","68.263724381",31.932474227448928,10.142428884480806,0.5978350431980199,0.5154826958105645,5.6702763775010085,29.89176824260731,24.221491865106312,28.849860411967455,1098
649966,"Urías, Luis","R","68.260501173",30.189498824856138,17.672970258905814,-5.433157174301981,0.5740740740740741,2.5645693171814927,31.79220640860188,29.22763709142039,27.212824824971715,162
663538,"Hoerner, Nico","R","68.216665105",32.653960811967835,4.909524631091423,-1.3903573638220352,0.4368421052631579,-2.065138707497302,27.778597330555485,29.843736038052786,26.9714011414897,950
605131,"Barnes, Austin","R","68.210764848",26.556526363603794,4.478790439850659,1.0875892460236,0.4155844155844156,3.1156589816509053,30.13203892905246,27.016379947401557,27.03603127282434,231
669087,"Huff, Sam","R","68.203474",32.25313926206984,1.0879183789752114,9.518299366017771,0.4000000000000001,-0.8506741439333614,22.806334729628848,23.657008873562205,31.674655071306947,10
670623,"Paredes, Isaac","R","68.202566969",32.37263549896261,14.24984726050289,-16.737930474999526,0.5304022450888685,5.620114078571558,38.22796823673125,32.60785415815969,24.87634245235039,1069
624503,"Gordon, Nick","L","68.200998583",33.90611870907846,9.585867451785727,2.539533420354463,0.45908183632734534,-2.2257139077989763,25.066054909801185,27.29176881760016,25.38220518272134,501
681082,"Stott, Bryson","L","68.190751828",31.88425248356748,6.522903657044752,2.1712777992378127,0.4738067520372526,3.1944142429613755,27.385527523339313,24.19111328037794,25.416983590067733,859
570482,"Urshela, Gio","R","68.189103375",35.00969119260795,9.229730947162302,5.1219940521871115,0.49249999999999994,-0.05818156099873951,31.120797332177574,31.178978893176307,28.197025992488186,800
696285,"Young, Jacob","R","68.17035116",31.044123061078043,6.6200249263364705,5.4894085069376715,0.5134370579915135,-6.468019887167142,27.206816579713347,33.6748364668805,30.50811598772472,707
595284,"Knapp, Andrew","L","68.108053846",34.09979145286406,8.053068667543053,11.222260633401325,0.4615384615384615,-1.4722280816252948,23.168249125806526,24.64047720743182,24.010377096873206,13
682119,"Jordan, Levi","R","68.107796667",30.476629204611,14.66342033150417,-0.3987341029319442,0.5555555555555556,10.826069028089378,28.605812059344807,17.779743031255425,25.47577515554351,18
621311,"Dahl, David","L","68.09628568",36.3111942839375,17.07690063419885,0.7951599967025413,0.5280000000000001,2.8537895682402694,26.369434982863474,23.5156454146232,26.248046857492003,125
543305,"Hicks, Aaron","R","68.074965357",29.62849491637647,13.986522012639307,-10.458658547660498,0.5238095238095237,6.603233476702051,34.11858606186437,27.51535258516233,29.283563821615857,84
621563,"Wendle, Joey","L","68.040991277",29.725178279823535,2.84632484195538,1.9900249620232406,0.44680851063829774,-0.2403349648632194,24.395027395210768,24.635362360073977,29.098218607816143,47
643217,"Benintendi, Andrew","L","68.037030803",33.99764795558522,13.542834083922846,-0.4203877948853374,0.557478368355995,1.5078482908808533,32.961603782246684,31.453755491365825,21.717128344934874,809
672701,"Devers, José","L","67.935276667",34.920382582560116,-3.170601526165623,12.714998164213837,0,-9.190994798048509,15.374882677801175,24.565877475849682,26.985867127474933,6
621545,"Remillard, Zach","R","67.9280075",32.327252046097556,6.194670129600934,6.940918588839879,0.4772727272727273,-4.433499747099589,23.99320931302653,28.426709060126115,24.69994960914894,44
681146,"Bride, Jonah","R","67.880993613",29.03575761965075,13.354910514936956,0.8667634528761023,0.6190476190476192,5.736687293707739,32.94454601844658,27.207858724738845,31.09096362826601,357
500743,"Rojas, Miguel","R","67.877101567",31.095281703351215,3.890481551943409,-4.462926939371581,0.3774834437086093,3.3269900370039225,32.648310912378825,29.321320875374905,28.022118693696655,453
605113,"Ahmed, Nick","R","67.866120192",28.6494407517656,13.93344133846496,-2.8476539792919877,0.6054794520547945,-0.6713301999248728,35.06930300459855,35.740633204523434,27.29278871793593,365
669257,"Smith, Will","R","67.854933052",34.59700204576373,13.214116839650798,0.3788039681112694,0.6045130641330165,-1.4156673652098017,31.788312942875805,33.203980308085605,27.824192788344124,842
688363,"Pauley, Graham","L","67.817836304",36.08957306825087,9.241523104357332,-0.7983238193780479,0.45652173913043476,5.858710738771231,33.382867776080914,27.52415703730969,24.021763872385893,46
622110,"Duffy, Matt","R","67.804726667",38.638815918243154,14.027863351889957,-7.483603733981151,0.5555555555555556,4.008379284865592,35.653757342438425,31.64537805757283,29.28564093915925,9
691594,"Sanoja, Javier","R","67.754951017",21.559511362661947,2.975226917699679,-1.2698708590229955,0.33898305084745767,6.2584001062488905,28.02636515388968,21.767965047640796,28.395209881299003,59
622268,"Walton, Donovan","L","67.750624865",32.64002305195111,10.609741358610938,-0.6886948369358559,0.45945945945945943,6.816949255602269,33.70407728321644,26.887128027614178,27.55223708163844,37
663967,"Salazar, César","L","67.7324478",33.26336862027108,12.511272662444659,-6.705812324567929,0.4800000000000001,0.6112838670335757,31.290825922181213,30.679542055147635,24.980042758313957,50
571912,"Maile, Luke","R","67.70202039",34.13329227551706,14.493666510061175,-2.6589989824571254,0.541125541125541,6.500743141342646,34.16344722421352,27.66270408287088,26.68684116842817,231
669743,"Call, Alex","R","67.698697049",31.417602598449378,8.291047977986965,3.9249893985071447,0.46994535519125685,-3.3191361688225123,28.8824033414035,32.201539510226006,28.572274553929013,183
669200,"McCoy, Mason","R","67.652082278",32.39603344067624,6.225047651854226,2.4163546403754945,0.4050632911392405,-4.144962701482331,24.31663882972322,28.461601531205545,28.639771947851525,79
607732,"Stallings, Jacob","R","67.562780647",32.2141103881925,12.46550136553029,-0.20099161381306913,0.5083932853717026,3.103108892508305,29.02289523179338,25.919786339285068,27.78913847227467,417
621028,"Newman, Kevin","R","67.554717593",32.28935461284401,5.819609476555554,-0.13611296421453606,0.44638949671772427,2.833912795907298,30.127002571625397,27.293089775718087,28.498325853067314,457
689172,"Wisely, Brett","L","67.509617698",33.03063186865771,8.717218873337984,-3.3803658993140124,0.4158415841584158,8.749453641173842,31.16016883832876,22.410715197154918,22.737518525712353,404
676070,"Amaya, Jacob","R","67.496325833",30.270187803410078,7.804874437755645,9.612105698097707,0.6354166666666669,-5.247788350903677,24.56112434854451,29.808912699448193,28.02667733744927,96
543257,"Grossman, Robbie","R","67.488755697",35.125296789141366,12.06823569647632,-3.9893385687100755,0.49226006191950467,15.369049179524586,39.51351542279176,24.144466243267182,27.248517572505513,323
676896,"Roller, Chris","R","67.469695",36.672021384832945,17.722556413620094,-7.749157410898008,0.5,11.64494007902751,29.616098331482608,17.971158252455094,30.63090847684104,4
453568,"Blackmon, Charlie","L","67.416142632",31.138838979644945,9.61515374947696,-5.7980982076288,0.5565789473684211,3.650876916648928,30.562023608470472,26.911146691821536,30.75201976963863,760
623168,"Heineman, Tyler","R","67.402265417",31.56914383150591,3.4646399408483477,-4.009626360902255,0.375,3.0006330313420104,31.976110280799958,28.975477249457946,27.419381139797615,24
571466,"Barnhart, Tucker","L","67.383117143",33.33065488481386,12.09356746852356,-3.5677556771919012,0.4453781512605042,0.9613003599647768,31.90262284011535,30.941322480150564,27.833585357907573,119
675915,"Bañuelos, David","R","67.36155",29.13147228375527,7.927578979204854,1.3515596974500952,1,2.2505946331356483,31.415655771372876,29.16506113823723,30.19936362328484,1
664983,"McCarthy, Jake","L","67.344801611",34.73803951606089,8.826800203620275,1.3254601734826323,0.49861111111111117,0.012945938844902069,30.075028832770112,30.062082893925208,31.18402096616847,720
670764,"Walls, Taylor","R","67.336193663",33.81558679063917,12.708032277556033,1.099577075818882,0.599009900990099,-1.3002159380800147,27.536289530185325,28.836505468265333,26.1142104417414,404
518934,"LeMahieu, DJ","R","67.303104934",27.58372496818693,6.332416377156226,8.66974490009894,0.5296052631578948,-4.893822909145183,24.20031212227781,29.094135031422983,32.992247302277676,304
687957,"Harris, Dustin","L","67.294912857",39.71453729657595,17.087887310408902,-9.219856028827312,0.28571428571428575,16.696355590162604,31.15708575368124,14.460730163518646,23.30434275696666,7
656716,"McKinstry, Zach","L","67.219893889",38.023382993752584,12.473669778242577,-0.3607315521668391,0.4424603174603175,0.9822672408516361,28.43115851509015,27.448891274238512,24.042940198887944,504
669369,"Johnson, Bryce","R","67.103805825",38.74898396945202,9.560789872641532,0.5582269033626373,0.5339805825242718,3.2775698910714737,33.02346765923138,29.745897768159907,26.039106767965045,103
456781,"Solano, Donovan","R","67.055411033",34.97228754872805,8.594069441080789,-1.4625637721097025,0.4541910331384015,-0.23194546825816867,27.917120843744325,28.149066312002496,26.323899412015994,513
643396,"Kiner-Falefa, Isiah","R","67.024680971",31.29229811269441,6.575070944856794,0.5439345663974507,0.4422187981510015,5.161377899165531,32.82691549409202,27.665537594926505,26.465987949184417,649
608671,"Jankowski, Travis","L","66.997901065",35.145376195876125,-1.126455668009331,-6.177337896699631,0.235483870967742,-6.579066538492619,23.616129376746176,30.195195915238784,28.544699692152808,310
668885,"Martin, Austin","R","66.934393153",39.87264245154129,9.922886588430373,-5.434844401046291,0.5142045454545453,2.047059994530946,31.817389100950816,29.770329106419876,26.45469733114405,352
660644,"Bruján, Vidal","R","66.909754257",31.340471673448906,7.423446693768972,-0.9426289212622294,0.4767184035476719,-1.1085707412372048,28.617512797180677,29.72608353841788,27.700111122952634,451
664901,"Mendick, Danny","R","66.888582318",29.588162379977188,12.887183073000855,3.5894135099542517,0.6363636363636366,-2.1871272520899185,25.571619943206986,27.758747195296916,30.95280529630221,220
624415,"Biggio, Cavan","L","66.871305418",37.248228899940315,11.267551652969697,-3.863384372464885,0.48727272727272736,-0.652541432163797,27.583450572139526,28.235992004303323,24.363789960842308,275
672695,"Perdomo, Geraldo","R","66.854089678",35.03587220956468,8.895954497996977,-1.437156722341002,0.5070422535211269,8.866697530081769,24.85573147649925,15.989033946417479,26.991872852167525,497
592200,"Casali, Curt","R","66.802558497",34.6738922685707,12.261425309712473,-4.825544107817715,0.5433526011560694,8.853665739581531,35.236182849242475,26.382517109660938,27.060454995666124,173
672569,"Campero, Gustavo","R","66.769268929",30.7589573534173,9.653903734678781,2.8844412829916886,0.4642857142857143,0.8111250992701147,28.51610265333573,27.70497755406561,23.051246388319765,84
676391,"Clement, Ernie","R","66.757066662",33.40417408929924,10.572475251202,-3.3500088802920063,0.563134978229318,9.240187920407493,31.446822816674967,22.20663489626746,26.616156755266715,689
670156,"Mastrobuoni, Miles","L","66.754514924",33.41878558784899,5.9902845708133166,2.9423030200143723,0.4393939393939394,4.530801166103067,31.41390278345198,26.883101617348935,29.128371333054925,132
669450,"Hummel, Cooper","R","66.696689231",27.982156889270872,0.29411564923828093,10.569951256852988,0.23076923076923075,-9.623798187178124,23.60143897719362,33.22523716437174,26.667945783555457,13
666150,"Fletcher, Dominic","L","66.682998527",27.213957314128315,1.979540649927029,3.964906580708117,0.34844192634560905,-4.143433294157417,27.50571822360491,31.64915151776232,25.897849260412368,353
671117,"Baker, Darren","L","66.674516111",34.45642325506484,5.756488063820407,5.524445316502099,0.5,-0.2195964928909031,25.841072735190213,26.060669228081117,34.958822868138896,18
571657,"Farmer, Kyle","R","66.671958914",31.32850904206513,12.33997233961948,-2.5671329580409186,0.46239554317548753,8.499443787762084,33.38480621978358,24.88536243202149,27.061130399951963,359
596117,"Stubbs, Garrett","L","66.593019641",28.297117508503447,11.144119650916181,-8.462570548979349,0.5392156862745097,-1.0962617879874568,25.72440370201602,26.82066549000347,23.631345120517402,306
668942,"Rojas, Josh","L","66.583945704",33.46512755478891,13.021702853866753,-0.5239735324935203,0.4903314917127074,-4.4433472515445605,25.03917838250708,29.482525634051644,29.78888477685132,724
664058,"Fletcher, David","R","66.561288462",24.701733036781217,7.2586285949505,-5.189195896663405,0.6153846153846153,3.342955421529556,30.236691622747237,26.893736201217678,21.566626944196663,13
669289,"Espinal, Santiago","R","66.547426574",34.771986632465726,8.203754617308855,0.571659962831989,0.49016393442622946,-4.544316616016023,29.65357487900999,34.197891495026006,26.298329135775678,610
645444,"Herrera, Jose","R","66.515012644",34.60559782413911,8.858898673511328,-6.949313608446625,0.48850574712643696,10.18549865388468,32.179390320522835,21.993891666638163,26.106797711813293,174
624428,"Frazier, Adam","L","66.503626929",37.50217117259784,10.495638533544675,-0.7628060417071082,0.4522821576763485,4.8883456928210265,25.091675349285232,20.20332965646421,22.22285241233403,482
670869,"Soto, Livan","L","66.478778846",37.233892419153,11.374701118947565,-1.5811737171139468,0.5,2.482531178001963,28.086461678325023,25.603930500323063,23.999467969248858,26
607054,"Peterson, Jace","L","66.413553421",34.87448715863101,12.175582604285665,-5.0382252413558835,0.49999999999999994,5.480934022805705,34.76669468829334,29.285760665487643,26.757702960285958,38
660844,"Rivas, Leo","R","66.3961525",37.667129435797456,14.144076017147759,-1.5865185650831155,0.5603448275862069,1.1547882718775895,30.160882589240174,29.006094317362585,22.999173870516064,116
660688,"Ruiz, Keibert","R","66.387764787",32.27314556830725,9.873769839772269,-12.516238959364975,0.5569272976680382,4.828173962657343,37.46090425402124,32.6327302913639,25.206588018112996,729
683083,"Nuñez, Nasim","R","66.3505195",27.239405132527622,1.1176598877381456,12.286951663593282,0.26000000000000006,-3.566031621002459,24.879176984128442,28.445208605130897,28.57606842805083,100
686217,"Frelick, Sal","L","66.30572142",30.349550727578706,5.587049226727372,0.6174418672514391,0.4076704545454545,-5.643218946722998,24.786813450923333,30.430032397646332,28.627276931597,704
501303,"Adrianza, Ehire","R","66.236217073",33.86388605243914,9.982090400429824,-0.40769664254666893,0.4878048780487806,-2.11009433682967,25.528379245580805,27.638473582410477,24.903463695470005,41
668930,"Turang, Brice","L","66.175255351",30.285273341235808,1.0888923777819686,6.144521952933911,0.2594594594594595,5.7214615682617636,31.04338713046345,25.321925562201685,26.089753985900213,925
664770,"Lukes, Nathan","L","66.156926711",35.156425992421234,7.683003001539687,8.25729078643536,0.47368421052631593,-2.399529024996905,25.536036992126284,27.93556601712319,29.999447377777237,152
642180,"Wade, Tyler","L","66.151523812",33.270089345274926,7.278226949155143,-0.6899919216659736,0.5027624309392265,-4.565199624607064,27.52411225435939,32.08931187896646,27.306035055553437,181
527038,"Flores, Wilmer","R","66.005324587",31.677242847954872,10.707873373797717,-6.134745682029659,0.5504587155963303,3.1302329403441242,31.126026380507998,27.995793440163865,24.419014236511746,327
676701,"Trejo, Alan","R","65.97701866",35.45648900740808,12.704786059776279,-1.4494584920891556,0.5876288659793812,4.101586590902681,32.82221059401833,28.720624003115642,28.792658511470005,97
686765,"Sogard, Nick","R","65.873451724",37.445242958803206,15.674644382687147,0.8995748980762615,0.4827586206896551,17.273112199109534,34.72781387971464,17.45470168060511,25.46398253547772,145
553882,"Narváez, Omar","L","65.762583661",34.914471436943806,8.620969817446944,-0.4610377441837071,0.49999999999999994,3.003462900027007,29.324331627590134,26.32086872756313,28.593704426081633,112
687066,"Yang, Eric","R","65.6164025",26.46693388219662,2.7848005818543955,9.183666108874336,0.25,-3.1443698116586964,25.998907839777587,29.143277651436282,27.41864613306171,4
657061,"Tucker, Cole","R","65.60446186",34.97200459655804,9.585528261755321,7.7295067629144585,0.5581395348837209,0.8115442042721069,28.243927293736874,27.432383089464764,32.82602878818006,86
665561,"Marchán, Rafael","R","65.56661961",33.67324995084118,14.553976826803265,-1.3604748868693801,0.5974025974025976,5.759481236957443,30.726073825591822,24.96659258863438,26.89552936970014,77
665877,"Fermín, José","R","65.463569266",31.45406717114855,7.385991686925595,-4.5721435969582185,0.49541284403669705,0.777199715303001,30.637855342155923,29.860655626852928,25.8939867449673,109
669392,"Taylor, Samad","R","65.4525625",34.95550403671511,14.578366707427723,8.87220094927049,0.5,13.922103342763819,33.25597264195112,19.3338692991873,23.762583477936893,4
663611,"Madrigal, Nick","R","65.401021871",28.459074726630245,3.089440305524931,6.317442993735161,0.3669064748201438,3.682341319069881,26.39820646113222,22.715865142062334,23.925536228268566,139
694384,"Schanuel, Nolan","L","65.183387724",39.18687973229454,9.070526215678083,0.9816499567635609,0.4641943734015345,-2.8941045746461045,27.698446242338584,30.592550816984684,23.3415366864849,782
457759,"Turner, Justin","R","65.058389488",34.48498066831057,9.26943319424987,-0.3591460542179183,0.5232558139534886,5.69575633893857,37.071886115001995,31.376129776063422,21.798217585683442,860
669397,"Allen, Nick","R","65.047293386",27.696528863401465,5.814621910996445,-4.651286423688078,0.5039370078740156,6.078249280860267,33.479345539124076,27.40109625826381,27.03819269650658,127
674441,"Hurtubise, Jacob","L","65.025201359",33.861428494706914,6.971882671123727,-5.0681245537517725,0.43689320388349506,-5.9383114527423695,27.527959049689567,33.46627050243194,24.70763133242339,103
641645,"Guillorme, Luis","L","64.943253253",34.736881309393276,5.194836450471565,14.600733790106249,0.39383561643835613,-9.499498772835206,19.27662241747601,28.77612119031121,27.983952625683933,292
670092,"Brooks, Trenton","L","64.82146175",33.896445076656875,13.358406000267316,-2.7828052273378705,0.6,2.450880630990291,29.063571753534042,26.61269112254375,26.538909850509363,40
669364,"Edwards, Xavier","R","64.505551523",32.775239918906,3.932059092931202,6.927804092525899,0.37037037037037035,6.2286843889786,25.018645864365485,18.789961475386885,25.028776047008165,486
683021,"Stefanic, Michael","R","64.437093374",33.46788214509096,3.1199050579570624,2.7418308933242117,0.29447852760736176,1.1559897932313954,27.603611452615574,26.447621659384183,27.86018409076745,163
680757,"Kwan, Steven","L","64.427730594",35.83374514287043,3.6177978468578416,-2.8674767582205294,0.3655274888558692,3.796153360084943,28.22485574441844,24.4287023843335,22.907340741366948,673
670032,"Lopez, Nicky","L","64.152404",27.868648477578887,8.68141044282106,8.09766583942027,0.6031250000000002,8.744301367500785,24.490655025441786,15.746353657941002,30.98928207841951,640
805779,"Wilson, Jacob","R","63.488260616",34.962293787900904,5.2366947482202875,-6.400217182591702,0.3698630136986301,4.774423824145575,32.87847177006551,28.10404794591993,22.986211299163067,146
593160,"Merrifield, Whit","R","63.387309637",35.10339253340076,10.135792573544185,0.062139851585732916,0.47649572649572647,1.3403336333641407,29.493395404943186,28.15306177157904,27.905045101421436,468
650333,"Arraez, Luis","L","63.149960605",38.287377272908046,7.574512272590868,4.243157452006608,0.4462982273201252,-0.5856827678750361,32.69667761821786,33.28236038609291,25.30853588388922,959
643393,"Kemp, Tony","L","62.56369",33.13627192269164,12.674270328187623,-4.520687552209367,0.5,9.354300091974626,25.866354515725895,16.51205442375127,24.556169712307685,8
543518,"McGough, Scott","R","56.72912",26.51367312778151,-16.680759719154903,50.516877573282954,0,-28.11527866857605,-0.8697854048182343,27.245493263757815,28.79918589010041,1