"id","name","swings_competitive","percent_swings_competitive","contact","avg_bat_speed","hard_swing_rate","squared_up_per_bat_contact","squared_up_per_swing","blast_per_bat_contact","blast_per_swing","swing_length","swords","batter_run_value","whiffs","whiff_per_swing","batted_ball_events","batted_ball_event_per_swing"
519317,"Stanton, Giancarlo",448,0.9068825910931174,283,"80.620201027",0.9732142857142857,0.3003533568904594,0.18973214285714285,0.26148409893992935,0.16517857142857142,"8.788955402",4,9.009905652351708,165,0.36830357142857145,141,0.31473214285714285
665833,"Cruz, Oneil",816,0.9056603773584906,551,"78.784484449",0.7830882352941175,0.32304900181488205,0.2181372549019608,0.24682395644283123,0.16666666666666666,"7.76323761",19,-21.54716855606913,265,0.3247549019607843,270,0.33088235294117646
691406,"Caminero, Junior",1091,0.9068994181213632,839,"78.537769633",0.8111824014665446,0.2908224076281287,0.2236480293308891,0.22407628128724671,0.17231897341888175,"8.418545628",21,2.0417289334147357,252,0.230980751604033,427,0.3913840513290559
656180,"Adams, Riley",500,0.9041591320072333,341,"78.30455994",0.792,0.23460410557184752,0.16,0.18181818181818182,0.124,"7.85196294",14,-22.656717311953496,159,0.318,148,0.296
691023,"Walker, Jordan",686,0.9050131926121372,465,"78.069257522",0.7784256559766765,0.26666666666666666,0.18075801749271136,0.2,0.13556851311953352,"8.258906224",21,-19.14626067890869,221,0.32215743440233235,231,0.336734693877551
678877,"Noel, Jhonkensy",306,0.9134328358208955,212,"77.867274118",0.7320261437908497,0.20754716981132076,0.1437908496732026,0.1320754716981132,0.0915032679738562,"7.534005654",6,-15.190353768658298,94,0.30718954248366015,91,0.2973856209150327
666176,"Adell, Jo",1032,0.9028871391076115,779,"77.613888062",0.7335271317829457,0.26187419768934533,0.19767441860465115,0.19127086007702182,0.14437984496124032,"7.728556453",30,0.667368437813085,253,0.2451550387596899,354,0.3430232558139535
695506,"Caglianone, Jac",392,0.9095127610208816,297,"77.409733367",0.7346938775510204,0.25925925925925924,0.19642857142857142,0.19865319865319866,0.15051020408163265,"7.623754464",4,-22.766060823040515,95,0.2423469387755102,146,0.37244897959183676
656941,"Schwarber, Kyle",1138,0.9003164556962026,807,"77.316244517",0.7706502636203867,0.322180916976456,0.22847100175746923,0.24659231722428748,0.17486818980667837,"7.530869815",51,11.199153320743234,331,0.29086115992970124,385,0.3383128295254833
671286,"Rodríguez, Johnathan",123,0.9111111111111111,76,"77.272999919",0.6747967479674799,0.3815789473684211,0.23577235772357724,0.27631578947368424,0.17073170731707318,"8.068561626",3,-3.1035130544703913,47,0.3821138211382114,47,0.3821138211382114
701762,"Kurtz, Nick",728,0.91,487,"77.216198269",0.7266483516483516,0.2936344969199179,0.19642857142857142,0.22176591375770022,0.14835164835164835,"7.702808571",18,22.938205625956645,241,0.33104395604395603,242,0.3324175824175824
695657,"Montgomery, Colson",494,0.9080882352941176,346,"77.0448783",0.7165991902834009,0.25722543352601157,0.18016194331983806,0.17630057803468208,0.12348178137651822,"7.80039504",8,4.782776019670253,148,0.29959514170040485,163,0.3299595141700405
592450,"Judge, Aaron",1015,0.9022222222222223,685,"76.992197803",0.7162561576354677,0.3416058394160584,0.23054187192118228,0.2510948905109489,0.16945812807881774,"8.109203547",35,34.14853191953659,330,0.3251231527093596,347,0.341871921182266
665489,"Guerrero Jr., Vladimir",927,0.9124015748031497,734,"76.664463484",0.6774541531823084,0.37193460490463215,0.29449838187702265,0.2574931880108992,0.20388349514563106,"7.632336192",8,4.929227111201708,193,0.20819848975188782,454,0.48975188781014023
670242,"Wallner, Matt",693,0.90234375,448,"76.567157042",0.6854256854256856,0.25223214285714285,0.16305916305916307,0.16964285714285715,0.10966810966810966,"7.422964863",21,-3.6821847534462093,245,0.35353535353535354,204,0.2943722943722944
641343,"Bauers, Jake",346,0.9081364829396326,266,"76.452483468",0.7138728323699421,0.2781954887218045,0.2138728323699422,0.16917293233082706,0.13005780346820808,"7.725719798",7,-6.622919555458407,80,0.23121387283236994,118,0.34104046242774566
677594,"Rodríguez, Julio",1212,0.905829596412556,884,"76.437334686",0.6386138613861386,0.3076923076923077,0.22442244224422442,0.19796380090497737,0.1443894389438944,"7.674201295",19,-2.488492786667382,328,0.2706270627062706,458,0.3778877887788779
660670,"Acuña Jr., Ronald",707,0.8994910941475827,502,"76.414268656",0.6732673267326734,0.28286852589641437,0.20084865629420084,0.199203187250996,0.14144271570014144,"7.593044752",17,1.8901222995738622,205,0.28995756718529,226,0.31966053748231965
670541,"Alvarez, Yordan",316,0.9106628242074928,244,"76.132676551",0.629746835443038,0.35655737704918034,0.27531645569620256,0.22950819672131148,0.17721518987341772,"7.741933291",1,-7.002546269579495,72,0.22784810126582278,124,0.3924050632911392
669003,"Mitchell, Garrett",118,0.9076923076923077,85,"76.117896017",0.7033898305084747,0.24705882352941178,0.17796610169491525,0.17647058823529413,0.1271186440677966,"7.419650847",6,-5.408701799222179,33,0.2796610169491525,41,0.3474576271186441
656577,"Jackson, Alex",172,0.91005291005291,112,"76.106544651",0.6279069767441863,0.24107142857142858,0.1569767441860465,0.17857142857142858,0.11627906976744186,"7.824623663",2,-1.6400459876461673,60,0.3488372093023256,51,0.29651162790697677
695578,"Wood, James",1029,0.901840490797546,721,"76.045597784",0.6268221574344023,0.3356449375866852,0.23517978620019436,0.2274618585298197,0.15937803692905733,"7.660401516",44,-1.1969703349951966,308,0.29931972789115646,353,0.3430515063168124
575929,"Contreras, Willson",926,0.9034146341463415,666,"75.993222084",0.6209503239740819,0.2912912912912913,0.20950323974082075,0.1831831831831832,0.13174946004319654,"7.962314244",14,-10.202626987773405,260,0.28077753779697623,319,0.3444924406047516
666624,"Morel, Christopher",552,0.8990228013029316,351,"75.970519783",0.6195652173913045,0.2905982905982906,0.18478260869565216,0.16524216524216523,0.10507246376811594,"8.236817047",17,-12.288416273283842,201,0.3641304347826087,157,0.28442028985507245
672744,"Canario, Alexander",428,0.904862579281184,268,"75.96625729",0.5911214953271026,0.2574626865671642,0.16121495327102803,0.14925373134328357,0.09345794392523364,"8.09011736",5,-15.425120586373971,160,0.37383177570093457,126,0.29439252336448596
663609,"Baker, Luken",65,0.8904109589041096,45,"75.965784615",0.6461538461538462,0.35555555555555557,0.24615384615384617,0.2222222222222222,0.15384615384615385,"7.942834154",0,-2.2362652980334623,20,0.3076923076923077,23,0.35384615384615387
680718,"Barger, Addison",855,0.9076433121019108,641,"75.928020187",0.6269005847953216,0.30577223088923555,0.22923976608187135,0.2059282371294852,0.1543859649122807,"7.657877567",7,-13.72368764769068,214,0.25029239766081873,316,0.3695906432748538
663586,"Riley, Austin",800,0.9019165727170236,577,"75.887103088",0.6050000000000001,0.2755632582322357,0.19875,0.1923743500866551,0.13875,"7.567306888",18,-14.124676305059253,223,0.27875,265,0.33125
595751,"Alfaro, Jorge",88,0.9263157894736842,57,"75.876752955",0.6136363636363636,0.22807017543859648,0.14772727272727273,0.10526315789473684,0.06818181818181818,"7.010970455",1,-2.3695997667155373,31,0.3522727272727273,24,0.2727272727272727
660821,"Sánchez, Jesús",826,0.9066959385290889,621,"75.851158487",0.5883777239709442,0.30434782608695654,0.2288135593220339,0.18679549114331723,0.14043583535108958,"6.918172554",14,-24.85054572308115,205,0.24818401937046006,316,0.38256658595641646
660271,"Ohtani, Shohei",1149,0.9025923016496465,788,"75.848867685",0.618798955613577,0.36421319796954316,0.24978241949521324,0.26015228426395937,0.1784160139251523,"7.932627581",14,25.066754931089125,361,0.31418624891209745,389,0.33855526544821585
669432,"Rogers, Trevor",1,1,0,"75.81402",1,NaN,,NaN,,"8.3424",0,-0.05481668824015785,1,,0,
669194,"Nelson, Ryne",1,1,1,"75.77985",1,0,0,0,0,"7.05599",0,0.5049105053247739,0,0,1,1
677956,"Hinds, Rece",82,0.9010989010989011,38,"75.735458659",0.5975609756097561,0.3157894736842105,0.14634146341463414,0.18421052631578946,0.08536585365853659,"7.963156098",1,-3.407358148206354,44,0.5365853658536586,20,0.24390243902439024
673357,"Robert Jr., Luis",723,0.9026217228464419,518,"75.613043555",0.5739972337482713,0.28378378378378377,0.2033195020746888,0.1640926640926641,0.11756569847856155,"7.81207177",19,-14.895848723691302,205,0.2835408022130014,257,0.355463347164592
662139,"Varsho, Daulton",452,0.904,319,"75.60905042",0.561946902654867,0.2884012539184953,0.20353982300884957,0.15047021943573669,0.10619469026548672,"7.875624779",5,5.73029068637007,133,0.2942477876106195,153,0.33849557522123896
682985,"Greene, Riley",1255,0.9074475777295734,866,"75.60623192",0.5721115537848609,0.24595842956120093,0.1697211155378486,0.151270207852194,0.10438247011952191,"7.274556876",6,-13.09729666895663,389,0.3099601593625498,359,0.2860557768924303
676812,"McCusker, Carson",51,0.8947368421052632,27,"75.533286078",0.5882352941176471,0.18518518518518517,0.09803921568627451,0.14814814814814814,0.0784313725490196,"7.784885882",0,-3.560721663162645,24,0.47058823529411764,13,0.2549019607843137
694212,"Basallo, Samuel",214,0.9067796610169492,153,"75.494351542",0.5560747663551402,0.2549019607843137,0.1822429906542056,0.1830065359477124,0.1308411214953271,"7.363863551",4,-10.097093993722105,61,0.2850467289719626,72,0.3364485981308411
663662,"Cameron, Daz",75,0.8928571428571429,58,"75.437083867",0.4933333333333335,0.2413793103448276,0.18666666666666668,0.10344827586206896,0.08,"6.9784948",1,-3.0734411544559714,17,0.22666666666666666,25,0.3333333333333333
683002,"Henderson, Gunnar",1061,0.9122957867583835,821,"75.340720999",0.53440150801131,0.32399512789281365,0.25070688030160226,0.20341047503045068,0.15739868049010367,"7.278690434",21,-14.388135040917279,240,0.22620169651272384,417,0.3930254476908577
686948,"Baldwin, Drake",778,0.9067599067599068,638,"75.302231992",0.5642673521850899,0.31191222570532917,0.25578406169665807,0.1896551724137931,0.15552699228791775,"7.184185013",9,-1.5511166364708657,140,0.17994858611825193,316,0.40616966580976865
624413,"Alonso, Pete",1133,0.9085805934242182,858,"75.256778967",0.5339805825242718,0.3356643356643357,0.25419240953221534,0.22727272727272727,0.17210944395410416,"7.057215755",15,-3.5458421090616152,275,0.24271844660194175,433,0.382171226831421
663728,"Raleigh, Cal",1282,0.9009135628952917,918,"75.240044431",0.5468018720748832,0.2777777777777778,0.19890795631825273,0.17429193899782136,0.12480499219968799,"7.89323259",29,5.85527893311586,364,0.2839313572542902,383,0.29875195007800315
656541,"Hilliard, Sam",105,0.9292035398230089,64,"75.231027238",0.561904761904762,0.296875,0.18095238095238095,0.1875,0.11428571428571428,"7.201278476",2,-2.800384568696305,41,0.3904761904761905,26,0.24761904761904763
682663,"Ramírez, Agustín",945,0.9104046242774566,719,"75.23016891",0.5544973544973546,0.3198887343532684,0.24338624338624337,0.21557719054242003,0.164021164021164,"7.505137651",19,-21.178508166266084,226,0.23915343915343915,399,0.4222222222222222
663624,"Mountcastle, Ryan",691,0.9092105263157895,477,"75.209663473",0.5267727930535456,0.2746331236897275,0.18958031837916064,0.1509433962264151,0.10419681620839363,"7.532170564",13,-14.229017053904533,214,0.3096960926193922,220,0.3183791606367583
701350,"Anthony, Roman",415,0.8982683982683982,300,"75.14686412",0.5253012048192772,0.37,0.2674698795180723,0.22333333333333333,0.1614457831325301,"7.402517687",18,-0.5140467438909693,115,0.27710843373493976,153,0.3686746987951807
671213,"Casas, Triston",190,0.9090909090909091,130,"75.123075737",0.5421052631578945,0.27692307692307694,0.18947368421052632,0.17692307692307693,0.12105263157894737,"7.991144421",3,-9.025882319272235,60,0.3157894736842105,64,0.3368421052631579
672356,"Arias, Gabriel",911,0.9082751744765702,556,"75.07646303",0.5268935236004391,0.2751798561151079,0.16794731064763996,0.1618705035971223,0.09879253567508232,"7.616500099",22,-29.676175679872358,355,0.3896816684961581,257,0.28210757409440174
621439,"Buxton, Byron",934,0.9050387596899225,665,"75.034829251",0.5053533190578158,0.318796992481203,0.22698072805139186,0.20300751879699247,0.14453961456102785,"7.93421576",15,11.804726778960035,269,0.2880085653104925,332,0.3554603854389722
669065,"Stowers, Kyle",814,0.9024390243902439,566,"75.003284631",0.5171990171990173,0.29858657243816256,0.2076167076167076,0.17491166077738515,0.12162162162162163,"6.737465393",24,4.866741812072711,248,0.3046683046683047,259,0.3181818181818182
805904,"Cole, Zach",78,0.896551724137931,45,"74.976982051",0.4871794871794871,0.17777777777777778,0.10256410256410256,0.13333333333333333,0.07692307692307693,"7.390894359",3,0.7011265937746796,33,0.4230769230769231,16,0.20512820512820512
691373,"Garcia, Jhostynxon",14,0.875,8,"74.966657143",0.5,0.125,0.07142857142857142,0,0,"7.892589286",1,-0.5359216451176233,6,0.42857142857142855,2,0.14285714285714285
656305,"Chapman, Matt",824,0.9064906490649065,627,"74.95186142",0.5084951456310678,0.29984051036682613,0.22815533980582525,0.18022328548644337,0.13713592233009708,"7.486535886",20,-15.09182443886769,197,0.23907766990291263,301,0.36529126213592233
680769,"Alexander, CJ",32,0.8888888888888888,18,"74.881265313",0.46875,0.1111111111111111,0.0625,0.05555555555555555,0.03125,"7.9768",1,-2.321421771930422,14,0.4375,9,0.28125
695600,"Jensen, Carter",125,0.9124087591240876,95,"74.87881096",0.4399999999999999,0.35789473684210527,0.272,0.25263157894736843,0.192,"6.87470632",4,2.4766805004865047,30,0.24,43,0.344
687515,"Thomas, Colby",242,0.9029850746268657,162,"74.815456818",0.49173553719008256,0.2716049382716049,0.18181818181818182,0.19753086419753085,0.1322314049586777,"7.684781405",7,-1.1388153983726914,80,0.3305785123966942,71,0.29338842975206614
683146,"Baty, Brett",717,0.9053030303030303,527,"74.80152152",0.48535564853556484,0.3092979127134725,0.22733612273361228,0.174573055028463,0.12831241283124128,"7.358614142",16,-5.1843528115146,190,0.2649930264993027,261,0.36401673640167365
683357,"Caissie, Owen",55,0.9016393442622951,32,"74.785902182",0.5454545454545453,0.15625,0.09090909090909091,0.03125,0.01818181818181818,"6.923442545",1,-2.5108013424946116,23,0.41818181818181815,12,0.21818181818181817
685301,"Gorski, Matt",80,0.898876404494382,52,"74.7819525",0.46249999999999997,0.23076923076923078,0.15,0.1346153846153846,0.0875,"7.918019",4,-1.4487290928560579,28,0.35,22,0.275
680776,"Duran, Jarren",1090,0.9083333333333333,797,"74.780223881",0.47522935779816516,0.3199498117942284,0.23394495412844038,0.1944792973651192,0.14220183486238533,"7.483983569",21,-15.271286595216651,293,0.26880733944954127,417,0.38256880733944953
657757,"Sheets, Gavin",916,0.9078295341922695,732,"74.776802238",0.5185589519650654,0.3128415300546448,0.25,0.1762295081967213,0.1408296943231441,"7.744474476",20,-10.223614010792174,184,0.20087336244541484,374,0.40829694323144106
642133,"Tellez, Rowdy",505,0.9017857142857143,372,"74.750592416",0.485148514851485,0.3279569892473118,0.24158415841584158,0.1881720430107527,0.13861386138613863,"7.962980733",11,-9.55101355052201,133,0.2633663366336634,188,0.3722772277227723
691723,"Mayo, Coby",448,0.9032258064516129,311,"74.732967813",0.4776785714285715,0.2508038585209003,0.17410714285714285,0.1382636655948553,0.09598214285714286,"7.321488013",3,-10.811538108195894,137,0.30580357142857145,160,0.35714285714285715
682998,"Carroll, Corbin",1082,0.9039264828738512,829,"74.653640647",0.455637707948244,0.3039806996381182,0.23290203327171904,0.1942098914354644,0.1487985212569316,"7.305025518",20,-2.8026556975090577,253,0.23382624768946395,383,0.3539741219963031
669394,"Burger, Jake",648,0.9050279329608939,464,"74.646523071",0.5000000000000001,0.31896551724137934,0.22839506172839505,0.21551724137931033,0.15432098765432098,"7.434226512",13,-15.07549318077632,184,0.2839506172839506,240,0.37037037037037035
606466,"Marte, Ketel",844,0.9075268817204301,663,"74.616460948",0.45497630331753547,0.3559577677224736,0.2796208530805687,0.19306184012066366,0.15165876777251186,"7.834037192",14,-2.6059910510384805,181,0.21445497630331753,365,0.4324644549763033
666211,"Trammell, Taylor",218,0.9008264462809917,134,"74.565880688",0.44495412844036686,0.31343283582089554,0.1926605504587156,0.1417910447761194,0.0871559633027523,"7.804369266",6,-9.157171043153026,84,0.3853211009174312,69,0.3165137614678899
692585,"Fernández, Yanquiel",290,0.9206349206349206,203,"74.534854241",0.4517241379310345,0.2512315270935961,0.17586206896551723,0.12315270935960591,0.08620689655172414,"8.000572172",2,-7.533976944107521,87,0.3,89,0.30689655172413793
666464,"Encarnacion, Jerar",84,0.9032258064516129,56,"74.525672857",0.5357142857142856,0.375,0.25,0.19642857142857142,0.13095238095238096,"7.773504048",0,-3.4766442689246677,28,0.3333333333333333,37,0.44047619047619047
592669,"Renfroe, Hunter",151,0.8988095238095238,120,"74.511787152",0.4370860927152318,0.31666666666666665,0.25165562913907286,0.15,0.11920529801324503,"7.586721589",3,-11.779041298183552,31,0.2052980132450331,75,0.4966887417218543
701358,"Smith, Cam",885,0.9049079754601227,640,"74.498750667",0.4689265536723164,0.2546875,0.18418079096045198,0.1453125,0.10508474576271186,"7.315622395",16,-22.3520763232456,245,0.2768361581920904,294,0.33220338983050846
682829,"De La Cruz, Elly",1083,0.9055183946488294,750,"74.485111062",0.4496768236380425,0.344,0.23822714681440443,0.204,0.14127423822714683,"7.188370813",32,-16.818128744316184,333,0.3074792243767313,409,0.37765466297322253
592518,"Machado, Manny",1185,0.9045801526717557,891,"74.470258042",0.43037974683544306,0.35353535353535354,0.26582278481012656,0.21997755331088664,0.16540084388185655,"7.822820886",20,-16.378292677774912,294,0.2481012658227848,456,0.3848101265822785
668723,"Vilade, Ryan",29,0.90625,23,"74.439548966",0.44827586206896547,0.21739130434782608,0.1724137931034483,0.21739130434782608,0.1724137931034483,"7.135798276",0,-2.6693756058364406,6,0.20689655172413793,7,0.2413793103448276
656484,"Gray, Tristan",141,0.8980891719745223,93,"74.432102482",0.49645390070921996,0.3225806451612903,0.2127659574468085,0.1827956989247312,0.12056737588652482,"7.31184234",3,-5.493121691559416,48,0.3404255319148936,52,0.36879432624113473
676044,"Seymour, Bob",134,0.8993288590604027,87,"74.398529627",0.4552238805970148,0.28735632183908044,0.1865671641791045,0.12643678160919541,0.08208955223880597,"7.523574478",2,-5.444145591706119,47,0.35074626865671643,39,0.291044776119403
671056,"Herrera, Iván",703,0.9059278350515464,549,"74.395397681",0.47652916073968715,0.3224043715846995,0.25177809388335703,0.18761384335154827,0.1465149359886202,"7.840217368",4,-9.024973254005639,154,0.21906116642958748,273,0.3883357041251778
696100,"Goodman, Hunter",1035,0.905511811023622,728,"74.380206309",0.4270531400966183,0.3090659340659341,0.21739130434782608,0.16346153846153846,0.11497584541062802,"7.255008937",27,5.813713199840313,307,0.2966183574879227,356,0.34396135265700484
665052,"Conine, Griffin",139,0.9084967320261438,90,"74.353790863",0.45323741007194246,0.35555555555555557,0.2302158273381295,0.2,0.12949640287769784,"7.514512158",1,1.5710868179515576,49,0.35251798561151076,51,0.3669064748201439
677951,"Witt Jr., Bobby",1110,0.9076042518397384,864,"74.344038676",0.4522522522522522,0.3472222222222222,0.2702702702702703,0.19907407407407407,0.15495495495495495,"7.035376198",24,-1.5946512713367194,246,0.22162162162162163,453,0.4081081081081081
683770,"Robertson, Will",125,0.8992805755395683,85,"74.33359184",0.48000000000000015,0.21176470588235294,0.144,0.11764705882352941,0.08,"7.98960888",5,-9.051728863874853,40,0.32,42,0.336
671739,"Harris II, Michael",1073,0.9039595619208087,824,"74.324738145",0.4072693383038211,0.3118932038834951,0.23951537744641194,0.18810679611650485,0.14445479962721341,"8.043171855",22,-29.58139112785956,249,0.2320596458527493,438,0.4082013047530289
667690,"Stubbs, C.J.",6,1,6,"74.316933333",0.5,0.3333333333333333,0.3333333333333333,0.16666666666666666,0.16666666666666666,"7.183013333",0,-0.7691006666272371,0,0,3,0.5
672016,"Clarke, Denzel",260,0.9122807017543859,179,"74.2957655",0.43076923076923074,0.2849162011173184,0.19615384615384615,0.1452513966480447,0.1,"7.7044875",7,-2.866748312332987,81,0.31153846153846154,82,0.3153846153846154
663698,"Bart, Joey",468,0.9017341040462428,341,"74.257741902",0.44230769230769235,0.2961876832844575,0.21581196581196582,0.16422287390029325,0.11965811965811966,"7.319966795",16,-18.79218740916094,127,0.27136752136752135,167,0.35683760683760685
663853,"Gonzalez, Romy",590,0.9021406727828746,425,"74.255691322",0.44745762711864395,0.3811764705882353,0.2745762711864407,0.2541176470588235,0.18305084745762712,"6.768220051",9,3.615203220559965,165,0.2796610169491525,222,0.376271186440678
671284,"Elko, Tim",128,0.9014084507042254,92,"74.192130234",0.453125,0.2391304347826087,0.171875,0.17391304347826086,0.125,"7.922909453",4,-5.3982389256414764,36,0.28125,37,0.2890625
547180,"Harper, Bryce",1033,0.9013961605584643,734,"74.188664105",0.4433688286544046,0.3010899182561308,0.21393998063891578,0.18392370572207084,0.13068731848983542,"7.340089903",15,-8.685617007501945,299,0.2894482090997096,348,0.33688286544046464
677592,"Pereira, Everson",122,0.8905109489051095,71,"74.159120656",0.3360655737704919,0.323943661971831,0.1885245901639344,0.14084507042253522,0.08196721311475409,"8.067588607",9,-7.791608983397713,51,0.4180327868852459,35,0.28688524590163933
691785,"Mayer, Marcelo",228,0.8976377952755905,170,"74.121970132",0.40350877192982465,0.2823529411764706,0.21052631578947367,0.16470588235294117,0.12280701754385964,"7.84164557",6,-8.219061546919729,58,0.2543859649122807,76,0.3333333333333333
572233,"Walker, Christian",1157,0.9017926734216679,842,"74.121950838",0.41918755401901464,0.28859857482185275,0.21002592912705273,0.16389548693586697,0.11927398444252377,"7.475370778",54,-24.42773764125977,315,0.2722558340535869,380,0.32843560933448573
677800,"Abreu, Wilyer",745,0.9063260340632603,593,"74.113350443",0.40939597315436244,0.2748735244519393,0.21879194630872484,0.16863406408094436,0.1342281879194631,"7.118607423",15,-4.879121689955463,152,0.2040268456375839,265,0.35570469798657717
642215,"Wilson, Weston",204,0.9066666666666666,142,"74.060964902",0.41666666666666663,0.28169014084507044,0.19607843137254902,0.1267605633802817,0.08823529411764706,"7.761845686",2,-8.840804260450708,62,0.30392156862745096,68,0.3333333333333333
691176,"Domínguez, Jasson",769,0.9111374407582938,566,"74.059258804",0.38491547464239273,0.28975265017667845,0.21326397919375814,0.17314487632508835,0.12743823146944083,"7.794933602",7,-13.403110579139783,203,0.26397919375812745,254,0.33029908972691807
663898,"Rodgers, Brendan",203,0.8982300884955752,128,"74.051313251",0.40394088669950745,0.3046875,0.1921182266009852,0.1875,0.11822660098522167,"7.31367931",3,-5.0749630044437755,75,0.3694581280788177,64,0.31527093596059114
545361,"Trout, Mike",857,0.9021052631578947,617,"74.049968238",0.40140023337222874,0.2739059967585089,0.1971995332555426,0.16369529983792544,0.11785297549591599,"7.462248705",25,-13.688381473882881,240,0.28004667444574094,262,0.3057176196032672
641857,"McMahon, Ryan",1001,0.9042457091237579,670,"74.025842228",0.40059940059940063,0.31343283582089554,0.2097902097902098,0.1701492537313433,0.11388611388611389,"7.443851459",28,-35.35739927577849,331,0.3306693306693307,299,0.2987012987012987
676724,"Young, Jared",80,0.898876404494382,55,"74.0180245",0.3499999999999999,0.23636363636363636,0.1625,0.14545454545454545,0.1,"7.320869125",3,-1.548280859160593,25,0.3125,27,0.3375
624585,"Soler, Jorge",517,0.9070175438596492,377,"74.017521644",0.41199226305609293,0.2917771883289125,0.2127659574468085,0.16445623342175067,0.11992263056092843,"7.725893617",8,-8.18077303252937,140,0.27079303675048355,184,0.35589941972920697
671218,"Ramos, Heliot",1122,0.9048387096774193,855,"74.003327959",0.4465240641711231,0.32748538011695905,0.24955436720142601,0.1824561403508772,0.13903743315508021,"6.83663451",24,-29.45606812614173,267,0.23796791443850268,430,0.38324420677361853
682626,"Alvarez, Francisco",449,0.907070707070707,305,"73.974980312",0.40757238307349664,0.3770491803278688,0.2561247216035635,0.21967213114754097,0.1492204899777283,"7.236954031",11,-4.343367423490824,144,0.3207126948775056,161,0.3585746102449889
665487,"Tatis Jr., Fernando",1036,0.9048034934497816,774,"73.960078147",0.4266409266409266,0.3695090439276486,0.27606177606177607,0.21834625322997417,0.16312741312741313,"7.28345333",32,-18.964127098134565,262,0.2528957528957529,415,0.40057915057915056
691016,"Soderstrom, Tyler",957,0.9096958174904943,730,"73.955961735",0.37931034482758624,0.33013698630136984,0.25182863113897597,0.20821917808219179,0.1588296760710554,"7.480378662",27,-11.071224146778762,227,0.23719958202716823,376,0.3928944618599791
624424,"Conforto, Michael",835,0.9155701754385965,641,"73.955932287",0.42634730538922155,0.27301092043681746,0.20958083832335328,0.14040561622464898,0.10778443113772455,"7.304327126",7,-34.48168750604065,194,0.23233532934131737,286,0.34251497005988024
641933,"O'Neill, Tyler",344,0.900523560209424,235,"73.952959564",0.3459302325581394,0.3191489361702128,0.2180232558139535,0.16170212765957448,0.11046511627906977,"7.711458517",5,-18.313015881015257,109,0.3168604651162791,124,0.36046511627906974
680779,"Davis, Henry",514,0.9001751313485113,373,"73.948502821",0.39299610894941633,0.26541554959785524,0.1926070038910506,0.14209115281501342,0.10311284046692606,"7.335859455",8,-29.382563321851148,141,0.27431906614785995,170,0.33073929961089493
621566,"Olson, Matt",1256,0.9088277858176556,940,"73.94386164",0.4132165605095541,0.2925531914893617,0.21894904458598727,0.18085106382978725,0.13535031847133758,"7.47358371",21,-9.335769077944251,316,0.2515923566878981,406,0.3232484076433121
665862,"Chisholm Jr., Jazz",881,0.9054470709146968,608,"73.927217537",0.41884222474460847,0.29605263157894735,0.2043132803632236,0.16282894736842105,0.11237230419977298,"7.803667128",7,-5.460189473406364,273,0.3098751418842225,282,0.32009080590238365
545341,"Grichuk, Randal",471,0.919921875,380,"73.906862718",0.42462845010615713,0.3447368421052632,0.2781316348195329,0.2,0.1613588110403397,"7.721045732",9,-13.335943831915197,91,0.1932059447983015,192,0.40764331210191085
669261,"Suwinski, Jack",271,0.9003322259136213,189,"73.892382657",0.42435424354243545,0.21693121693121692,0.15129151291512916,0.12169312169312169,0.08487084870848709,"7.399653616",9,-20.146035823522016,82,0.3025830258302583,78,0.2878228782287823
694192,"Chourio, Jackson",992,0.9009990917347865,760,"73.879173498",0.4002016129032257,0.34342105263157896,0.26310483870967744,0.1868421052631579,0.1431451612903226,"7.507009163",22,-5.126552328116679,232,0.23387096774193547,402,0.40524193548387094
670231,"Rave, John",269,0.9026845637583892,206,"73.854857249",0.37918215613382894,0.2621359223300971,0.20074349442379183,0.16019417475728157,0.12267657992565056,"7.276658401",8,-17.911119027616998,63,0.2342007434944238,91,0.3382899628252788
664040,"Lowe, Brandon",1055,0.9055793991416309,741,"73.851873033",0.4037914691943128,0.29959514170040485,0.2104265402843602,0.15654520917678813,0.10995260663507109,"7.18868",31,-10.549466401504468,314,0.2976303317535545,341,0.3232227488151659
670042,"Raley, Luke",394,0.9057471264367816,233,"73.824952081",0.38324873096446693,0.2918454935622318,0.17258883248730963,0.1459227467811159,0.08629441624365482,"7.086418934",11,-21.00314229867184,161,0.4086294416243655,110,0.27918781725888325
669127,"Langeliers, Shea",889,0.905295315682281,672,"73.821159348",0.39595050618672667,0.3244047619047619,0.2452193475815523,0.1875,0.14173228346456693,"7.210800765",5,0.4116652669643768,217,0.2440944881889764,351,0.3948256467941507
621043,"Correa, Carlos",927,0.9097154072620216,734,"73.809263398",0.3786407766990291,0.31471389645776565,0.24919093851132687,0.18256130790190736,0.14455231930960086,"7.197621521",15,-11.571003160977885,193,0.20819848975188782,380,0.4099244875943905
677595,"Mauricio, Ronny",326,0.9106145251396648,228,"73.800171012",0.4079754601226994,0.2894736842105263,0.20245398773006135,0.14912280701754385,0.10429447852760736,"7.582320368",5,-7.082572061307175,98,0.3006134969325153,109,0.3343558282208589
666160,"Moniak, Mickey",799,0.8997747747747747,593,"73.767395569",0.37421777221526903,0.33220910623946037,0.246558197747184,0.16863406408094436,0.1251564455569462,"7.674553091",19,3.1501980943277026,206,0.25782227784730916,314,0.392991239048811
671732,"Butler, Lawrence",1039,0.9026933101650738,718,"73.750274437",0.39172281039461027,0.3050139275766017,0.2107795957651588,0.17688022284122562,0.12223291626564003,"7.082082021",26,-24.971318435129387,321,0.3089509143407122,355,0.34167468719923005
543807,"Springer, George",919,0.9027504911591355,691,"73.735197845",0.40152339499455925,0.3256150506512301,0.24483133841131666,0.1837916063675832,0.1381936887921654,"7.501546561",13,7.3970154821282215,228,0.24809575625680086,352,0.383025027203482
688760,"Crim, Blaine",116,0.8923076923076924,77,"73.668071293",0.31034482758620685,0.33766233766233766,0.22413793103448276,0.18181818181818182,0.1206896551724138,"7.303514138",3,-0.9281099107752431,39,0.33620689655172414,38,0.3275862068965517
668904,"Lewis, Royce",683,0.9034391534391535,512,"73.64248631",0.39824304538799415,0.33203125,0.24890190336749635,0.16796875,0.1259150805270864,"8.024680059",12,-4.907378367236982,171,0.25036603221083453,263,0.3850658857979502
663330,"Jones, Jahmai",237,0.9186046511627907,174,"73.642146245",0.37552742616033763,0.3045977011494253,0.22362869198312235,0.1896551724137931,0.13924050632911392,"7.611533924",2,-1.353342442851406,63,0.26582278481012656,81,0.34177215189873417
670223,"Mervis, Matt",262,0.9065743944636678,162,"73.634613893",0.36641221374045807,0.2654320987654321,0.16412213740458015,0.12962962962962962,0.08015267175572519,"8.261753244",6,-6.6587495461196475,100,0.3816793893129771,66,0.25190839694656486
700246,"Williams, Carson",178,0.9128205128205128,109,"73.631771742",0.3314606741573033,0.21100917431192662,0.12921348314606743,0.09174311926605505,0.056179775280898875,"7.587377191",3,-7.26973483924732,69,0.38764044943820225,48,0.2696629213483146
687952,"Encarnacion-Strand, Christian",236,0.9007633587786259,180,"73.615431949",0.36864406779661013,0.31666666666666665,0.24152542372881355,0.18333333333333332,0.13983050847457626,"7.351324746",2,-6.22091228053658,56,0.23728813559322035,91,0.3855932203389831
665742,"Soto, Juan",917,0.8999018645731109,752,"73.594467372",0.40894220283533267,0.3962765957446808,0.3249727371864776,0.2632978723404255,0.2159214830970556,"7.028068844",36,16.117597992119016,165,0.17993456924754633,414,0.4514721919302072
672724,"Peraza, Oswald",471,0.9040307101727447,318,"73.589181359",0.33545647558386416,0.29874213836477986,0.20169851380042464,0.14465408805031446,0.09766454352441614,"7.723878259",11,-21.76143094442611,153,0.3248407643312102,153,0.3248407643312102
676480,"Barrero, José",61,0.8970588235294118,48,"73.57536459",0.3278688524590164,0.14583333333333334,0.11475409836065574,0.0625,0.04918032786885246,"7.354208361",1,-3.7852164965967514,13,0.21311475409836064,18,0.29508196721311475
650490,"Díaz, Yandy",979,0.9064814814814814,811,"73.570977436",0.35342185903983653,0.3637484586929716,0.30132788559754853,0.2379778051787916,0.19713993871297242,"7.639619193",9,-6.88481537362096,168,0.17160367722165476,439,0.4484167517875383
700242,"Sweeney, Trey",539,0.910472972972973,396,"73.562700724",0.2912801484230056,0.2676767676767677,0.19666048237476808,0.13383838383838384,0.09833024118738404,"7.517937904",12,-22.825388528209658,143,0.2653061224489796,197,0.3654916512059369
681297,"Cowser, Colton",552,0.9019607843137255,376,"73.556015217",0.33333333333333337,0.32978723404255317,0.2246376811594203,0.16489361702127658,0.11231884057971014,"7.29702962",18,-7.742136318666823,176,0.3188405797101449,184,0.3333333333333333
667670,"Rooker, Brent",1125,0.9028892455858748,810,"73.555083458",0.35733333333333334,0.3333333333333333,0.24,0.17160493827160495,0.12355555555555556,"7.102130356",45,-12.326440256153408,315,0.28,435,0.38666666666666666
669087,"Huff, Sam",96,0.9056603773584906,55,"73.550416042",0.3645833333333333,0.2909090909090909,0.16666666666666666,0.12727272727272726,0.07291666666666667,"7.453576667",1,-2.0757290530191614,41,0.4270833333333333,26,0.2708333333333333
701305,"Dezenzo, Zach",189,0.8957345971563981,130,"73.543212011",0.29100529100529093,0.24615384615384617,0.1693121693121693,0.16923076923076924,0.1164021164021164,"7.596901111",4,-2.0777967317161945,59,0.31216931216931215,58,0.30687830687830686
664056,"Bader, Harrison",835,0.90465872156013,605,"73.527069449",0.37125748502994016,0.28264462809917357,0.20479041916167665,0.15206611570247933,0.11017964071856287,"7.150258299",18,-3.290095653245088,230,0.2754491017964072,298,0.3568862275449102
595879,"Báez, Javier",738,0.8989037758830695,529,"73.51512607",0.3441734417344174,0.30245746691871456,0.21680216802168023,0.16257088846880907,0.11653116531165311,"8.2668379",10,-9.132474582088768,209,0.28319783197831977,278,0.37669376693766937
687529,"McCray, Grant",43,0.9555555555555556,28,"73.447475116",0.3720930232558139,0.21428571428571427,0.13953488372093023,0.07142857142857142,0.046511627906976744,"7.161378837",1,-3.7913758342867245,15,0.3488372093023256,11,0.2558139534883721
669224,"Wells, Austin",805,0.9014557670772676,602,"73.444409255",0.3118012422360248,0.2956810631229236,0.22111801242236026,0.16777408637873753,0.12546583850931678,"7.598094522",12,-13.398363588982146,203,0.25217391304347825,274,0.3403726708074534
663457,"Nootbaar, Lars",807,0.9047085201793722,650,"73.436411289",0.3779429987608426,0.36,0.2899628252788104,0.19384615384615383,0.15613382899628253,"6.894047968",20,-24.93632661401162,157,0.19454770755885997,355,0.4399008674101611
676572,"Wagaman, Eric",778,0.9036004645760743,609,"73.418307545",0.36632390745501286,0.3760262725779967,0.2943444730077121,0.19540229885057472,0.15295629820051415,"7.128526028",26,-15.695383701919926,169,0.21722365038560412,356,0.45758354755784064
700250,"Rice, Ben",780,0.9090909090909091,629,"73.40694141",0.3448717948717949,0.3863275039745628,0.31153846153846154,0.24006359300476948,0.1935897435897436,"7.361684654",15,-2.5078146662251393,151,0.1935897435897436,340,0.4358974358974359
502054,"Pham, Tommy",644,0.9057665260196905,506,"73.400016863",0.327639751552795,0.3715415019762846,0.2919254658385093,0.18181818181818182,0.14285714285714285,"7.027149317",10,-13.38018681997904,138,0.21428571428571427,274,0.4254658385093168
683090,"Lugo, Matthew",108,0.8925619834710744,71,"73.392001759",0.3518518518518517,0.38028169014084506,0.25,0.18309859154929578,0.12037037037037036,"7.408992315",1,0.45715690927399943,37,0.3425925925925926,43,0.39814814814814814
804668,"Flores Jr., Rafael",36,0.9473684210526315,17,"73.387238056",0.36111111111111105,0.29411764705882354,0.1388888888888889,0.29411764705882354,0.1388888888888889,"7.911020833",1,-1.718911527981434,19,0.5277777777777778,7,0.19444444444444445
673548,"Suzuki, Seiya",987,0.8997265268915223,782,"73.375762036",0.3718338399189464,0.33248081841432225,0.2634245187436677,0.19053708439897699,0.15096251266464034,"7.224239818",26,-0.8801642472542324,205,0.2077001013171226,397,0.4022289766970618
592885,"Yelich, Christian",1054,0.9023972602739726,760,"73.371502249",0.3557874762808349,0.3236842105263158,0.2333965844402277,0.18289473684210528,0.1318785578747628,"7.535520854",23,-10.624574521960211,294,0.27893738140417457,381,0.36148007590132825
660162,"Moncada, Yoán",447,0.9030303030303031,318,"73.369936868",0.38255033557046975,0.330188679245283,0.2348993288590604,0.16666666666666666,0.1185682326621924,"7.353826555",13,-8.890391760404588,129,0.28859060402684567,162,0.3624161073825503
672284,"Kelenic, Jarred",117,0.9140625,68,"73.369160769",0.29059829059829057,0.27941176470588236,0.1623931623931624,0.19117647058823528,0.1111111111111111,"7.311944444",1,-7.124878107365343,49,0.4188034188034188,33,0.28205128205128205
592626,"Pederson, Joc",482,0.909433962264151,372,"73.365908548",0.3319502074688797,0.32526881720430106,0.25103734439834025,0.17204301075268819,0.13278008298755187,"7.57122305",8,-22.353624563213288,110,0.22821576763485477,180,0.37344398340248963
681715,"Hernández, Heriberto",457,0.8996062992125984,307,"73.356787484",0.37417943107221,0.3517915309446254,0.2363238512035011,0.18566775244299674,0.12472647702407003,"7.717227856",15,-4.92855869434504,150,0.3282275711159737,175,0.38293216630196936
665953,"Chaparro, Andrés",128,0.9078014184397163,89,"73.340514063",0.29687499999999994,0.24719101123595505,0.171875,0.15730337078651685,0.109375,"7.257642578",4,-5.914449839843228,39,0.3046875,41,0.3203125
690291,"Jung, Jace",92,0.9019607843137255,70,"73.33938337",0.3804347826086956,0.22857142857142856,0.17391304347826086,0.11428571428571428,0.08695652173913043,"7.41608413",0,-6.0827571604131485,22,0.2391304347826087,28,0.30434782608695654
678554,"Mead, Curtis",433,0.9058577405857741,353,"73.33674",0.37182448036951515,0.28611898016997167,0.23325635103926096,0.11614730878186968,0.09468822170900693,"7.210734157",8,-10.649128359279706,80,0.18475750577367206,168,0.38799076212471134
666915,"Dalbec, Bobby",32,0.8888888888888888,21,"73.335251875",0.43750000000000006,0.19047619047619047,0.125,0.09523809523809523,0.0625,"7.21641875",1,-2.122651953882265,11,0.34375,10,0.3125
692225,"Campbell, Kristian",400,0.8968609865470852,298,"73.292610175",0.39,0.3053691275167785,0.2275,0.17114093959731544,0.1275,"6.79040675",10,-11.195966854587168,102,0.255,145,0.3625
660757,"Gonzalez, Oscar",128,0.9142857142857143,94,"73.288247344",0.35937499999999994,0.2553191489361702,0.1875,0.14893617021276595,0.109375,"6.993015",2,-5.955408247417013,34,0.265625,43,0.3359375
681987,"Eaton, Nate",138,0.8961038961038961,116,"73.280985435",0.31159420289855067,0.28448275862068967,0.2391304347826087,0.13793103448275862,0.11594202898550725,"7.286916884",0,0.4111339347394868,22,0.15942028985507245,60,0.43478260869565216
682622,"Marte, Noelvi",579,0.9004665629860031,434,"73.255035959",0.3316062176165803,0.3248847926267281,0.24352331606217617,0.15668202764976957,0.11744386873920552,"7.365220484",15,-0.8980138049362821,145,0.2504317789291883,236,0.4075993091537133
686611,"Crews, Dylan",480,0.9073724007561437,340,"73.253547563",0.3416666666666667,0.3205882352941177,0.22708333333333333,0.1588235294117647,0.1125,"7.205345938",17,-17.414096705771904,140,0.2916666666666667,193,0.40208333333333335
572138,"Singleton, Jon",12,0.9230769230769231,10,"73.249194167",0.25000000000000006,0.5,0.4166666666666667,0.2,0.16666666666666666,"7.0450825",0,-1.8111664466927018,2,0.16666666666666666,8,0.6666666666666666
608701,"Refsnyder, Rob",328,0.9060773480662984,253,"73.244695518",0.33841463414634143,0.33992094861660077,0.2621951219512195,0.20553359683794467,0.15853658536585366,"7.591241524",6,-3.650853539362786,75,0.22865853658536586,121,0.36890243902439024
661388,"Contreras, William",1052,0.8991452991452992,822,"73.244378802",0.34980988593155893,0.3661800486618005,0.28612167300380226,0.19343065693430658,0.15114068441064638,"7.110334116",27,-15.911502633683257,230,0.21863117870722434,420,0.39923954372623577
682634,"Alcántara, Kevin",19,0.9047619047619048,12,"73.242627368",0.26315789473684215,0.3333333333333333,0.21052631578947367,0.25,0.15789473684210525,"7.985899474",0,0.13322916706384214,7,0.3684210526315789,7,0.3684210526315789
694728,"Matthews, Brice",79,0.9080459770114943,40,"73.213564304",0.30379746835443033,0.325,0.16455696202531644,0.225,0.11392405063291139,"7.252830633",3,-0.5688739026005303,39,0.4936708860759494,21,0.26582278481012656
677347,"Paris, Kyren",222,0.9098360655737705,117,"73.204517928",0.35135135135135154,0.2905982905982906,0.15315315315315314,0.11965811965811966,0.06306306306306306,"7.501444279",0,-4.654295683821109,105,0.47297297297297297,55,0.24774774774774774
687597,"Beck, Jordan",942,0.9075144508670521,658,"73.199990499",0.32908704883227197,0.26443768996960487,0.18471337579617833,0.1337386018237082,0.09341825902335456,"7.724561242",8,-9.426062120368766,284,0.30148619957537154,319,0.3386411889596603
642708,"Rosario, Amed",308,0.8927536231884058,243,"73.193435",0.2987012987012988,0.3497942386831276,0.275974025974026,0.15637860082304528,0.12337662337662338,"7.340025714",4,-4.489160374162152,65,0.21103896103896103,129,0.41883116883116883
670224,"Misner, Kameron",377,0.9040767386091128,248,"73.178206207",0.3236074270557029,0.25806451612903225,0.16976127320954906,0.0846774193548387,0.05570291777188329,"7.832936552",12,-12.818132999063467,129,0.3421750663129973,115,0.3050397877984085
694671,"Langford, Wyatt",900,0.9063444108761329,675,"73.144246678",0.29,0.3437037037037037,0.2577777777777778,0.17925925925925926,0.13444444444444445,"7.020940822",10,-14.413496195009227,225,0.25,321,0.3566666666666667
678894,"Peguero, Liover",126,0.9130434782608695,85,"73.141570079",0.2222222222222222,0.2235294117647059,0.15079365079365079,0.12941176470588237,0.0873015873015873,"7.506921825",1,-5.273058651339702,41,0.3253968253968254,48,0.38095238095238093
669374,"Hiura, Keston",35,0.8974358974358975,25,"73.138188857",0.2571428571428572,0.2,0.14285714285714285,0.04,0.02857142857142857,"7.260665143",1,-1.2846892554615021,10,0.2857142857142857,10,0.2857142857142857
687221,"Rushing, Dalton",236,0.9007633587786259,155,"73.124606441",0.23728813559322046,0.32903225806451614,0.21610169491525424,0.17419354838709677,0.11440677966101695,"7.587299449",8,-10.677702742777733,81,0.3432203389830508,78,0.3305084745762712
669134,"Campusano, Luis",38,0.8837209302325582,24,"73.121504737",0.3157894736842105,0.2916666666666667,0.18421052631578946,0.08333333333333333,0.05263157894736842,"8.285551053",1,-4.7099870473145335,14,0.3684210526315789,8,0.21052631578947367
691777,"Muncy, Max",365,0.9012345679012346,254,"73.121294712",0.34246575342465746,0.27165354330708663,0.18904109589041096,0.11811023622047244,0.0821917808219178,"7.346564986",13,-11.552887055727744,111,0.3041095890410959,129,0.35342465753424657
686527,"Canzone, Dominic",461,0.900390625,348,"73.110603774",0.36659436008676793,0.3505747126436782,0.2646420824295011,0.1810344827586207,0.13665943600867678,"7.325574555",11,3.6758146128668026,113,0.24511930585683298,168,0.3644251626898048
605137,"Bell, Josh",889,0.9080694586312564,698,"73.081846254",0.3487064116985377,0.3438395415472779,0.26996625421822273,0.18624641833810887,0.14623172103487064,"7.964290945",12,-23.399487100369832,191,0.21484814398200225,364,0.4094488188976378
694374,"Tawa, Tim",364,0.9077306733167082,249,"73.081444615",0.31043956043956045,0.3092369477911647,0.21153846153846154,0.1646586345381526,0.11263736263736264,"7.095936703",10,-12.164330105202815,115,0.3159340659340659,129,0.3543956043956044
596142,"Sánchez, Gary",145,0.9006211180124224,108,"73.055663655",0.33793103448275874,0.3611111111111111,0.2689655172413793,0.21296296296296297,0.15862068965517243,"7.567870621",3,-5.6444320548858435,37,0.25517241379310346,53,0.36551724137931035
679529,"Torkelson, Spencer",1048,0.9105125977410947,789,"73.047568006",0.2643129770992366,0.30671736375158426,0.23091603053435114,0.1520912547528517,0.11450381679389313,"7.762899275",17,-21.937527761472207,259,0.24713740458015268,369,0.3520992366412214
640459,"Navarreto, Brian",20,0.9090909090909091,15,"72.9857565",0.35,0.5333333333333333,0.4,0.4,0.3,"8.117321",0,0.01692995100380712,5,0.25,10,0.5
606192,"Hernández, Teoscar",946,0.9069990412272292,660,"72.943081924",0.3097251585623679,0.346969696969697,0.24207188160676532,0.18484848484848485,0.12896405919661733,"7.812608763",26,-17.224748711522736,286,0.3023255813953488,353,0.37315010570824525
521692,"Perez, Salvador",1149,0.9011764705882352,861,"72.939269382",0.3046127067014795,0.3252032520325203,0.24369016536118362,0.1753774680603949,0.13141862489120976,"7.851938372",22,-20.620947662312474,288,0.2506527415143603,440,0.38294168842471715
672359,"Ornelas, Tirso",23,0.8846153846153846,20,"72.911762174",0.34782608695652173,0.35,0.30434782608695654,0.1,0.08695652173913043,"7.574697391",1,-2.7938988478677445,3,0.13043478260869565,9,0.391304347826087
663584,"Senger, Hayden",118,0.9007633587786259,79,"72.909828814",0.2627118644067797,0.379746835443038,0.2542372881355932,0.189873417721519,0.1271186440677966,"7.63857661",2,-8.94794849329558,39,0.3305084745762712,46,0.3898305084745763
542303,"Ozuna, Marcell",906,0.9014925373134328,677,"72.883619272",0.315673289183223,0.3175775480059084,0.23730684326710816,0.14623338257016247,0.10927152317880795,"7.2430117",3,-13.252673140586902,229,0.25275938189845476,313,0.3454746136865342
686554,"Dunn, Oliver",56,0.9180327868852459,36,"72.876761071",0.2142857142857143,0.3888888888888889,0.25,0.19444444444444445,0.125,"7.429844821",0,-5.056077390869788,20,0.35714285714285715,21,0.375
553869,"Díaz, Elias",476,0.8998109640831758,321,"72.846818403",0.2941176470588236,0.3052959501557632,0.20588235294117646,0.1557632398753894,0.10504201680672269,"6.890225042",17,-19.87790642988221,155,0.32563025210084034,165,0.34663865546218486
493329,"Gurriel, Yuli",63,0.9130434782608695,55,"72.84322873",0.3492063492063492,0.23636363636363636,0.20634920634920634,0.03636363636363636,0.031746031746031744,"7.857498889",2,-5.3875755940039305,8,0.12698412698412698,26,0.4126984126984127
664913,"Brown, Seth",129,0.9084507042253521,90,"72.841516357",0.2403100775193798,0.23333333333333334,0.16279069767441862,0.1,0.06976744186046512,"7.199511628",2,-6.947970125183116,39,0.3023255813953488,40,0.31007751937984496
656248,"Bouchard, Sean",99,0.8918918918918919,66,"72.837050505",0.23232323232323226,0.24242424242424243,0.16161616161616163,0.07575757575757576,0.050505050505050504,"7.410167677",3,-5.853343269959132,33,0.3333333333333333,34,0.3434343434343434
641555,"Escarra, J.C.",144,0.9,118,"72.783402361",0.2638888888888889,0.3644067796610169,0.2986111111111111,0.17796610169491525,0.14583333333333334,"7.534684236",2,-5.210562319369208,26,0.18055555555555555,62,0.4305555555555556
669004,"Melendez, MJ",102,0.8793103448275862,65,"72.778171471",0.2549019607843137,0.3384615384615385,0.21568627450980393,0.12307692307692308,0.0784313725490196,"7.707885686",5,-9.527771823221828,37,0.3627450980392157,34,0.3333333333333333
657041,"Thomas, Lane",213,0.9063829787234042,150,"72.739308216",0.22065727699530516,0.26,0.18309859154929578,0.11333333333333333,0.07981220657276995,"6.8930523",6,-12.678353260458035,63,0.29577464788732394,75,0.352112676056338
805249,"Kemp, Otto",365,0.9012345679012346,246,"72.736336685",0.26301369863013707,0.32113821138211385,0.21643835616438356,0.15447154471544716,0.10410958904109589,"7.513369699",11,-4.124361989414426,119,0.32602739726027397,118,0.3232876712328767
691718,"Crow-Armstrong, Pete",1223,0.9052553663952627,901,"72.736283246",0.28536385936222397,0.30077691453940064,0.22158626328699918,0.146503884572697,0.10793131643499591,"7.239699599",24,-7.609579110182068,322,0.2632869991823385,415,0.339329517579722
669288,"Johnson, Daniel",92,0.9019607843137255,63,"72.732930652",0.24999999999999997,0.30158730158730157,0.20652173913043478,0.2222222222222222,0.15217391304347827,"7.560657609",2,-4.595563868169056,29,0.31521739130434784,35,0.3804347826086957
666134,"Jones, Nolan",690,0.9019607843137255,502,"72.724750536",0.31449275362318857,0.30278884462151395,0.22028985507246376,0.14143426294820718,0.10289855072463767,"6.87245613",14,-26.478723115256358,188,0.27246376811594203,216,0.3130434782608696
669911,"Toglia, Michael",585,0.8944954128440367,387,"72.724575419",0.2273504273504274,0.2661498708010336,0.17606837606837608,0.13178294573643412,0.08717948717948718,"7.579395009",15,-15.904302883008853,198,0.3384615384615385,167,0.28547008547008546
605204,"Davis, J.D.",18,0.8571428571428571,10,"72.71735",0.2222222222222222,0.2,0.1111111111111111,0.2,0.1111111111111111,"7.067817778",1,-1.426017364747854,8,0.4444444444444444,5,0.2777777777777778
695681,"Moore, Christian",326,0.9005524861878453,210,"72.711007822",0.2975460122699387,0.2714285714285714,0.17484662576687116,0.1380952380952381,0.08895705521472393,"7.004573037",13,-12.993289693914104,116,0.3558282208588957,94,0.2883435582822086
669357,"Gorman, Nolan",687,0.9027595269382391,465,"72.705924687",0.2445414847161571,0.2752688172043011,0.18631732168850074,0.13118279569892474,0.08879184861717612,"7.552257918",17,-20.76347252445034,222,0.3231441048034934,200,0.29112081513828236
694208,"Ballesteros, Moisés",97,0.8899082568807339,70,"72.694087732",0.29896907216494834,0.35714285714285715,0.25773195876288657,0.14285714285714285,0.10309278350515463,"7.044984124",3,0.7166909233605601,27,0.27835051546391754,37,0.38144329896907214
683748,"Mesa Jr., Victor",66,0.9041095890410958,54,"72.676947879",0.18181818181818185,0.3333333333333333,0.2727272727272727,0.12962962962962962,0.10606060606060606,"8.012371061",1,-4.531983490006904,12,0.18181818181818182,26,0.3939393939393939
689200,"Melton, Jacob",134,0.9115646258503401,88,"72.675533433",0.25373134328358204,0.26136363636363635,0.17164179104477612,0.13636363636363635,0.08955223880597014,"7.367431642",4,-7.8682035703180455,46,0.34328358208955223,37,0.27611940298507465
686555,"Collins, Isaac",683,0.9058355437665783,542,"72.67321325",0.2254758418740849,0.3044280442804428,0.24158125915080528,0.14022140221402213,0.11127379209370425,"6.688299605",19,-11.09548706392938,141,0.20644216691068815,262,0.383601756954612
663993,"Lowe, Nathaniel",1035,0.9039301310043668,801,"72.667132184",0.242512077294686,0.2746566791510612,0.21256038647342995,0.13358302122347065,0.10338164251207729,"7.221843797",28,-23.14894590627878,234,0.22608695652173913,356,0.34396135265700484
663796,"Montes, Coco",10,0.9090909090909091,8,"72.653282",0.3,0.375,0.3,0.375,0.3,"7.70711",1,-0.4310439119330197,2,0.2,7,0.7
516782,"Marte, Starling",546,0.9039735099337748,400,"72.648556905",0.3315018315018316,0.32,0.23443223443223443,0.165,0.12087912087912088,"7.282800531",10,-7.685585571415615,146,0.2673992673992674,209,0.38278388278388276
502671,"Goldschmidt, Paul",900,0.9146341463414634,732,"72.629168189",0.2188888888888889,0.3401639344262295,0.27666666666666667,0.15710382513661203,0.12777777777777777,"7.587425833",9,-14.047163586072504,168,0.18666666666666668,371,0.4122222222222222
681546,"Outman, James",249,0.9054545454545454,160,"72.622132651",0.2690763052208836,0.24375,0.1566265060240964,0.13125,0.08433734939759036,"7.752075622",10,-10.148779238158564,89,0.357429718875502,68,0.27309236947791166
669221,"Murphy, Sean",575,0.8998435054773083,403,"72.611037861",0.3060869565217392,0.2630272952853598,0.18434782608695652,0.1488833746898263,0.10434782608695652,"7.835506539",33,-12.344489796216566,172,0.2991304347826087,174,0.3026086956521739
683011,"Volpe, Anthony",977,0.9037927844588344,741,"72.59852911",0.28556806550665303,0.33468286099865047,0.2538382804503582,0.15519568151147098,0.11770726714431934,"7.248336776",11,-32.40619780592632,236,0.24155578300921188,361,0.3694984646878199
686780,"Pagés, Pedro",684,0.9059602649006623,502,"72.593405746",0.27339181286549713,0.26294820717131473,0.19298245614035087,0.1254980079681275,0.09210526315789473,"7.110053275",18,-16.449213059833916,182,0.26608187134502925,240,0.3508771929824561
672820,"Sosa, Lenyn",932,0.9057337220602527,729,"72.574127146",0.2628755364806867,0.3443072702331962,0.26931330472103004,0.16186556927297668,0.12660944206008584,"7.420237575",9,1.596603846800274,203,0.21781115879828325,372,0.39914163090128757
681624,"Pages, Andy",1114,0.9005658852061439,905,"72.5706936",0.21543985637342916,0.292817679558011,0.2378815080789946,0.1270718232044199,0.10323159784560143,"7.889855503",31,1.9967620372807093,209,0.18761220825852784,418,0.3752244165170557
608369,"Seager, Corey",731,0.9024691358024691,539,"72.552322271",0.21887824897400823,0.35435992578849723,0.2612859097127223,0.20408163265306123,0.15047879616963064,"6.68573275",21,-6.574383473418513,192,0.26265389876880985,265,0.3625170998632011
672386,"Kirk, Alejandro",844,0.9114470842332614,693,"72.537012725",0.28554502369668244,0.3838383838383838,0.31516587677725116,0.2106782106782107,0.17298578199052134,"7.193210912",12,-14.48076344697818,151,0.17890995260663506,384,0.4549763033175355
686469,"Pasquantino, Vinnie",1091,0.9091666666666667,905,"72.525607113",0.26397800183318054,0.3624309392265193,0.3006416131989001,0.18232044198895028,0.15123739688359303,"7.381134775",12,-0.961412070381386,186,0.17048579285059579,475,0.43538038496791936
656537,"Hill, Derek",271,0.9124579124579124,187,"72.52199059",0.23247232472324725,0.2887700534759358,0.1992619926199262,0.1497326203208556,0.1033210332103321,"7.290151365",9,-5.5601753640835305,84,0.30996309963099633,81,0.2988929889298893
694376,"Whitcomb, Shay",62,0.8985507246376812,42,"72.466834355",0.2096774193548388,0.19047619047619047,0.12903225806451613,0.07142857142857142,0.04838709677419355,"7.868445484",1,-3.2390939705667194,20,0.3225806451612903,19,0.3064516129032258
686894,"Wiemer, Joey",110,0.8943089430894309,77,"72.466694818",0.2272727272727273,0.2857142857142857,0.2,0.14285714285714285,0.1,"7.576034545",6,-0.5988899901493392,33,0.3,32,0.2909090909090909
666139,"Lowe, Josh",875,0.9057971014492754,636,"72.43918344",0.2754285714285714,0.2688679245283019,0.19542857142857142,0.10062893081761007,0.07314285714285715,"7.309980034",15,-31.382252100945607,239,0.27314285714285713,265,0.3028571428571429
676679,"Vázquez, Luis",91,0.91,57,"72.436130879",0.31868131868131877,0.3684210526315789,0.23076923076923078,0.14035087719298245,0.08791208791208792,"7.317267143",0,-5.895215795809772,34,0.37362637362637363,30,0.32967032967032966
518792,"Heyward, Jason",141,0.8980891719745223,107,"72.42761078",0.20567375886524822,0.3177570093457944,0.24113475177304963,0.1308411214953271,0.09929078014184398,"8.243072199",4,-9.319767866536493,34,0.24113475177304963,64,0.45390070921985815
691781,"House, Brady",499,0.9122486288848263,354,"72.419054068",0.2224448897795591,0.3361581920903955,0.23847695390781562,0.1638418079096045,0.11623246492985972,"7.512809218",5,-21.01907633579336,145,0.2905811623246493,177,0.35470941883767537
676116,"Noda, Ryan",89,0.89,53,"72.410234045",0.24719101123595513,0.2641509433962264,0.15730337078651685,0.11320754716981132,0.06741573033707865,"7.436879213",7,-7.231255030384478,36,0.4044943820224719,21,0.23595505617977527
671277,"García Jr., Luis",878,0.9051546391752577,710,"72.4022391",0.28018223234624146,0.376056338028169,0.3041002277904328,0.18028169014084508,0.14578587699316628,"7.401102995",18,-10.628362343873443,168,0.19134396355353075,388,0.4419134396355353
682928,"Abrams, CJ",1033,0.9006102877070619,799,"72.400841365",0.25459825750242016,0.3141426783479349,0.24298160696999033,0.1376720901126408,0.10648596321393998,"7.600194743",28,-22.596304169838064,234,0.2265246853823814,415,0.40174249757986447
687401,"Ortiz, Joey",759,0.9046483909415971,643,"72.400831436",0.24374176548089593,0.27527216174183516,0.233201581027668,0.1290824261275272,0.10935441370223979,"7.529069433",7,-16.433391448614696,116,0.152832674571805,356,0.46903820816864294
680728,"Del Castillo, Adrian",225,0.9146341463414634,154,"72.398447644",0.20444444444444443,0.2922077922077922,0.2,0.11038961038961038,0.07555555555555556,"7.033668978",5,-7.420226013534384,71,0.31555555555555553,69,0.30666666666666664
666310,"Naylor, Bo",705,0.9085051546391752,566,"72.371691887",0.2212765957446808,0.2862190812720848,0.2297872340425532,0.11484098939929328,0.09219858156028368,"7.765857106",18,-21.68397163923264,139,0.1971631205673759,248,0.3517730496453901
676475,"Burleson, Alec",838,0.9020452099031216,706,"72.364166718",0.29236276849641996,0.3909348441926346,0.32935560859188545,0.18696883852691218,0.1575178997613365,"7.452156718",12,0.38645758676225933,132,0.1575178997613365,389,0.46420047732696895
572191,"Taylor, Michael A.",547,0.9011532125205931,343,"72.363100512",0.26691042047531993,0.3236151603498542,0.20292504570383912,0.16909620991253643,0.10603290676416818,"7.06679404",29,-17.928785942776056,204,0.37294332723948814,169,0.30895795246800734
680777,"Jeffers, Ryan",637,0.900990099009901,516,"72.348163548",0.2810047095761382,0.3488372093023256,0.282574568288854,0.16085271317829458,0.130298273155416,"7.299847975",16,-5.455551009656476,121,0.18995290423861852,287,0.45054945054945056
671655,"Valera, George",76,0.9047619047619048,54,"72.341488947",0.25,0.3148148148148148,0.2236842105263158,0.18518518518518517,0.13157894736842105,"6.719312632",1,-2.51001004744359,22,0.2894736842105263,27,0.35526315789473684
656582,"Joe, Connor",120,0.8955223880597015,95,"72.327205667",0.2333333333333333,0.3368421052631579,0.26666666666666666,0.14736842105263157,0.11666666666666667,"7.267082",2,-9.534032795379108,25,0.20833333333333334,47,0.39166666666666666
668227,"Arozarena, Randy",1091,0.9009083402146986,792,"72.326694033",0.2978918423464711,0.34974747474747475,0.2538955087076077,0.1830808080808081,0.13290559120073328,"7.445398588",20,-18.805169388299195,299,0.27406049495875345,383,0.3510540788267644
605170,"Caratini, Victor",592,0.9079754601226994,484,"72.319628919",0.23648648648648643,0.3760330578512397,0.30743243243243246,0.16322314049586778,0.13344594594594594,"6.992683378",7,-8.015121421515923,108,0.18243243243243243,269,0.4543918918918919
665161,"Peña, Jeremy",811,0.9051339285714286,604,"72.317324538",0.15659679408138102,0.4056291390728477,0.30209617755856966,0.1986754966887417,0.14796547472256474,"7.551023366",13,0.9077792022946123,207,0.25524044389642414,381,0.46979038224414305
624641,"Sosa, Edmundo",473,0.904397705544933,354,"72.309629641",0.2621564482029599,0.307909604519774,0.23044397463002114,0.1440677966101695,0.10782241014799154,"8.090653467",2,-0.3033546959246318,119,0.25158562367864695,174,0.3678646934460888
657136,"Wong, Connor",315,0.9051724137931034,244,"72.29090219",0.23174603174603173,0.2336065573770492,0.18095238095238095,0.09836065573770492,0.0761904761904762,"7.292023905",10,-18.020789254281308,71,0.2253968253968254,115,0.36507936507936506
680716,"Ornelas, Jonathan",17,0.8947368421052632,13,"72.286190588",0.29411764705882354,0.15384615384615385,0.11764705882352941,0.07692307692307693,0.058823529411764705,"7.146977647",1,-0.7222219825713427,4,0.23529411764705882,5,0.29411764705882354
665966,"Narváez, Carlos",796,0.9045454545454545,590,"72.283279987",0.20477386934673367,0.34576271186440677,0.2562814070351759,0.15593220338983052,0.11557788944723618,"7.594159384",15,-15.168528241541726,206,0.25879396984924624,274,0.3442211055276382
542932,"Berti, Jon",160,0.8938547486033519,118,"72.281973688",0.21875,0.3220338983050847,0.2375,0.13559322033898305,0.1,"7.437398438",2,-10.952223262867962,42,0.2625,69,0.43125
553993,"Suárez, Eugenio",1150,0.8984375,804,"72.269102113",0.2652173913043478,0.31592039800995025,0.22086956521739132,0.15422885572139303,0.10782608695652174,"7.803078635",57,2.7429266205030705,346,0.3008695652173913,371,0.3226086956521739
607043,"Nimmo, Brandon",1061,0.9029787234042553,817,"72.253574015",0.2648444863336475,0.34394124847001223,0.2648444863336475,0.19216646266829865,0.14797360980207352,"7.190820801",22,-21.475246773386495,244,0.2299717247879359,403,0.37983034872761545
687637,"Beavers, Dylan",194,0.9023255813953488,155,"72.230978454",0.2164948453608248,0.2838709677419355,0.2268041237113402,0.12903225806451613,0.10309278350515463,"7.440944691",4,-3.4655320422886535,39,0.20103092783505155,68,0.35051546391752575
642136,"Thaiss, Matt",330,0.9065934065934066,240,"72.224693061",0.23030303030303031,0.2625,0.19090909090909092,0.125,0.09090909090909091,"7.477545848",9,-11.148189289063579,90,0.2727272727272727,103,0.31212121212121213
642201,"White, Eli",458,0.903353057199211,349,"72.223313755",0.21179039301310046,0.2808022922636103,0.21397379912663755,0.1489971346704871,0.11353711790393013,"7.165182489",15,-9.27268829586349,109,0.23799126637554585,167,0.3646288209606987
593428,"Bogaerts, Xander",741,0.9036585365853659,592,"72.216795992",0.2604588394062079,0.36317567567567566,0.2901484480431849,0.1570945945945946,0.12550607287449392,"7.335557058",16,-19.20690230283509,149,0.20107962213225372,352,0.4750337381916329
668804,"Reynolds, Bryan",1144,0.9036334913112164,840,"72.21078333",0.22727272727272732,0.32857142857142857,0.24125874125874125,0.16428571428571428,0.12062937062937062,"6.947767727",43,-30.04682609875644,304,0.26573426573426573,389,0.34003496503496505
687551,"Gilbert, Drew",166,0.8972972972972973,132,"72.199336627",0.1867469879518072,0.29545454545454547,0.23493975903614459,0.12121212121212122,0.0963855421686747,"7.569524096",5,-6.417843776607249,34,0.20481927710843373,77,0.463855421686747
673237,"Diaz, Yainer",979,0.9031365313653137,773,"72.192034883",0.21756894790602654,0.34799482535575677,0.27477017364657813,0.1759379042690815,0.13891726251276812,"7.33102382",30,-15.083571077063365,206,0.21041879468845762,413,0.4218590398365679
665019,"Clemens, Kody",654,0.9058171745152355,508,"72.190420994",0.1758409785932722,0.3464566929133858,0.2691131498470948,0.1830708661417323,0.14220183486238533,"7.27644396",9,-13.44111905329032,146,0.22324159021406728,239,0.3654434250764526
657557,"DeJong, Paul",414,0.9019607843137255,285,"72.188727126",0.1642512077294686,0.2596491228070175,0.178743961352657,0.11228070175438597,0.07729468599033816,"6.907917343",3,-8.811679476606205,129,0.3115942028985507,120,0.2898550724637681
669717,"Wilson, Will",172,0.900523560209424,105,"72.187389942",0.13372093023255816,0.2,0.12209302325581395,0.02857142857142857,0.01744186046511628,"7.309524942",2,-8.346701465039148,67,0.38953488372093026,37,0.21511627906976744
657656,"Laureano, Ramón",828,0.9009793253536452,619,"72.186227283",0.22342995169082128,0.3166397415185784,0.23671497584541062,0.16478190630048464,0.12318840579710146,"7.011660773",28,-1.5167948728645313,209,0.2524154589371981,293,0.3538647342995169
665804,"Amaya, Miguel",185,0.9068627450980392,143,"72.183086649",0.22162162162162158,0.27972027972027974,0.21621621621621623,0.1258741258741259,0.0972972972972973,"7.672966108",2,2.2881613815912782,42,0.22702702702702704,70,0.3783783783783784
663616,"Larnach, Trevor",859,0.9070749736008448,615,"72.180620186",0.23166472642607683,0.37886178861788616,0.2712456344586729,0.16747967479674797,0.119906868451688,"7.268091723",19,-21.23283459846646,244,0.2840512223515716,345,0.40162980209545984
694203,"Guzman, Denzer",82,0.9010989010989011,50,"72.143205366",0.20731707317073172,0.18,0.10975609756097561,0.12,0.07317073170731707,"7.941490488",0,-1.4412286600646573,32,0.3902439024390244,18,0.21951219512195122
666969,"García, Adolis",1002,0.9067873303167421,722,"72.128697236",0.2534930139720559,0.3587257617728532,0.25848303393213573,0.16897506925207756,0.1217564870259481,"7.584371627",16,-31.207784732405802,280,0.27944111776447106,359,0.3582834331337325
663536,"English, Tristin",47,0.94,37,"72.120336596",0.25531914893617025,0.2702702702702703,0.2127659574468085,0.02702702702702703,0.02127659574468085,"7.210321277",0,-3.8685694804990116,10,0.2127659574468085,12,0.2553191489361702
677942,"Alexander, Blaze",418,0.9028077753779697,289,"72.112423445",0.25598086124401914,0.2837370242214533,0.19617224880382775,0.1522491349480969,0.10526315789473684,"7.437614067",8,-9.492348664810232,129,0.30861244019138756,127,0.3038277511961722
680869,"Gelof, Zack",190,0.9090909090909091,109,"72.081462211",0.14210526315789468,0.26605504587155965,0.15263157894736842,0.11926605504587157,0.06842105263157895,"7.289675684",3,-7.146921478251863,81,0.4263157894736842,42,0.22105263157894736
701398,"Stewart, Sal",99,0.9339622641509434,78,"72.059497879",0.2626262626262627,0.358974358974359,0.2828282828282828,0.16666666666666666,0.13131313131313133,"7.839745657",2,2.704716949744927,21,0.21212121212121213,37,0.37373737373737376
669722,"Davidson, Logan",79,0.8977272727272727,48,"72.058654304",0.1518987341772152,0.1875,0.11392405063291139,0.08333333333333333,0.05063291139240506,"7.265057722",2,-2.546605761242487,31,0.3924050632911392,16,0.20253164556962025
642350,"Siri, Jose",72,0.9,44,"72.057903194",0.23611111111111113,0.18181818181818182,0.1111111111111111,0.06818181818181818,0.041666666666666664,"7.528909306",2,-5.713049345666835,28,0.3888888888888889,15,0.20833333333333334
642715,"Adames, Willy",1152,0.9049489395129615,846,"72.054164271",0.19791666666666666,0.2919621749408983,0.2144097222222222,0.1182033096926714,0.08680555555555555,"8.139825538",14,-20.426527145795895,306,0.265625,388,0.3368055555555556
663656,"Tucker, Kyle",927,0.904390243902439,762,"72.045300162",0.23624595469255666,0.36089238845144356,0.296655879180151,0.15223097112860892,0.12513484358144553,"7.553494649",15,-17.621132259902737,165,0.1779935275080906,400,0.43149946062567424
682641,"Matos, Luis",314,0.9022988505747126,262,"72.040437834",0.2261146496815286,0.33969465648854963,0.28343949044585987,0.12213740458015267,0.10191082802547771,"7.323164936",9,-3.9986788240445725,52,0.16560509554140126,143,0.4554140127388535
592663,"Realmuto, J.T.",937,0.9097087378640777,721,"72.035947332",0.26254002134471716,0.30374479889042993,0.23372465314834578,0.14979195561719832,0.1152614727854856,"7.517769466",16,-28.88665147447166,216,0.2305229455709712,336,0.35859124866595515
623993,"Santander, Anthony",405,0.9080717488789237,313,"72.03464879",0.20987654320987656,0.2715654952076677,0.20987654320987653,0.13099041533546327,0.10123456790123457,"7.232810247",4,-17.629658907733663,92,0.2271604938271605,125,0.30864197530864196
694388,"Loperfido, Joey",177,0.9030612244897959,129,"72.022829096",0.2655367231638419,0.31007751937984496,0.22598870056497175,0.12403100775193798,0.0903954802259887,"7.633030791",2,8.232769178286947,48,0.2711864406779661,62,0.3502824858757062
656976,"Smith, Pavin",449,0.903420523138833,319,"71.995067706",0.21603563474387527,0.31347962382445144,0.22271714922049,0.14733542319749215,0.10467706013363029,"7.351658129",22,-2.1239865049634137,130,0.289532293986637,144,0.3207126948775056
663743,"Fortes, Nick",373,0.9075425790754258,307,"71.988337748",0.1957104557640751,0.2931596091205212,0.24128686327077747,0.12052117263843648,0.09919571045576407,"7.322741448",5,-8.269089070295383,66,0.1769436997319035,151,0.40482573726541554
663697,"India, Jonathan",829,0.9010869565217391,689,"71.986616538",0.23522316043425814,0.3265602322206096,0.27141133896260555,0.13642960812772134,0.11338962605548854,"7.2988107",29,-28.21458067856449,140,0.16887816646562123,367,0.4427020506634499
701538,"Merrill, Jackson",854,0.9046610169491526,627,"71.972846183",0.19906323185011707,0.30303030303030304,0.2224824355971897,0.15311004784688995,0.11241217798594848,"7.436493618",17,-7.356703195298607,227,0.265807962529274,290,0.3395784543325527
666165,"Sabol, Blake",40,0.9090909090909091,29,"71.97129825",0.1,0.20689655172413793,0.15,0.10344827586206896,0.075,"7.17816925",3,-2.4530181710353833,11,0.275,9,0.225
681351,"O'Hoppe, Logan",802,0.9001122334455668,552,"71.969371147",0.20448877805486287,0.34057971014492755,0.2344139650872818,0.17028985507246377,0.1172069825436409,"7.631040935",17,-26.399616957970423,250,0.3117206982543641,258,0.32169576059850374
672642,"Berroa, Steward",8,0.8888888888888888,6,"71.95786875",0,0.3333333333333333,0.25,0,0,"7.01941625",0,-0.09142472920168593,2,0.25,2,0.25
641943,"Palacios, Joshua",250,0.9025270758122743,184,"71.95646696",0.22799999999999995,0.25,0.184,0.14130434782608695,0.104,"7.18653348",9,-12.403106217487851,66,0.264,78,0.312
694377,"Yorke, Nick",121,0.9097744360902256,97,"71.943701074",0.20661157024793386,0.1958762886597938,0.15702479338842976,0.09278350515463918,0.0743801652892562,"7.377317851",4,-4.833953516716189,24,0.19834710743801653,44,0.36363636363636365
669236,"Jackson, Jeremiah",319,0.9036827195467422,222,"71.938815705",0.21003134796238246,0.32432432432432434,0.22570532915360503,0.17117117117117117,0.11912225705329153,"7.334587931",15,-3.5099622238707093,97,0.30407523510971785,109,0.34169278996865204
622761,"Mateo, Jorge",147,0.901840490797546,105,"71.923690884",0.17687074829931979,0.24761904761904763,0.17687074829931973,0.09523809523809523,0.06802721088435375,"7.490171769",2,-8.068685846963588,42,0.2857142857142857,43,0.2925170068027211
699625,"Crooks, Jimmy",90,0.9090909090909091,68,"71.910688667",0.1444444444444445,0.27941176470588236,0.2111111111111111,0.1323529411764706,0.1,"7.236590111",1,-6.0801955921487885,22,0.24444444444444444,26,0.28888888888888886
672580,"Garcia, Maikel",890,0.9044715447154471,773,"71.908455112",0.1719101123595506,0.4385510996119017,0.3808988764044944,0.21216041397153945,0.1842696629213483,"7.265133753",11,-4.87071764154881,117,0.13146067415730336,477,0.5359550561797752
669720,"Hays, Austin",716,0.9017632241813602,510,"71.906863226",0.19832402234636864,0.31176470588235294,0.22206703910614525,0.13137254901960785,0.0935754189944134,"7.05676338",29,-17.256171182623902,206,0.2877094972067039,254,0.3547486033519553
681481,"Carpenter, Kerry",822,0.9092920353982301,629,"71.899245657",0.18248175182481757,0.383147853736089,0.29318734793187345,0.16375198728139906,0.12530413625304138,"7.478105134",22,4.602289875313775,193,0.23479318734793186,313,0.38077858880778587
676551,"Hicklen, Brewer",9,1,5,"71.892671111",0.33333333333333337,0.2,0.1111111111111111,0.2,0.1111111111111111,"8.186685556",0,0.5703635669113417,4,0.4444444444444444,2,0.2222222222222222
807799,"Yoshida, Masataka",285,0.8990536277602523,249,"71.882010211",0.2140350877192983,0.46586345381526106,0.4070175438596491,0.20080321285140562,0.17543859649122806,"7.354162596",4,-0.23278028892323122,36,0.12631578947368421,158,0.5543859649122806
650559,"De La Cruz, Bryan",88,0.9166666666666666,61,"71.831915909",0.18181818181818185,0.3114754098360656,0.2159090909090909,0.19672131147540983,0.13636363636363635,"7.675358977",3,-4.844766045561177,27,0.3068181818181818,27,0.3068181818181818
682927,"Simon, Ronny",132,0.8979591836734694,110,"71.825284773",0.2348484848484849,0.3090909090909091,0.25757575757575757,0.16363636363636364,0.13636363636363635,"7.111953182",1,-5.936562108849665,22,0.16666666666666666,60,0.45454545454545453
642731,"Estrada, Thairo",272,0.9158249158249159,218,"71.799745257",0.1875,0.3256880733944954,0.2610294117647059,0.10091743119266056,0.08088235294117647,"7.271883309",3,-6.055905162438164,54,0.19852941176470587,122,0.4485294117647059
682997,"Callihan, Tyler",9,0.9,8,"71.794441111",0.11111111111111113,0.5,0.4444444444444444,0.25,0.2222222222222222,"7.764892222",0,-0.809662137626758,1,0.1111111111111111,4,0.4444444444444444
666181,"Benson, Will",420,0.9012875536480687,289,"71.780608",0.1857142857142857,0.3737024221453287,0.2571428571428571,0.19377162629757785,0.13333333333333333,"7.475486524",9,-8.407803665036038,131,0.3119047619047619,150,0.35714285714285715
664059,"Haggerty, Sam",281,0.9035369774919614,211,"71.777511957",0.22419928825622776,0.3175355450236967,0.23843416370106763,0.15639810426540285,0.11743772241992882,"6.948950961",8,-1.8519290203998162,70,0.2491103202846975,118,0.4199288256227758
656811,"O'Hearn, Ryan",909,0.9126506024096386,713,"71.773209505",0.17821782178217827,0.3281907433380084,0.25742574257425743,0.14305750350631136,0.11221122112211221,"7.115698504",18,-10.545720631865148,196,0.2156215621562156,346,0.38063806380638066
669398,"Workman, Gage",26,0.896551724137931,10,"71.770334615",0.15384615384615388,0.6,0.23076923076923078,0.1,0.038461538461538464,"7.465549615",0,-2.4330692403590763,16,0.6153846153846154,7,0.2692307692307692
676466,"Winkler, Jack",33,0.8918918918918919,26,"71.76530697",0.15151515151515155,0.23076923076923078,0.18181818181818182,0.07692307692307693,0.06060606060606061,"6.978879697",0,-0.3569452893445475,7,0.21212121212121213,11,0.3333333333333333
641598,"Garver, Mitch",419,0.9108695652173913,296,"71.763671289",0.15751789976133648,0.38175675675675674,0.26968973747016706,0.16891891891891891,0.11933174224343675,"7.309037757",11,-17.00478541985407,123,0.2935560859188544,158,0.37708830548926014
669450,"Hummel, Cooper",170,0.918918918918919,120,"71.753026235",0.21176470588235297,0.35,0.24705882352941178,0.125,0.08823529411764706,"7.241993235",8,-9.476234886418116,50,0.29411764705882354,55,0.3235294117647059
682729,"Clase, Jonatan",169,0.9037433155080213,124,"71.752121538",0.21893491124260353,0.28225806451612906,0.20710059171597633,0.12096774193548387,0.08875739644970414,"6.747998462",4,-6.952106733506159,45,0.26627218934911245,65,0.38461538461538464
664238,"Moore, Dylan",432,0.9,296,"71.751947569",0.1504629629629629,0.25675675675675674,0.17592592592592593,0.10472972972972973,0.07175925925925926,"7.151178912",16,-12.176932986675647,136,0.3148148148148148,124,0.28703703703703703
543510,"McCann, James",218,0.9083333333333333,151,"71.721273257",0.19266055045871555,0.37748344370860926,0.26146788990825687,0.2052980132450331,0.14220183486238533,"7.043835183",4,-2.3427872840677475,67,0.3073394495412844,83,0.38073394495412843
664761,"Bohm, Alec",770,0.903755868544601,666,"71.710521857",0.18181818181818182,0.37537537537537535,0.3246753246753247,0.17267267267267267,0.14935064935064934,"7.279825935",11,-7.2496950451960736,104,0.13506493506493505,359,0.4662337662337662
680118,"Blanco, Dairon",11,0.9166666666666666,7,"71.704437273",0.0909090909090909,0,0,0,0,"7.401871818",1,0.43609636841707344,4,0.36363636363636365,4,0.36363636363636365
672640,"Lopez, Otto",874,0.9028925619834711,726,"71.697503158",0.21967963386727687,0.3774104683195592,0.3135011441647597,0.17079889807162535,0.14187643020594964,"6.7934977",19,-19.229766660231316,148,0.16933638443935928,420,0.4805491990846682
693307,"Dingler, Dillon",773,0.904093567251462,595,"71.690906274",0.14618369987063387,0.33949579831932775,0.2613195342820181,0.16806722689075632,0.129366106080207,"7.699791552",14,-9.063730830908622,178,0.23027166882276842,303,0.39197930142302717
609280,"Andujar, Miguel",588,0.9173166926677067,492,"71.675390714",0.1836734693877551,0.32113821138211385,0.2687074829931973,0.12601626016260162,0.1054421768707483,"7.758931412",8,2.5680817727054404,96,0.16326530612244897,253,0.4302721088435374
668709,"Bleday, JJ",520,0.9090909090909091,373,"71.673115385",0.1480769230769231,0.34316353887399464,0.24615384615384617,0.13404825737265416,0.09615384615384616,"7.510932038",17,-20.21403903670982,147,0.2826923076923077,197,0.37884615384615383
663837,"Vierling, Matt",172,0.8958333333333334,147,"71.66896843",0.1104651162790698,0.32653061224489793,0.27906976744186046,0.1564625850340136,0.13372093023255813,"7.407750233",2,-7.6009920322298035,25,0.14534883720930233,63,0.36627906976744184
664023,"Happ, Ian",1042,0.9052997393570807,795,"71.668839664",0.17178502879078691,0.3270440251572327,0.2495201535508637,0.1610062893081761,0.12284069097888675,"6.915486843",15,-27.050520981267727,247,0.23704414587332054,389,0.373320537428023
669477,"Schmitt, Casey",597,0.9018126888217523,453,"71.657886281",0.20603015075376882,0.304635761589404,0.23115577889447236,0.141280353200883,0.10720268006700168,"7.50943665",5,-18.128535536823655,144,0.24120603015075376,210,0.35175879396984927
691783,"Lawlar, Jordan",106,0.905982905982906,71,"71.653956792",0.18867924528301888,0.2535211267605634,0.16981132075471697,0.09859154929577464,0.0660377358490566,"7.697493491",3,-7.052674947463659,35,0.330188679245283,32,0.3018867924528302
678662,"Tovar, Ezequiel",774,0.9042056074766355,539,"71.626449315",0.19121447028423774,0.26159554730983303,0.1821705426356589,0.1261595547309833,0.08785529715762273,"7.53609593",7,-21.728416144064838,235,0.30361757105943155,241,0.31136950904392763
650489,"Castro, Willi",805,0.9014557670772676,585,"71.612669441",0.2111801242236025,0.27692307692307694,0.20124223602484473,0.12478632478632479,0.0906832298136646,"7.23363759",13,-16.130527383668408,220,0.2732919254658385,261,0.3242236024844721
669707,"Triolo, Jared",587,0.901689708141321,458,"71.605172385",0.14310051107325386,0.3296943231441048,0.2572402044293015,0.1462882096069869,0.1141396933560477,"7.777656252",14,-17.371557306135628,129,0.21976149914821125,233,0.3969335604770017
641584,"Fraley, Jake",340,0.8994708994708994,260,"71.602781176",0.16176470588235298,0.2692307692307692,0.20588235294117646,0.10384615384615385,0.07941176470588235,"7.127880618",3,-5.530171751983438,80,0.23529411764705882,120,0.35294117647058826
646240,"Devers, Rafael",1281,0.9098011363636364,882,"71.576284145",0.19750195160031223,0.31519274376417233,0.21701795472287275,0.17913832199546487,0.12334113973458236,"7.56935064",28,-25.349106891349052,399,0.3114754098360656,376,0.2935206869633099
690924,"Fulford, Braxton",192,0.897196261682243,137,"71.567188073",0.18750000000000003,0.2846715328467153,0.203125,0.145985401459854,0.10416666666666667,"6.644059063",8,-8.124421140710078,55,0.2864583333333333,66,0.34375
671221,"Waters, Drew",394,0.9016018306636155,280,"71.565999873",0.17766497461928935,0.275,0.19543147208121828,0.1,0.07106598984771574,"6.558638401",15,-11.672245708985432,114,0.2893401015228426,131,0.33248730964467005
672275,"Bailey, Patrick",747,0.9,550,"71.564001499",0.15796519410977236,0.3109090909090909,0.2289156626506024,0.13272727272727272,0.09772423025435073,"7.295490455",11,-24.579821367270934,197,0.2637215528781794,270,0.3614457831325301
682848,"Rodríguez, Endy",83,0.9021739130434783,63,"71.545524819",0.14457831325301207,0.4603174603174603,0.3493975903614458,0.1746031746031746,0.13253012048192772,"7.266479759",1,-4.908936743339956,20,0.24096385542168675,35,0.42168674698795183
676801,"McCormick, Chas",197,0.8995433789954338,130,"71.532296447",0.1370558375634518,0.2692307692307692,0.17766497461928935,0.1,0.06598984771573604,"7.745353299",6,-10.554526423701637,67,0.3401015228426396,62,0.3147208121827411
805811,"Eldridge, Bryce",59,0.921875,37,"71.522124407",0.13559322033898308,0.2972972972972973,0.1864406779661017,0.21621621621621623,0.13559322033898305,"7.092475763",1,-5.975829526148569,22,0.3728813559322034,13,0.22033898305084745
677649,"Duran, Ezequiel",373,0.9009661835748792,284,"71.496004504",0.17158176943699732,0.2852112676056338,0.21715817694369974,0.11619718309859155,0.08847184986595175,"7.158790563",4,-16.039782390863873,89,0.2386058981233244,134,0.35924932975871315
595978,"Hedges, Austin",301,0.8958333333333334,214,"71.486815548",0.15282392026578073,0.308411214953271,0.21926910299003322,0.11214953271028037,0.07973421926910298,"7.598350432",8,-19.031031879214503,87,0.28903654485049834,101,0.33554817275747506
682988,"Locklear, Tyler",208,0.896551724137931,150,"71.467339087",0.16346153846153846,0.23333333333333334,0.16826923076923078,0.13333333333333333,0.09615384615384616,"7.153670625",14,-8.338055869690328,58,0.27884615384615385,58,0.27884615384615385
676914,"Schneider, Davis",370,0.9068627450980392,276,"71.457897541",0.16486486486486487,0.30434782608695654,0.22702702702702704,0.12318840579710146,0.0918918918918919,"7.134366541",10,-5.515859394524218,94,0.25405405405405407,116,0.31351351351351353
571448,"Arenado, Nolan",694,0.9001297016861219,589,"71.430622896",0.1685878962536023,0.3395585738539898,0.2881844380403458,0.11375212224108659,0.09654178674351585,"8.428663012",16,-17.912121220039996,105,0.15129682997118155,332,0.4783861671469741
687263,"Neto, Zach",925,0.9033203125,672,"71.408776519",0.13297297297297295,0.36607142857142855,0.26594594594594595,0.1800595238095238,0.1308108108108108,"7.055745276",30,-10.86723449978564,253,0.2735135135135135,327,0.3535135135135135
665155,"Maton, Nick",103,0.9035087719298246,66,"71.381060194",0.10679611650485439,0.3484848484848485,0.22330097087378642,0.09090909090909091,0.05825242718446602,"6.752847282",4,-5.587758611785998,37,0.3592233009708738,34,0.3300970873786408
702284,"Young, Cole",394,0.9036697247706422,296,"71.379656904",0.21573604060913704,0.3310810810810811,0.24873096446700507,0.11486486486486487,0.08629441624365482,"6.841381244",6,-18.973035234002154,98,0.24873096446700507,153,0.3883248730964467
669016,"Marsh, Brandon",688,0.9064558629776021,537,"71.377627064",0.13953488372093026,0.34450651769087526,0.2688953488372093,0.15083798882681565,0.11773255813953488,"7.138001163",8,-6.031698795050529,151,0.2194767441860465,255,0.3706395348837209
671289,"Freeman, Tyler",643,0.9069111424541608,568,"71.319275474",0.14618973561430793,0.35563380281690143,0.3141524105754277,0.13380281690140844,0.1181959564541213,"6.940430793",7,-19.13437737615099,75,0.1166407465007776,293,0.4556765163297045
606992,"Haase, Eric",140,0.8974358974358975,89,"71.318593357",0.1285714285714286,0.21348314606741572,0.1357142857142857,0.07865168539325842,0.05,"7.098508571",1,-3.972415966502722,51,0.36428571428571427,33,0.2357142857142857
596146,"Kepler, Max",783,0.9,621,"71.317041545",0.15964240102171137,0.3671497584541063,0.29118773946360155,0.16586151368760063,0.13154533844189017,"7.363186296",27,-22.79940679171567,162,0.20689655172413793,312,0.39846743295019155
596117,"Stubbs, Garrett",3,1,3,"71.285113333",0,0,0,0,0,"8.038006667",0,-0.29324560710439024,0,0,1,0.3333333333333333
467793,"Santana, Carlos",770,0.9080188679245284,591,"71.281599818",0.17142857142857137,0.29441624365482233,0.22597402597402597,0.13028764805414553,0.1,"7.636639403",13,-30.51946224182011,179,0.23246753246753246,281,0.36493506493506495
668731,"Baddoo, Akil",32,0.8888888888888888,23,"71.245459375",0.2187500000000001,0.34782608695652173,0.25,0.13043478260869565,0.09375,"7.723890625",1,-2.8278658278680697,9,0.28125,12,0.375
668901,"Vientos, Mark",792,0.9051428571428571,551,"71.24039673",0.14772727272727276,0.3720508166969147,0.2588383838383838,0.16878402903811252,0.11742424242424243,"7.553542462",25,-21.435977450171144,241,0.3042929292929293,270,0.3409090909090909
665750,"Taveras, Leody",306,0.9107142857142857,228,"71.232573301",0.1699346405228758,0.27631578947368424,0.20588235294117646,0.12280701754385964,0.0915032679738562,"7.387284706",1,-12.961194310868924,78,0.2549019607843137,102,0.3333333333333333
696030,"Osuna, Alejandro",286,0.89937106918239,229,"71.228230734",0.1643356643356643,0.2838427947598253,0.22727272727272727,0.14847161572052403,0.11888111888111888,"6.988317098",0,-14.145371402858132,57,0.1993006993006993,108,0.3776223776223776
677950,"Thomas, Alek",763,0.8976470588235295,566,"71.188748702",0.145478374836173,0.3409893992932862,0.2529488859764089,0.16431095406360424,0.1218872870249017,"7.030923539",31,-22.00865002610099,197,0.2581913499344692,283,0.3709043250327654
455117,"Maldonado, Martín",215,0.9033613445378151,130,"71.187740233",0.14883720930232555,0.38461538461538464,0.23255813953488372,0.15384615384615385,0.09302325581395349,"7.561479395",8,-5.093792322389347,85,0.3953488372093023,80,0.37209302325581395
607208,"Turner, Trea",1062,0.9038297872340425,814,"71.186826507",0.1779661016949153,0.3353808353808354,0.2570621468926554,0.14619164619164618,0.1120527306967985,"7.551834849",18,-6.3731095588056,248,0.2335216572504708,419,0.3945386064030132
663647,"Hayes, Ke'Bryan",828,0.9029443838604144,665,"71.186608188",0.11835748792270534,0.37593984962406013,0.30193236714975846,0.16541353383458646,0.13285024154589373,"6.783318623",11,-31.084465226033124,163,0.19685990338164253,375,0.4528985507246377
690984,"Halpin, Petey",13,0.8666666666666667,11,"71.185481538",0.07692307692307693,0.09090909090909091,0.07692307692307693,0,0,"7.189438462",0,-0.4001922383448129,2,0.15384615384615385,3,0.23076923076923078
592178,"Bryant, Kris",71,0.8765432098765432,48,"71.176536197",0.14084507042253525,0.3958333333333333,0.2676056338028169,0.08333333333333333,0.056338028169014086,"7.802002958",3,-4.814962186781691,23,0.323943661971831,24,0.3380281690140845
571970,"Muncy, Max",594,0.8932330827067669,455,"71.174131852",0.14478114478114476,0.3230769230769231,0.2474747474747475,0.16043956043956045,0.12289562289562289,"7.011295135",12,-12.718885072349485,139,0.234006734006734,204,0.3434343434343434
593871,"Polanco, Jorge",800,0.8998875140607424,634,"71.173813463",0.14500000000000005,0.3911671924290221,0.31,0.1861198738170347,0.1475,"7.217401975",24,-1.6833529532963079,166,0.2075,347,0.43375
573262,"Yastrzemski, Mike",844,0.9036402569593148,706,"71.154200652",0.09715639810426539,0.34702549575070823,0.2902843601895735,0.13739376770538245,0.11492890995260663,"7.489656552",15,-25.319015526989304,138,0.16350710900473933,343,0.40639810426540285
663604,"Lockridge, Brandon",260,0.9187279151943463,197,"71.138003769",0.1730769230769231,0.28426395939086296,0.2153846153846154,0.09644670050761421,0.07307692307692308,"6.745572231",3,-8.834516945670472,63,0.2423076923076923,89,0.3423076923076923
679822,"Foscue, Justin",18,0.9,16,"71.131242778",0.055555555555555566,0.3125,0.2777777777777778,0.125,0.1111111111111111,"7.084883333",0,-1.1603933295524889,2,0.1111111111111111,6,0.3333333333333333
666126,"Cortes, Carlos",155,0.9011627906976745,123,"71.129963419",0.17419354838709675,0.34959349593495936,0.27741935483870966,0.13821138211382114,0.10967741935483871,"7.071926129",6,-0.26366367447896033,32,0.2064516129032258,65,0.41935483870967744
656775,"Mullins, Cedric",866,0.9058577405857741,672,"71.117985693",0.1096997690531178,0.29464285714285715,0.22863741339491916,0.11607142857142858,0.09006928406466513,"7.548014007",15,-29.31574819770936,194,0.22401847575057737,284,0.3279445727482679
457705,"McCutchen, Andrew",882,0.901840490797546,670,"71.113187166",0.12018140589569158,0.31791044776119404,0.24149659863945577,0.1417910447761194,0.10770975056689343,"7.651266236",22,-28.576681740086755,212,0.24036281179138322,315,0.35714285714285715
691026,"Winn, Masyn",891,0.9045685279187817,724,"71.101336577",0.17283950617283952,0.31215469613259667,0.2536475869809203,0.11740331491712708,0.09539842873176206,"7.466488844",9,-25.099165342298676,167,0.18742985409652077,347,0.3894500561167228
692216,"Kayfus, CJ",225,0.9036144578313253,150,"71.089003689",0.13333333333333336,0.3466666666666667,0.2311111111111111,0.11333333333333333,0.07555555555555556,"6.749425378",2,-6.235423726179476,75,0.3333333333333333,79,0.3511111111111111
596115,"Story, Trevor",1172,0.904320987654321,827,"71.088040828",0.14249146757679176,0.31197097944377267,0.22013651877133106,0.16444981862152358,0.11604095563139932,"7.358714863",20,-14.301038641917353,345,0.29436860068259385,380,0.3242320819112628
608385,"Winker, Jesse",118,0.9007633587786259,95,"71.087214407",0.1610169491525424,0.3473684210526316,0.2796610169491525,0.17894736842105263,0.1440677966101695,"7.420258644",4,-4.576032686222892,23,0.19491525423728814,48,0.4067796610169492
571771,"Hernández, Enrique",472,0.9147286821705426,344,"71.086814788",0.14194915254237292,0.313953488372093,0.2288135593220339,0.12209302325581395,0.08898305084745763,"7.542173157",9,-15.945131802842912,128,0.2711864406779661,158,0.3347457627118644
622534,"Margot, Manuel",33,0.8918918918918919,22,"71.064311212",0.12121212121212122,0.22727272727272727,0.15151515151515152,0.045454545454545456,0.030303030303030304,"7.009000909",0,-1.031905302056399,11,0.3333333333333333,10,0.30303030303030304
641487,"Crawford, J.P.",1066,0.9049235993208828,862,"71.050039062",0.19324577861163228,0.29350348027842227,0.2373358348968105,0.10788863109048724,0.08724202626641651,"7.1547606",7,-28.26202626695089,204,0.19136960600375236,411,0.38555347091932457
676356,"DeLuca, Jonny",99,0.9,76,"71.049039596",0.14141414141414144,0.3026315789473684,0.23232323232323232,0.09210526315789473,0.0707070707070707,"7.69320101",2,0.038963315551734795,23,0.23232323232323232,42,0.42424242424242425
663757,"Grisham, Trent",803,0.9012345679012346,641,"71.018787335",0.11457036114570364,0.37753510140405616,0.3013698630136986,0.18252730109204368,0.14570361145703611,"7.617121943",15,-7.056693225098995,162,0.20174346201743462,324,0.40348692403486924
678882,"Rafaela, Ceddanne",1104,0.902698282910875,820,"71.017957464",0.12409420289855076,0.32682926829268294,0.2427536231884058,0.1402439024390244,0.10416666666666667,"7.450740571",20,-23.84374401628565,284,0.2572463768115942,401,0.3632246376811594
656555,"Hoskins, Rhys",507,0.898936170212766,380,"71.011597791",0.15187376725838267,0.33157894736842103,0.2485207100591716,0.13157894736842105,0.09861932938856016,"8.164512525",21,-12.12005467494661,127,0.2504930966469428,174,0.3431952662721893
664034,"France, Ty",855,0.9018987341772152,691,"71.010602655",0.1473684210526316,0.34008683068017365,0.27485380116959063,0.1577424023154848,0.12748538011695906,"7.450023754",19,-20.847233939616213,164,0.19181286549707602,338,0.3953216374269006
695391,"Harris, Brett",129,0.9214285714285714,97,"71.010082403",0.17054263565891473,0.27835051546391754,0.20930232558139536,0.13402061855670103,0.10077519379844961,"7.401412636",0,-3.8983425757117685,32,0.24806201550387597,47,0.3643410852713178
608324,"Bregman, Alex",714,0.9095541401273886,623,"71.001324846",0.08963585434173674,0.4301765650080257,0.3753501400560224,0.15248796147672553,0.1330532212885154,"7.072280294",17,-4.589246284373258,91,0.12745098039215685,349,0.4887955182072829
668952,"Kreidler, Ryan",79,0.8977272727272727,48,"70.995321266",0.12658227848101264,0.2708333333333333,0.16455696202531644,0.10416666666666667,0.06329113924050633,"7.758932278",3,-6.115314310934382,31,0.3924050632911392,19,0.24050632911392406
691728,"Veen, Zac",69,0.8734177215189873,38,"70.992057826",0.13043478260869568,0.2631578947368421,0.14492753623188406,0.10526315789473684,0.057971014492753624,"6.907162754",1,-6.128865558228508,31,0.4492753623188406,17,0.2463768115942029
640902,"Pereda, Jhonny",121,0.9029850746268657,86,"70.972347273",0.1487603305785124,0.26744186046511625,0.19008264462809918,0.1511627906976744,0.10743801652892562,"7.230285124",3,-3.077992888017964,35,0.2892561983471074,39,0.32231404958677684
667472,"Myers, Dane",467,0.9067961165048544,354,"70.965604325",0.1777301927194861,0.4011299435028249,0.30406852248394006,0.15819209039548024,0.11991434689507495,"7.17211197",8,-20.787875782163105,113,0.24197002141327623,193,0.4132762312633833
596019,"Lindor, Francisco",1180,0.9062980030721967,942,"70.957487339",0.164406779661017,0.3375796178343949,0.26949152542372884,0.13906581740976645,0.11101694915254237,"7.500810839",14,-23.683359718244617,238,0.2016949152542373,436,0.3694915254237288
647304,"Naylor, Josh",924,0.8979591836734694,734,"70.951185801",0.17857142857142863,0.3923705722070845,0.3116883116883117,0.16348773841961853,0.12987012987012986,"7.582832922",21,-2.0420793383729894,190,0.20562770562770563,420,0.45454545454545453
608070,"Ramírez, José",1084,0.9063545150501672,941,"70.947914345",0.1623616236162362,0.34643995749202977,0.3007380073800738,0.13177470775770456,0.11439114391143912,"7.238763063",18,1.953903499340575,143,0.13191881918819187,474,0.43726937269372695
630105,"Cronenworth, Jake",801,0.897982062780269,653,"70.938401161",0.1548064918851436,0.3016845329249617,0.2459425717852684,0.11944869831546708,0.09737827715355805,"7.022978152",9,-22.237631159902683,148,0.18476903870162298,291,0.36329588014981273
595777,"Profar, Jurickson",593,0.8998482549317147,493,"70.930405295",0.18043844856661045,0.2961460446247465,0.24620573355817876,0.11561866125760649,0.09612141652613827,"7.484573103",6,-9.900746906425713,100,0.16863406408094436,220,0.37099494097807756
686676,"Lee, Korey",63,0.9,46,"70.930072698",0.09523809523809525,0.3695652173913043,0.2698412698412698,0.13043478260869565,0.09523809523809523,"7.485982063",1,1.34788914000339,17,0.2698412698412698,25,0.3968253968253968
682177,"Schneemann, Daniel",660,0.9004092769440655,479,"70.924933455",0.1196969696969697,0.34029227557411273,0.24696969696969698,0.14613778705636743,0.10606060606060606,"7.012910439",26,-20.125240025485052,181,0.27424242424242423,241,0.36515151515151517
672515,"Moreno, Gabriel",517,0.9022687609075044,436,"70.919275513",0.15860735009671179,0.36926605504587157,0.3114119922630561,0.1353211009174312,0.11411992263056092,"6.924329226",9,-7.5924541338637175,81,0.15667311411992263,209,0.40425531914893614
543309,"Higashioka, Kyle",512,0.8998242530755711,419,"70.908525098",0.095703125,0.3627684964200477,0.296875,0.13842482100238662,0.11328125,"7.207039746",14,-7.770327533947035,93,0.181640625,215,0.419921875
621020,"Swanson, Dansby",1129,0.9024780175859313,814,"70.907170337",0.05668733392382639,0.35626535626535627,0.25686448184233834,0.16953316953316952,0.12223206377325066,"7.414733012",29,-23.685889871849923,315,0.27900797165633306,401,0.35518157661647476
642851,"Wynns, Austin",198,0.9,148,"70.881063586",0.16161616161616163,0.30405405405405406,0.22727272727272727,0.16216216216216217,0.12121212121212122,"7.492551667",4,5.179528364073357,50,0.25252525252525254,68,0.3434343434343434
668715,"Steer, Spencer",984,0.9027522935779817,748,"70.872283211",0.07113821138211383,0.30080213903743314,0.22865853658536586,0.10026737967914438,0.07621951219512195,"7.388738669",18,-15.057583013060299,236,0.23983739837398374,359,0.3648373983739837
602104,"Urías, Ramón",640,0.9026798307475318,486,"70.847987266",0.12500000000000003,0.34156378600823045,0.259375,0.1419753086419753,0.1078125,"7.688419469",15,-16.77934777337812,154,0.240625,244,0.38125
677588,"Tena, José",264,0.9010238907849829,204,"70.796796705",0.15530303030303028,0.38235294117647056,0.29545454545454547,0.12254901960784313,0.0946969696969697,"6.800390455",1,-9.22836881402452,60,0.22727272727272727,102,0.38636363636363635
605244,"Garcia, Aramis",6,1,2,"70.77862",0,0.5,0.16666666666666666,0,0,"6.854408333",0,-0.7670775217200815,4,0.6666666666666666,1,0.16666666666666666
620443,"Torrens, Luis",470,0.9021113243761996,380,"70.763726574",0.08936170212765959,0.3605263157894737,0.29148936170212764,0.17894736842105263,0.14468085106382977,"7.226912872",10,-15.76749115787377,90,0.19148936170212766,191,0.40638297872340423
686668,"Doyle, Brenton",862,0.9026178010471204,625,"70.753457343",0.06264501160092807,0.3648,0.26450116009280744,0.1584,0.1148491879350348,"7.21751203",24,-24.988634587496996,237,0.27494199535962877,334,0.3874709976798144
690993,"Keith, Colt",732,0.9093167701863354,579,"70.746111175",0.09972677595628415,0.35578583765112265,0.2814207650273224,0.15198618307426598,0.12021857923497267,"6.814692404",15,-17.155402952232823,153,0.20901639344262296,293,0.40027322404371585
643446,"McNeil, Jeff",793,0.9042189281641961,678,"70.745086822",0.1021437578814628,0.3141592920353982,0.2686002522068096,0.09144542772861357,0.07818411097099622,"7.330167793",17,-16.10973020129757,115,0.1450189155107188,322,0.4060529634300126
676059,"Westburg, Jordan",562,0.9035369774919614,406,"70.743568843",0.11743772241992884,0.3448275862068966,0.2491103202846975,0.15763546798029557,0.11387900355871886,"6.742863203",19,-3.1900079575848075,156,0.2775800711743772,210,0.3736654804270463
690976,"Freeland, Alex",139,0.9025974025974026,97,"70.742310072",0.12949640287769787,0.31958762886597936,0.22302158273381295,0.08247422680412371,0.05755395683453238,"7.188849856",2,-5.960930091728276,42,0.302158273381295,43,0.30935251798561153
644433,"Tromp, Chadwick",27,0.9,20,"70.729146296",0.07407407407407407,0.45,0.3333333333333333,0.15,0.1111111111111111,"7.914618519",0,-0.2927219401576592,7,0.25925925925925924,14,0.5185185185185185
682668,"Acuña, Luisangel",285,0.8990536277602523,223,"70.699764105",0.17543859649122806,0.3452914798206278,0.27017543859649124,0.13901345291479822,0.10877192982456141,"7.256319965",6,-18.016476835700075,62,0.21754385964912282,123,0.43157894736842106
675915,"Bañuelos, David",4,1,1,"70.69118",0,0,0,0,0,"7.91357",0,-0.48516712020558667,3,0.75,0,0
624512,"McGuire, Reese",235,0.9038461538461539,184,"70.684582809",0.0978723404255319,0.33152173913043476,0.25957446808510637,0.09239130434782608,0.07234042553191489,"8.200186979",2,-5.41181753905953,51,0.2170212765957447,96,0.4085106382978723
693409,"Prieto, César",14,0.875,7,"70.682502857",0.14285714285714285,0,0,0,0,"7.88661",0,-0.8428485935016408,7,0.5,1,0.07142857142857142
669304,"Miranda, Jose F",56,0.8888888888888888,43,"70.673243214",0.14285714285714285,0.27906976744186046,0.21428571428571427,0.11627906976744186,0.08928571428571429,"7.63887",1,-2.7400112238813032,13,0.23214285714285715,18,0.32142857142857145
681460,"Baldwin, Brooks",574,0.9010989010989011,437,"70.672030575",0.11149825783972128,0.3340961098398169,0.25435540069686413,0.13729977116704806,0.10452961672473868,"7.067349216",7,-10.17362434677303,137,0.23867595818815332,195,0.3397212543554007
680862,"MacIver, Willie",185,0.8980582524271845,143,"70.668695135",0.04864864864864866,0.2937062937062937,0.22702702702702704,0.11888111888111888,0.0918918918918919,"7.374755027",6,-6.8455450620679645,42,0.22702702702702704,69,0.372972972972973
683734,"Vaughn, Andrew",714,0.9026548672566371,570,"70.65558916",0.12184873949579833,0.4,0.31932773109243695,0.1824561403508772,0.14565826330532214,"7.260666541",11,-20.448341729621774,144,0.20168067226890757,306,0.42857142857142855
668930,"Turang, Brice",1071,0.9015151515151515,868,"70.643209402",0.18113912231559293,0.3433179723502304,0.27824463118580767,0.14285714285714285,0.1157796451914099,"6.828797395",27,-5.963717661279927,203,0.1895424836601307,404,0.3772175536881419
691182,"Amador, Adael",182,0.900990099009901,146,"70.640368846",0.12087912087912092,0.3013698630136986,0.24175824175824176,0.0821917808219178,0.06593406593406594,"7.286974725",4,-9.861695253351563,36,0.1978021978021978,74,0.4065934065934066
677870,"Jiménez, Leo",52,0.896551724137931,41,"70.638881538",0.057692307692307696,0.36585365853658536,0.28846153846153844,0.21951219512195122,0.17307692307692307,"7.175057885",1,-3.029420132398008,11,0.21153846153846154,21,0.40384615384615385
678246,"Vargas, Miguel",940,0.9012464046021093,772,"70.631688011",0.1170212765957447,0.3601036269430052,0.2957446808510638,0.13212435233160622,0.10851063829787234,"7.605435479",17,-23.869063236477302,168,0.17872340425531916,372,0.39574468085106385
680911,"Miller, Owen",28,0.9032258064516129,25,"70.619380357",0.10714285714285714,0.16,0.14285714285714285,0.08,0.07142857142857142,"6.629615714",0,-2.386138416536667,3,0.10714285714285714,8,0.2857142857142857
702616,"Holliday, Jackson",996,0.9038112522686026,771,"70.618351546",0.10742971887550203,0.35149156939040205,0.2720883534136546,0.1504539559014267,0.11646586345381527,"6.903384729",21,-29.11023387450326,225,0.22590361445783133,398,0.39959839357429716
606115,"Arcia, Orlando",365,0.8990147783251231,282,"70.596135562",0.15068493150684928,0.29432624113475175,0.2273972602739726,0.12411347517730496,0.0958904109589041,"7.77931063",12,-17.04440134203615,83,0.2273972602739726,136,0.3726027397260274
700932,"Manzardo, Kyle",855,0.9047619047619048,625,"70.594998772",0.07953216374269004,0.3568,0.2608187134502924,0.1424,0.10409356725146199,"7.394629942",20,-11.305887576220913,230,0.26900584795321636,306,0.35789473684210527
666971,"Gurriel Jr., Lourdes",923,0.9013671875,758,"70.593145666",0.09642470205850487,0.35224274406332456,0.28927410617551463,0.12928759894459102,0.10617551462621885,"7.490822839",16,-9.982439091042924,165,0.17876489707475623,402,0.4355362946912243
677943,"Banfield, Will",22,0.88,14,"70.576871364",0.04545454545454545,0.07142857142857142,0.045454545454545456,0.07142857142857142,0.045454545454545456,"7.007824545",0,-1.4349598131272403,8,0.36363636363636365,3,0.13636363636363635
687859,"Johnston, Troy",209,0.908695652173913,151,"70.571048182",0.05263157894736842,0.36423841059602646,0.2631578947368421,0.17880794701986755,0.1291866028708134,"7.118272057",5,-0.7560917716902098,58,0.27751196172248804,82,0.3923444976076555
681508,"Gasper, Mickey",154,0.9005847953216374,126,"70.568511039",0.07792207792207792,0.373015873015873,0.3051948051948052,0.09523809523809523,0.07792207792207792,"6.489166948",5,-11.256574458671427,28,0.18181818181818182,69,0.44805194805194803
695670,"Ford, Harry",14,0.875,8,"70.560820714",0.07142857142857142,0.5,0.2857142857142857,0.25,0.14285714285714285,"6.815569286",1,-1.2112291368000383,6,0.42857142857142855,4,0.2857142857142857
672761,"Pérez, Wenceel",671,0.9079837618403248,498,"70.54541386",0.08494783904619967,0.3714859437751004,0.2757078986587183,0.142570281124498,0.10581222056631892,"6.956413279",3,-12.232143040527328,173,0.2578241430700447,240,0.35767511177347244
666152,"Hamilton, David",280,0.9032258064516129,224,"70.53192275",0.10357142857142858,0.32142857142857145,0.2571428571428571,0.11160714285714286,0.08928571428571429,"7.253406143",14,-11.510048399006681,56,0.2,121,0.43214285714285716
664728,"Isbel, Kyle",544,0.9006622516556292,449,"70.527229007",0.09191176470588235,0.33407572383073497,0.2757352941176471,0.1514476614699332,0.125,"7.101258824",5,-18.326250917101213,95,0.17463235294117646,247,0.4540441176470588
663731,"Kaiser, Connor",26,0.896551724137931,18,"70.520705",0.1153846153846154,0.3333333333333333,0.23076923076923078,0.05555555555555555,0.038461538461538464,"7.586318077",1,-1.7312649806457647,8,0.3076923076923077,10,0.38461538461538464
668670,"Rogers, Jake",222,0.8987854251012146,169,"70.518442387",0.04954954954954958,0.3431952662721893,0.26126126126126126,0.1301775147928994,0.0990990990990991,"7.469249279",8,-8.81227427970615,53,0.23873873873873874,83,0.3738738738738739
693304,"Gonzales, Nick",695,0.9037711313394018,537,"70.517897698",0.1352517985611511,0.35567970204841715,0.27482014388489207,0.13221601489757914,0.10215827338129496,"7.550997827",24,-22.866620738973406,158,0.2273381294964029,279,0.4014388489208633
592206,"Castellanos, Nick",1121,0.9018503620273531,798,"70.517567823",0.16949152542372878,0.32205513784461154,0.22925958965209633,0.11904761904761904,0.0847457627118644,"7.682416566",17,-21.997608923103233,323,0.288135593220339,370,0.33006244424620873
545121,"Vargas, Ildemaro",189,0.9043062200956937,158,"70.512082011",0.11640211640211641,0.43037974683544306,0.35978835978835977,0.1518987341772152,0.12698412698412698,"7.422171799",8,-2.290280264125329,31,0.164021164021164,93,0.49206349206349204
673490,"Kim, Ha-Seong",274,0.898360655737705,234,"70.502534964",0.09489051094890513,0.3717948717948718,0.3175182481751825,0.1452991452991453,0.12408759124087591,"7.010301642",0,-8.063675800942804,40,0.145985401459854,119,0.4343065693430657
805300,"Marsee, Jakob",335,0.9005376344086021,273,"70.488703403",0.03880597014925373,0.3626373626373626,0.2955223880597015,0.18315018315018314,0.14925373134328357,"6.82484591",3,-4.199388009910943,62,0.18507462686567164,149,0.44477611940298506
669234,"Malloy, Justyn-Henry",196,0.8909090909090909,144,"70.48173301",0.0816326530612245,0.2777777777777778,0.20408163265306123,0.09027777777777778,0.0663265306122449,"7.10262551",6,-9.0124366293758,52,0.2653061224489796,70,0.35714285714285715
666018,"Aranda, Jonathan",730,0.9012345679012346,558,"70.474476274",0.136986301369863,0.3207885304659498,0.2452054794520548,0.16666666666666666,0.1273972602739726,"7.291074945",9,1.6463650811765764,172,0.2356164383561644,238,0.32602739726027397
656185,"Allen, Greg",24,0.8888888888888888,14,"70.46197375",0.16666666666666669,0.35714285714285715,0.20833333333333334,0.14285714285714285,0.08333333333333333,"7.00021125",1,-3.407605623165183,10,0.4166666666666667,8,0.3333333333333333
608348,"Kelly, Carson",666,0.9135802469135802,526,"70.432022402",0.06306306306306307,0.34980988593155893,0.27627627627627627,0.1482889733840304,0.11711711711711711,"6.991381832",2,-13.706258817382803,140,0.21021021021021022,261,0.3918918918918919
665923,"Ruiz, Esteury",40,0.8888888888888888,21,"70.43101",0.12500000000000003,0.2857142857142857,0.15,0.047619047619047616,0.025,"7.615755",2,-1.4479589800847128,19,0.475,12,0.3
665839,"Valdez, Enmanuel",143,0.9050632911392406,116,"70.403599301",0.06993006993006994,0.3879310344827586,0.3146853146853147,0.1724137931034483,0.13986013986013987,"7.416843007",0,-2.4152938657502045,27,0.1888111888111888,62,0.43356643356643354
681807,"Fry, David",291,0.9065420560747663,204,"70.401437595",0.07216494845360825,0.28921568627450983,0.2027491408934708,0.09313725490196079,0.06529209621993128,"7.91794756",7,-5.091037530011259,87,0.29896907216494845,83,0.2852233676975945
678391,"Vivas, Jorbit",110,0.9166666666666666,83,"70.330953545",0.05454545454545456,0.30120481927710846,0.22727272727272727,0.0963855421686747,0.07272727272727272,"7.744188",0,-6.939471044965585,27,0.24545454545454545,42,0.38181818181818183
621438,"Taylor, Tyrone",534,0.9050847457627119,424,"70.298012378",0.09925093632958802,0.3089622641509434,0.24531835205992508,0.12028301886792453,0.09550561797752809,"7.547318464",6,-20.443221367462147,110,0.20599250936329588,215,0.40262172284644193
679032,"Rojas, Johan",260,0.9027777777777778,196,"70.290026346",0.1269230769230769,0.28061224489795916,0.21153846153846154,0.12755102040816327,0.09615384615384616,"7.306760346",4,-14.09239758186974,64,0.24615384615384617,93,0.3576923076923077
666198,"Kieboom, Carter",18,0.9,14,"70.284234444",0,0.21428571428571427,0.16666666666666666,0.07142857142857142,0.05555555555555555,"6.910294444",0,-0.4705990161378979,4,0.2222222222222222,6,0.3333333333333333
673962,"Jung, Josh",870,0.9015544041450777,668,"70.283741103",0.051724137931034475,0.33532934131736525,0.2574712643678161,0.16766467065868262,0.12873563218390804,"6.976292299",17,-12.765586202538051,202,0.23218390804597702,325,0.3735632183908046
641856,"McKinney, Billy",37,0.9024390243902439,29,"70.252428378",0.0810810810810811,0.41379310344827586,0.32432432432432434,0.06896551724137931,0.05405405405405406,"6.945824324",0,-2.095737020472395,8,0.21621621621621623,17,0.4594594594594595
682657,"Martínez, Angel",818,0.9028697571743929,641,"70.190628509",0.1075794621026895,0.3088923556942278,0.24205378973105135,0.09516380655226209,0.0745721271393643,"7.380795758",7,-27.424327860554325,177,0.21638141809290953,300,0.36674816625916873
650402,"Torres, Gleyber",948,0.90371782650143,772,"70.189734515",0.1181434599156118,0.3588082901554404,0.2921940928270042,0.14507772020725387,0.11814345991561181,"7.158491508",17,-28.196872154978028,176,0.18565400843881857,383,0.4040084388185654
640492,"Azócar, José",29,0.9354838709677419,27,"70.187141379",0.13793103448275865,0.3333333333333333,0.3103448275862069,0.14814814814814814,0.13793103448275862,"6.76739931",0,-1.0354133413918296,2,0.06896551724137931,17,0.5862068965517241
669242,"Edman, Tommy",566,0.9041533546325878,462,"70.183830106",0.12014134275618377,0.37662337662337664,0.30742049469964666,0.16017316017316016,0.13074204946996468,"6.904267155",6,-9.266896980191882,104,0.18374558303886926,267,0.4717314487632509
687478,"Devanney, Cam",69,0.8846153846153846,39,"70.16904029",0.15942028985507248,0.20512820512820512,0.11594202898550725,0.05128205128205128,0.028985507246376812,"7.309146087",4,-6.154186290372292,30,0.43478260869565216,12,0.17391304347826086
666397,"Julien, Edouard",313,0.9046242774566474,235,"70.167664984",0.06389776357827479,0.34893617021276596,0.26198083067092653,0.15319148936170213,0.11501597444089456,"6.99597738",9,-10.577424936416998,78,0.24920127795527156,113,0.3610223642172524
669208,"Bliss, Ryan",58,0.8923076923076924,35,"70.144061897",0.034482758620689655,0.42857142857142855,0.25862068965517243,0.22857142857142856,0.13793103448275862,"6.805466552",2,-2.360760323152109,23,0.39655172413793105,22,0.3793103448275862
663886,"Stephenson, Tyler",532,0.9032258064516129,386,"70.140759643",0.04887218045112781,0.3160621761658031,0.22932330827067668,0.14248704663212436,0.10338345864661654,"7.380844549",26,-9.09245281141141,146,0.2744360902255639,173,0.325187969924812
518595,"d'Arnaud, Travis",413,0.9017467248908297,286,"70.134599927",0.07990314769975787,0.28321678321678323,0.19612590799031476,0.1048951048951049,0.07263922518159806,"7.739983898",6,-12.920350009616213,127,0.3075060532687651,120,0.29055690072639223
680737,"Helman, Michael",190,0.9047619047619048,149,"70.122550105",0.021052631578947364,0.2348993288590604,0.18421052631578946,0.08053691275167785,0.06315789473684211,"7.722481263",7,-4.597817491804811,41,0.21578947368421053,69,0.3631578947368421
665861,"Rivero, Sebastián",71,0.9102564102564102,47,"70.122365493",0.028169014084507036,0.3404255319148936,0.22535211267605634,0.0851063829787234,0.056338028169014086,"7.577463662",2,-1.1014120783395553,24,0.3380281690140845,23,0.323943661971831
686681,"Massey, Michael",481,0.9024390243902439,398,"70.115340811",0.06860706860706861,0.32914572864321606,0.27234927234927236,0.09798994974874371,0.08108108108108109,"7.200736798",4,-20.893725195105358,83,0.17255717255717257,200,0.4158004158004158
641355,"Bellinger, Cody",1121,0.9106417546709992,928,"70.110897618",0.06512042818911686,0.3394396551724138,0.28099910793933985,0.12607758620689655,0.10437109723461195,"7.756810116",10,-4.093173746159067,193,0.17216770740410348,463,0.4130240856378234
702176,"Roden, Alan",224,0.896,170,"70.100367009",0.12499999999999999,0.3588235294117647,0.27232142857142855,0.11176470588235295,0.08482142857142858,"7.17130567",4,-14.34264222806991,54,0.24107142857142858,92,0.4107142857142857
668939,"Rutschman, Adley",526,0.8991452991452992,456,"70.067448536",0.12167300380228141,0.40350877192982454,0.34980988593155893,0.12719298245614036,0.11026615969581749,"6.866392338",6,-19.307884939096834,70,0.13307984790874525,237,0.4505703422053232
694362,"Dunn, Blake",110,0.8943089430894309,79,"70.048456909",0.06363636363636364,0.27848101265822783,0.2,0.10126582278481013,0.07272727272727272,"6.196039182",6,-4.3452795076849435,31,0.2818181818181818,30,0.2727272727272727
664954,"Sullivan, Brett",16,0.8888888888888888,12,"70.0212175",0.06250000000000001,0.25,0.1875,0.08333333333333333,0.0625,"7.217730625",0,-0.7055623307106468,4,0.25,4,0.25
664774,"Wade Jr., LaMonte",371,0.9048780487804878,296,"70.016405849",0.07816711590296496,0.34459459459459457,0.2749326145552561,0.10810810810810811,0.0862533692722372,"6.718355795",11,-22.217843018572356,75,0.20215633423180593,143,0.38544474393531
695257,"Cook, Billy",11,0.9166666666666666,9,"70.008233636",0.18181818181818182,0.2222222222222222,0.18181818181818182,0.1111111111111111,0.09090909090909091,"7.970687273",1,-0.0342581612441312,2,0.18181818181818182,5,0.45454545454545453
677587,"Rocchio, Brayan",620,0.9024745269286754,465,"69.997537065",0.06774193548387097,0.3655913978494624,0.27419354838709675,0.13333333333333333,0.1,"7.326627677",10,-26.269806075058455,155,0.25,243,0.3919354838709677
663368,"Perkins, Blake",239,0.9122137404580153,169,"69.982733222",0.03347280334728033,0.3905325443786982,0.27615062761506276,0.15976331360946747,0.11297071129707113,"7.147493096",4,-7.16866402198013,70,0.2928870292887029,92,0.38493723849372385
694497,"Carter, Evan",314,0.8971428571428571,239,"69.959813822",0.08280254777070063,0.3723849372384937,0.28343949044585987,0.13807531380753138,0.10509554140127389,"7.176509713",8,-6.909171025014368,75,0.23885350318471338,134,0.4267515923566879
702358,"Lipscomb, Trey",4,0.8,3,"69.9577625",0.25,0.3333333333333333,0.25,0,0,"6.9077075",0,-0.18319673317342572,1,0.25,1,0.25
645305,"Sánchez, Ali",41,0.8913043478260869,33,"69.955427561",0.09756097560975614,0.30303030303030304,0.24390243902439024,0.18181818181818182,0.14634146341463414,"7.240515366",0,-2.349170718144001,8,0.1951219512195122,17,0.4146341463414634
678009,"Meadows, Parker",329,0.8989071038251366,235,"69.923306535",0.060790273556231025,0.32340425531914896,0.23100303951367782,0.10638297872340426,0.07598784194528875,"7.316564985",8,-16.76681387530386,94,0.2857142857142857,114,0.3465045592705167
656413,"Fairchild, Stuart",84,0.9230769230769231,57,"69.8888",0.07142857142857142,0.3508771929824561,0.23809523809523808,0.17543859649122806,0.11904761904761904,"7.330205119",2,-4.822496454196369,27,0.32142857142857145,31,0.36904761904761907
680837,"Fitzgerald, Ryan",70,0.9090909090909091,54,"69.883352286",0.04285714285714287,0.3888888888888889,0.3,0.16666666666666666,0.12857142857142856,"7.347512429",0,-1.376632831962426,16,0.22857142857142856,33,0.4714285714285714
683766,"Koss, Christian",302,0.9096385542168675,205,"69.879297815",0.05960264900662252,0.375609756097561,0.25496688741721857,0.13170731707317074,0.08940397350993377,"7.101463013",6,-7.133972967108514,97,0.3211920529801324,116,0.3841059602649007
670770,"Friedl, TJ",893,0.907520325203252,742,"69.877426898",0.059350503919372896,0.3692722371967655,0.3068309070548712,0.11859838274932614,0.09854423292273236,"6.722807492",14,-30.959745828460797,151,0.1690929451287794,424,0.4748040313549832
671083,"Kennedy, Buddy",48,0.8888888888888888,37,"69.868341458",0.02083333333333334,0.2972972972972973,0.22916666666666666,0.05405405405405406,0.041666666666666664,"6.695874167",1,-4.107038539224627,11,0.22916666666666666,18,0.375
518692,"Freeman, Freddie",1085,0.8966942148760331,818,"69.860023438",0.08387096774193549,0.3533007334963325,0.2663594470046083,0.15647921760391198,0.11797235023041475,"6.870888249",13,-5.14798928199794,267,0.24608294930875577,401,0.3695852534562212
542963,"Brantly, Rob",12,0.8571428571428571,7,"69.8545425",0.16666666666666669,0.7142857142857143,0.4166666666666667,0,0,"6.8974525",1,-0.14406800087718197,5,0.4166666666666667,5,0.4166666666666667
621035,"Taylor, Chris",214,0.8991596638655462,136,"69.848293692",0.04672897196261683,0.3014705882352941,0.19158878504672897,0.08088235294117647,0.0514018691588785,"7.06475215",11,-10.075602718021473,78,0.3644859813084112,66,0.308411214953271
695336,"Saggese, Thomas",517,0.9006968641114983,384,"69.837540503",0.05996131528046422,0.3255208333333333,0.24177949709864605,0.13020833333333334,0.09671179883945841,"6.915131838",13,-13.534621470007052,133,0.2572533849129594,177,0.34235976789168276
676439,"Feduccia, Hunter",180,0.9,134,"69.820053278",0.10555555555555557,0.2537313432835821,0.18888888888888888,0.08955223880597014,0.06666666666666667,"7.057904778",6,-11.592637890711332,46,0.25555555555555554,56,0.3111111111111111
669257,"Smith, Will",648,0.8950276243093923,514,"69.791438858",0.06172839506172839,0.35992217898832685,0.2854938271604938,0.16342412451361868,0.12962962962962962,"7.257674645",20,0.840797484209114,134,0.20679012345679013,249,0.38425925925925924
664983,"McCarthy, Jake",345,0.9007832898172323,278,"69.751045768",0.07826086956521741,0.3345323741007194,0.26956521739130435,0.08992805755395683,0.07246376811594203,"6.999212145",3,-17.045413969992662,67,0.19420289855072465,146,0.42318840579710143
686475,"Tolbert, Tyler",90,0.9090909090909091,65,"69.727759667",0.055555555555555546,0.4,0.28888888888888886,0.09230769230769231,0.06666666666666667,"6.870483",0,-1.1469036028817854,25,0.2777777777777778,35,0.3888888888888889
514888,"Altuve, Jose",965,0.9018691588785047,783,"69.713636176",0.10984455958549225,0.3167305236270754,0.25699481865284973,0.10217113665389528,0.08290155440414508,"7.568655316",12,-12.613978835188009,182,0.18860103626943006,414,0.42901554404145076
694359,"Kavadas, Niko",34,0.8947368421052632,24,"69.707511765",0.05882352941176469,0.25,0.17647058823529413,0.041666666666666664,0.029411764705882353,"7.202966176",1,-3.1056753911883557,10,0.29411764705882354,10,0.29411764705882354
810938,"Williamson, Ben",509,0.8992932862190812,403,"69.707365894",0.07858546168958744,0.3052109181141439,0.24165029469548133,0.13647642679900746,0.10805500982318271,"6.884379077",13,-16.994902288016235,106,0.2082514734774067,193,0.3791748526522593
680574,"McLain, Matt",879,0.9024640657084189,641,"69.693676359",0.052332195676905585,0.32605304212168484,0.23777019340159272,0.12324492979719189,0.08987485779294653,"6.850454437",30,-31.564247315182826,238,0.2707622298065984,303,0.3447098976109215
677060,"Stevens, Chad",25,0.8928571428571429,18,"69.6731196",0.07999999999999999,0.16666666666666666,0.12,0,0,"7.1360964",0,-1.6981724419853261,7,0.28,6,0.24
670097,"Short, Zack",86,0.9052631578947369,62,"69.668127674",0.034883720930232565,0.2903225806451613,0.20930232558139536,0.0967741935483871,0.06976744186046512,"6.982283605",2,-2.967827059162748,24,0.27906976744186046,29,0.3372093023255814
605361,"Martini, Nick",172,0.900523560209424,144,"69.656039477",0.034883720930232565,0.3472222222222222,0.29069767441860467,0.09027777777777778,0.0755813953488372,"6.697239942",5,-7.32414413140454,28,0.16279069767441862,82,0.47674418604651164
664068,"Kingery, Scott",52,0.896551724137931,32,"69.655264231",0.019230769230769232,0.25,0.15384615384615385,0.09375,0.057692307692307696,"6.984329615",2,-3.302215545612218,20,0.38461538461538464,14,0.2692307692307692
688363,"Pauley, Graham",281,0.8977635782747604,208,"69.643275445",0.06049822064056939,0.34134615384615385,0.2526690391459075,0.10576923076923077,0.07829181494661921,"7.089339644",13,-12.002773173799486,73,0.2597864768683274,113,0.40213523131672596
683737,"Busch, Michael",941,0.9004784688995215,708,"69.634582455",0.07013815090329438,0.384180790960452,0.28905419766206164,0.17372881355932204,0.13071200850159406,"7.024825547",18,-2.5877570082883117,233,0.24760892667375134,340,0.361317747077577
596103,"Slater, Austin",286,0.910828025477707,215,"69.62605472",0.06993006993006995,0.3116279069767442,0.23426573426573427,0.1813953488372093,0.13636363636363635,"6.772246818",9,-5.644303208092066,71,0.24825174825174826,93,0.32517482517482516
807713,"Shaw, Matt",714,0.9003783102143758,570,"69.579410406",0.11484593837535013,0.2824561403508772,0.22549019607843138,0.10175438596491228,0.08123249299719888,"6.955715294",18,-11.301735151597022,144,0.20168067226890757,275,0.3851540616246499
666158,"Lux, Gavin",778,0.9015063731170336,632,"69.569832481",0.05141388174807199,0.3449367088607595,0.2802056555269923,0.12025316455696203,0.09768637532133675,"7.360788586",32,-11.153529027270533,146,0.18766066838046272,317,0.4074550128534704
666023,"Fermin, Freddy",624,0.9030390738060782,495,"69.565852612",0.05288461538461539,0.33131313131313134,0.26282051282051283,0.10707070707070707,0.08493589743589744,"7.283905801",21,-15.70544646522518,129,0.20673076923076922,229,0.36698717948717946
647351,"Toro, Abraham",482,0.9026217228464419,389,"69.565221411",0.060165975103734434,0.32904884318766064,0.26556016597510373,0.11311053984575835,0.0912863070539419,"7.631091162",6,-10.456981401599348,93,0.19294605809128632,204,0.42323651452282157
650859,"Rengifo, Luis",903,0.9011976047904192,708,"69.537732968",0.07308970099667775,0.3403954802259887,0.26688815060908083,0.10875706214689265,0.08527131782945736,"7.063275437",13,-32.04117713033842,195,0.2159468438538206,364,0.40310077519379844
592696,"Rosario, Eddie",14,0.9333333333333333,9,"69.530124286",0,0.4444444444444444,0.2857142857142857,0.2222222222222222,0.14285714285714285,"7.076937143",0,-1.6374557389116842,5,0.35714285714285715,6,0.42857142857142855
686797,"Lee, Brooks",851,0.9005291005291005,673,"69.50977342",0.09400705052878965,0.362555720653789,0.28672150411280845,0.0950965824665676,0.07520564042303172,"7.168350118",42,-31.217887106986947,178,0.209165687426557,351,0.41245593419506466
667452,"Julks, Corey",22,0.88,17,"69.509182727",0.04545454545454546,0.4117647058823529,0.3181818181818182,0.058823529411764705,0.045454545454545456,"7.022816818",0,0.1839253330151766,5,0.22727272727272727,10,0.45454545454545453
650968,"Pozo, Yohel",319,0.9011299435028248,263,"69.484575078",0.0940438871473354,0.30038022813688214,0.2476489028213166,0.11787072243346007,0.09717868338557993,"7.712170533",9,-6.209798161782492,56,0.1755485893416928,127,0.3981191222570533
600869,"Candelario, Jeimer",163,0.8956043956043956,112,"69.482962515",0.10429447852760737,0.2857142857142857,0.19631901840490798,0.08035714285714286,0.05521472392638037,"8.081039141",7,-12.430972575854435,51,0.3128834355828221,51,0.3128834355828221
643376,"Jansen, Danny",507,0.898936170212766,402,"69.479564379",0.05917159763313609,0.32338308457711445,0.2564102564102564,0.10696517412935323,0.08481262327416174,"6.855795069",24,-12.404378771610713,105,0.20710059171597633,185,0.36489151873767256
621493,"Ward, Taylor",890,0.9035532994923858,688,"69.470514",0.07191011235955058,0.373546511627907,0.28876404494382024,0.14680232558139536,0.11348314606741573,"7.089613539",26,-1.715533854789715,202,0.22696629213483147,353,0.39662921348314606
691019,"Teel, Kyle",479,0.8986866791744841,345,"69.45159476",0.10229645093945719,0.3217391304347826,0.23173277661795408,0.11884057971014493,0.08559498956158663,"6.745176013",8,-5.438447157336222,134,0.2797494780793319,163,0.34029227557411273
677008,"Kjerstad, Heston",307,0.9002932551319648,219,"69.418081238",0.06188925081433226,0.3242009132420091,0.23127035830618892,0.1278538812785388,0.09120521172638436,"6.963380977",2,-13.520730477463276,88,0.28664495114006516,98,0.31921824104234525
649966,"Urías, Luis",484,0.8996282527881041,431,"69.416380455",0.07851239669421488,0.35962877030162416,0.3202479338842975,0.0951276102088167,0.08471074380165289,"7.457586384",11,-12.980688913158048,53,0.10950413223140495,227,0.4690082644628099
685744,"Corona, Kenedy",6,0.8571428571428571,6,"69.406686667",0,0.16666666666666666,0.16666666666666666,0,0,"6.930608333",0,-0.49374308935680405,0,0,1,0.16666666666666666
679845,"Loftin, Nick",273,0.900990099009901,227,"69.379000842",0.06593406593406592,0.3568281938325991,0.2967032967032967,0.11894273127753303,0.0989010989010989,"7.12117641",5,-10.718040442146819,46,0.1684981684981685,125,0.45787545787545786
683083,"Nuñez, Nasim",158,0.9028571428571428,122,"69.361582532",0.0759493670886076,0.3360655737704918,0.25949367088607594,0.12295081967213115,0.0949367088607595,"6.933829114",4,-4.946487725577066,36,0.22784810126582278,56,0.35443037974683544
681082,"Stott, Bryson",879,0.904320987654321,750,"69.352879829",0.056882821387940846,0.336,0.28668941979522183,0.10533333333333333,0.08987485779294653,"7.198063345",11,-18.429515089439107,129,0.14675767918088736,378,0.4300341296928328
672012,"Black, Tyler",18,0.9,13,"69.350726667",0.1111111111111111,0.07692307692307693,0.05555555555555555,0.07692307692307693,0.05555555555555555,"7.058045",3,-1.208692796072051,5,0.2777777777777778,6,0.3333333333333333
686823,"Brennan, Will",17,0.85,13,"69.345284118",0,0.38461538461538464,0.29411764705882354,0.07692307692307693,0.058823529411764705,"7.171894706",0,-2.3415166762091704,4,0.23529411764705882,9,0.5294117647058824
681393,"Norby, Connor",585,0.9,430,"69.343251197",0.06837606837606838,0.28604651162790695,0.21025641025641026,0.11162790697674418,0.08205128205128205,"6.955414376",26,-9.262520643916307,155,0.26495726495726496,197,0.3367521367521368
680977,"Donovan, Brendan",728,0.9032258064516129,634,"69.324502088",0.04807692307692307,0.4227129337539432,0.36813186813186816,0.1750788643533123,0.15247252747252749,"6.806265975",8,-15.246715045026827,94,0.12912087912087913,363,0.49862637362637363
622569,"Reyes, Pablo",52,0.9285714285714286,38,"69.316990385",0.057692307692307696,0.2631578947368421,0.19230769230769232,0.07894736842105263,0.057692307692307696,"7.041815",0,-3.726369731007534,14,0.2692307692307692,20,0.38461538461538464
665926,"Giménez, Andrés",648,0.908835904628331,497,"69.312295",0.07098765432098766,0.3118712273641851,0.23919753086419754,0.08048289738430583,0.06172839506172839,"7.049379969",5,-28.630875054153954,151,0.2330246913580247,234,0.3611111111111111
665828,"Cabrera, Oswaldo",189,0.9086538461538461,142,"69.305669312",0.015873015873015883,0.39436619718309857,0.2962962962962963,0.1056338028169014,0.07936507936507936,"7.307848413",0,-6.377048390529796,47,0.24867724867724866,75,0.3968253968253968
682515,"Porter, Logan",11,0.8461538461538461,9,"69.236596364",0,0.5555555555555556,0.45454545454545453,0,0,"6.936662727",0,-0.667295409906455,2,0.18181818181818182,5,0.45454545454545453
628451,"Ibáñez, Andy",332,0.9171270718232044,273,"69.228058072",0.02710843373493977,0.37362637362637363,0.3072289156626506,0.13553113553113552,0.11144578313253012,"7.174690633",4,-15.275849729584847,59,0.17771084337349397,142,0.42771084337349397
668800,"Knizner, Andrew",135,0.9,112,"69.222260444",0.07407407407407408,0.26785714285714285,0.2222222222222222,0.05357142857142857,0.044444444444444446,"6.946619111",6,-2.7480718854622235,23,0.17037037037037037,58,0.42962962962962964
681584,"Villar, David",34,0.918918918918919,22,"69.209375882",0.11764705882352941,0.2727272727272727,0.17647058823529413,0.13636363636363635,0.08823529411764706,"7.924522647",1,-2.106659725531229,12,0.35294117647058826,12,0.35294117647058826
682653,"Bernabel, Warming",254,0.9039145907473309,204,"69.208186142",0.05118110236220473,0.30392156862745096,0.2440944881889764,0.09313725490196079,0.07480314960629922,"7.591366181",2,-5.089561682620748,50,0.1968503937007874,103,0.40551181102362205
666149,"Fitzgerald, Tyler",414,0.9019607843137255,287,"69.195275121",0.038647342995169094,0.2787456445993031,0.1932367149758454,0.07317073170731707,0.050724637681159424,"7.400958937",9,-16.56089392154669,127,0.30676328502415456,129,0.3115942028985507
695734,"Lile, Daylen",599,0.9062027231467473,491,"69.151226745",0.0317195325542571,0.34623217922606925,0.2838063439065108,0.11405295315682282,0.09348914858096828,"7.148891653",8,-4.656306578493058,108,0.18030050083472454,242,0.4040066777963272
690022,"Ritter, Ryan",344,0.8981723237597912,226,"69.140575523",0.06686046511627908,0.2610619469026549,0.17151162790697674,0.07079646017699115,0.046511627906976744,"6.707674099",12,-9.28716737001513,118,0.3430232558139535,108,0.313953488372093
607680,"Pillar, Kevin",79,0.8977272727272727,66,"69.138335823",0.025316455696202538,0.3484848484848485,0.2911392405063291,0.07575757575757576,0.06329113924050633,"7.446556582",4,-4.077532110115799,13,0.16455696202531644,33,0.4177215189873418
666182,"Bichette, Bo",1037,0.9001736111111112,856,"69.120509508",0.0935390549662488,0.34579439252336447,0.2854387656702025,0.15537383177570094,0.12825458052073288,"7.274691003",21,-8.652326783136507,181,0.17454194792671165,414,0.39922854387656703
672569,"Campero, Gustavo",112,0.9105691056910569,79,"69.091819107",0.08928571428571427,0.3291139240506329,0.23214285714285715,0.06329113924050633,0.044642857142857144,"6.886281161",2,-5.871479808444229,33,0.29464285714285715,36,0.32142857142857145
641313,"Anderson, Tim",164,0.8961748633879781,117,"69.081139634",0.024390243902439022,0.29914529914529914,0.21341463414634146,0.07692307692307693,0.054878048780487805,"7.046691402",9,-8.68582206499428,47,0.2865853658536585,54,0.32926829268292684
643565,"Tauchman, Mike",655,0.9009628610729024,505,"69.078247328",0.05954198473282443,0.3227722772277228,0.24885496183206107,0.11683168316831684,0.0900763358778626,"7.17535426",16,-9.650435027911195,150,0.22900763358778625,229,0.34961832061068704
676609,"Caballero, José",566,0.9012738853503185,418,"69.07288871",0.10600706713780916,0.291866028708134,0.21554770318021202,0.08851674641148326,0.06537102473498234,"6.762953339",13,-12.774762462609464,148,0.26148409893992935,183,0.32332155477031804
669701,"Smith, Josh",902,0.9010989010989011,725,"69.062262971",0.036585365853658555,0.3393103448275862,0.2727272727272727,0.10482758620689656,0.08425720620842572,"6.738840532",13,-26.906579540959335,177,0.19623059866962306,354,0.3924611973392461
691720,"Karros, Kyle",243,0.8933823529411765,183,"69.061122757",0.02469135802469136,0.2786885245901639,0.20987654320987653,0.07103825136612021,0.053497942386831275,"7.096351523",9,-11.517635949836817,60,0.24691358024691357,88,0.36213991769547327
672279,"Siani, Michael",28,0.9032258064516129,19,"69.049441429",0.10714285714285714,0.15789473684210525,0.10714285714285714,0.05263157894736842,0.03571428571428571,"7.081159643",0,-1.2949270692932,9,0.32142857142857145,9,0.32142857142857145
695238,"Wagner, Will",272,0.8976897689768977,211,"69.048947831",0.0625,0.2796208530805687,0.21691176470588236,0.0947867298578199,0.07352941176470588,"6.459492757",3,-12.420884975969905,61,0.22426470588235295,92,0.3382352941176471
687363,"Scott II, Victor",650,0.9002770083102493,473,"69.026271338",0.06,0.3171247357293869,0.23076923076923078,0.07399577167019028,0.05384615384615385,"6.390859677",21,-34.08027644131928,177,0.2723076923076923,233,0.35846153846153844
605141,"Betts, Mookie",860,0.8977035490605428,754,"69.024111477",0.08023255813953489,0.4708222811671088,0.4127906976744186,0.13395225464190982,0.11744186046511627,"7.029899407",30,-16.09393182508387,106,0.12325581395348838,471,0.5476744186046512
701675,"Church, Nathan",114,0.8976377952755905,81,"69.002531667",0.06140350877192982,0.2839506172839506,0.20175438596491227,0.07407407407407407,0.05263157894736842,"7.146471228",2,-5.744146381236558,33,0.2894736842105263,34,0.2982456140350877
621512,"Nido, Tomás",62,0.8985507246376812,47,"68.989770806",0.016129032258064516,0.3191489361702128,0.24193548387096775,0.1276595744680851,0.0967741935483871,"7.676294677",0,-0.9760424123594987,15,0.24193548387096775,22,0.3548387096774194
645277,"Albies, Ozzie",1121,0.9004016064257028,908,"68.983518707",0.07047279214986621,0.3502202643171806,0.2836752899197145,0.08149779735682819,0.06601248884924175,"7.216701169",17,-32.12931197861147,213,0.19000892060660124,453,0.4041034790365745
680577,"Keirsey Jr., DaShawn",155,0.9011627906976745,116,"68.977460323",0.06451612903225803,0.2672413793103448,0.2,0.07758620689655173,0.05806451612903226,"6.681973161",6,-10.88540206133087,39,0.25161290322580643,48,0.3096774193548387
670623,"Paredes, Isaac",651,0.899171270718232,546,"68.963111045",0.09523809523809525,0.31684981684981683,0.26574500768049153,0.09523809523809523,0.07987711213517665,"8.031778495",8,-10.626292685964659,105,0.16129032258064516,253,0.38863287250384027
641680,"Heim, Jonah",741,0.902557856272838,573,"68.955558448",0.048582995951417025,0.34904013961605584,0.2699055330634278,0.11518324607329843,0.08906882591093117,"7.51248525",15,-28.21280903153871,168,0.22672064777327935,276,0.3724696356275304
669326,"Teodosio, Bryce",278,0.8996763754045307,177,"68.92812518",0.04316546762589929,0.2768361581920904,0.17625899280575538,0.07344632768361582,0.046762589928057555,"6.581559029",13,-10.958136428353257,101,0.36330935251798563,80,0.28776978417266186
624431,"Trevino, Jose",426,0.9006342494714588,352,"68.922672676",0.025821596244131467,0.42045454545454547,0.3474178403755869,0.14488636363636365,0.11971830985915492,"7.207636831",12,-14.854691638600492,74,0.17370892018779344,216,0.5070422535211268
578428,"Iglesias, Jose",528,0.8979591836734694,440,"68.879505928",0.09280303030303035,0.3159090909090909,0.26325757575757575,0.07045454545454545,0.058712121212121215,"6.615007879",13,-13.134071335380296,88,0.16666666666666666,224,0.42424242424242425
543592,"Nola, Austin",68,0.9855072463768116,56,"68.863981912",0.014705882352941176,0.35714285714285715,0.29411764705882354,0.05357142857142857,0.04411764705882353,"6.958797941",0,-5.0170381252260094,12,0.17647058823529413,30,0.4411764705882353
670276,"Stevenson, Cal",10,0.9090909090909091,9,"68.854708",0,0.3333333333333333,0.3,0.1111111111111111,0.1,"7.091459",0,0.20148636199839498,1,0.1,5,0.5
682868,"Ramos, Bryan",20,0.9090909090909091,14,"68.835045",0.20000000000000004,0.21428571428571427,0.15,0.07142857142857142,0.05,"8.158322",1,-1.1844521518904705,6,0.3,8,0.4
669369,"Johnson, Bryce",107,0.8916666666666667,80,"68.815891776",0.102803738317757,0.3375,0.2523364485981308,0.125,0.09345794392523364,"7.39763215",1,1.7676688613239577,27,0.2523364485981308,42,0.3925233644859813
605113,"Ahmed, Nick",16,0.8888888888888888,9,"68.796754375",0,0.4444444444444444,0.25,0,0,"7.355641875",0,-1.2796449921106854,7,0.4375,6,0.375
670764,"Walls, Taylor",494,0.9064220183486239,387,"68.779348441",0.022267206477732792,0.35142118863049093,0.27530364372469635,0.07235142118863049,0.05668016194331984,"6.99192253",3,-24.71635068847658,107,0.2165991902834008,189,0.3825910931174089
666163,"Rortvedt, Ben",205,0.9111111111111111,148,"68.768530049",0.048780487804878064,0.22297297297297297,0.16097560975609757,0.08108108108108109,0.05853658536585366,"6.982566585",2,-11.525647646848117,57,0.2780487804878049,76,0.37073170731707317
643217,"Benintendi, Andrew",763,0.9008264462809917,586,"68.746355636",0.03145478374836174,0.3856655290102389,0.2961992136304063,0.12798634812286688,0.0982961992136304,"7.084330996",14,-16.853600673392645,177,0.23197903014416776,312,0.4089121887287025
571912,"Maile, Luke",79,0.8777777777777778,58,"68.742702658",0.037974683544303806,0.3275862068965517,0.24050632911392406,0.1724137931034483,0.12658227848101267,"6.611305443",4,-0.8472155460776437,21,0.26582278481012656,25,0.31645569620253167
669256,"Solak, Nick",17,0.8947368421052632,13,"68.725744118",0.11764705882352941,0.38461538461538464,0.29411764705882354,0.23076923076923078,0.17647058823529413,"7.442616471",1,-1.8700335282194933,4,0.23529411764705882,9,0.5294117647058824
669200,"McCoy, Mason",31,0.9117647058823529,21,"68.718120323",0.06451612903225808,0.23809523809523808,0.16129032258064516,0.047619047619047616,0.03225806451612903,"7.545061613",0,-2.5668986024180405,10,0.3225806451612903,10,0.3225806451612903
666185,"Carlson, Dylan",400,0.9009009009009009,313,"68.71608245",0.045000000000000026,0.34185303514376997,0.2675,0.09584664536741214,0.075,"6.888950375",8,-13.35749824362077,87,0.2175,143,0.3575
592192,"Canha, Mark",204,0.8947368421052632,158,"68.672879951",0.06862745098039216,0.34810126582278483,0.2696078431372549,0.12025316455696203,0.09313725490196079,"7.418956765",7,-11.752880489966845,46,0.22549019607843138,80,0.39215686274509803
690987,"Hassell III, Robert",334,0.907608695652174,239,"68.651956796",0.017964071856287425,0.3263598326359833,0.23353293413173654,0.1087866108786611,0.07784431137724551,"6.886160749",4,-16.646313828908852,95,0.2844311377245509,116,0.3473053892215569
669392,"Taylor, Samad",10,0.8333333333333334,8,"68.64366",0,0.375,0.3,0.125,0.1,"7.421822",0,-1.3674025225569055,2,0.2,5,0.5
680474,"Schuemann, Max",320,0.903954802259887,242,"68.634045875",0.028125000000000004,0.36363636363636365,0.275,0.10330578512396695,0.078125,"6.764412313",7,-15.464359536895357,78,0.24375,125,0.390625
570482,"Urshela, Gio",349,0.8994845360824743,246,"68.63193467",0.05444126074498569,0.35772357723577236,0.2521489971346705,0.1016260162601626,0.07163323782234957,"7.23307745",11,-11.161672327231718,103,0.29512893982808025,130,0.37249283667621774
691185,"Acosta, Maximo",82,0.9010989010989011,59,"68.502140244",0.03658536585365854,0.4406779661016949,0.3170731707317073,0.1864406779661017,0.13414634146341464,"7.333383049",3,-1.5675643627662414,23,0.2804878048780488,33,0.4024390243902439
660644,"Bruján, Vidal",155,0.9011627906976745,120,"68.489212645",0.038709677419354833,0.3333333333333333,0.25806451612903225,0.06666666666666667,0.05161290322580645,"6.920313613",3,-9.142207315212806,35,0.22580645161290322,55,0.3548387096774194
687462,"Horwitz, Spencer",677,0.9002659574468085,564,"68.488653944",0.0709010339734121,0.3191489361702128,0.2658788774002954,0.08865248226950355,0.07385524372230429,"6.952790857",13,-12.750619803970642,113,0.16691285081240767,252,0.3722304283604136
666150,"Fletcher, Dominic",59,0.9076923076923077,54,"68.47868339",0.03389830508474577,0.3148148148148148,0.288135593220339,0.1111111111111111,0.1016949152542373,"6.773420847",0,-2.319778297910775,5,0.0847457627118644,24,0.4067796610169492
681962,"Capra, Vinny",142,0.9044585987261147,108,"68.472086338",0.014084507042253521,0.4351851851851852,0.33098591549295775,0.1111111111111111,0.08450704225352113,"7.248440352",4,-11.548816488474175,34,0.23943661971830985,68,0.4788732394366197
605353,"Machín, Vimael",20,0.8695652173913043,14,"68.468196",0.1,0.35714285714285715,0.25,0.07142857142857142,0.05,"7.0376965",1,-1.4623413770666724,6,0.3,9,0.45
669289,"Espinal, Santiago",501,0.9059674502712477,436,"68.461301238",0.019960079840319358,0.36926605504587157,0.3213572854291417,0.07339449541284404,0.06387225548902195,"7.409502036",7,-27.62006025230337,65,0.12974051896207583,235,0.469061876247505
663538,"Hoerner, Nico",988,0.903107861060329,899,"68.456066883",0.026315789473684213,0.40044493882091214,0.3643724696356275,0.0967741935483871,0.08805668016194332,"7.188385526",16,-11.999451999975259,89,0.09008097165991903,513,0.5192307692307693
543760,"Semien, Marcus",865,0.9001040582726326,683,"68.434827283",0.05317919075144509,0.3616398243045388,0.2855491329479769,0.11859443631039532,0.09364161849710982,"7.719282347",24,-36.49088380208616,182,0.21040462427745665,336,0.3884393063583815
676694,"Meyers, Jake",522,0.9,424,"68.385551437",0.049808429118773964,0.3466981132075472,0.28160919540229884,0.1179245283018868,0.09578544061302682,"6.944887011",22,-8.423331664403356,98,0.18773946360153257,226,0.4329501915708812
655316,"Monasterio, Andruw",232,0.9027237354085603,176,"68.379363276",0.021551724137931032,0.3522727272727273,0.2672413793103448,0.07954545454545454,0.0603448275862069,"6.951799957",5,-2.562913496158883,56,0.2413793103448276,89,0.38362068965517243
808982,"Lee, Jung Hoo",911,0.8984220907297831,798,"68.34337596",0.02744237102085621,0.39849624060150374,0.34906695938529086,0.10776942355889724,0.09440175631174534,"7.530641131",6,-19.728466119693604,113,0.12403951701427003,440,0.4829857299670692
696285,"Young, Jacob",492,0.8994515539305301,415,"68.340023435",0.016260162601626018,0.39759036144578314,0.3353658536585366,0.1108433734939759,0.09349593495934959,"7.050352805",12,-20.64248763540842,77,0.1565040650406504,229,0.4654471544715447
691594,"Sanoja, Javier",471,0.898854961832061,424,"68.329038662",0.03821656050955414,0.41273584905660377,0.37154989384288745,0.1320754716981132,0.11889596602972399,"7.339478577",8,-5.896906551638093,47,0.09978768577494693,244,0.5180467091295117
671976,"Peters, Tristan",21,0.9130434782608695,11,"68.31505619",0,0.36363636363636365,0.19047619047619047,0.18181818181818182,0.09523809523809523,"7.112389524",0,-2.166886918168125,10,0.47619047619047616,4,0.19047619047619047
668845,"Schunk, Aaron",61,0.8840579710144928,47,"68.307601148",0,0.2765957446808511,0.21311475409836064,0.10638297872340426,0.08196721311475409,"6.530517705",2,-3.4684705415134087,14,0.22950819672131148,22,0.36065573770491804
656896,"Rivera, Emmanuel",221,0.8983739837398373,158,"68.30673009",0.031674208144796386,0.379746835443038,0.27149321266968324,0.08227848101265822,0.058823529411764705,"6.873896787",6,-10.624778226982425,63,0.2850678733031674,87,0.3936651583710407
622268,"Walton, Donovan",12,0.9230769230769231,11,"68.289661667",0,0.45454545454545453,0.4166666666666667,0,0,"6.664606667",0,-1.9311139405921112,1,0.08333333333333333,6,0.5
675659,"Jones, Greg",6,1,2,"68.27423",0.16666666666666669,0,0,0,0,"6.560911667",0,-0.39798064692559376,4,0.6666666666666666,0,0
672695,"Perdomo, Geraldo",1017,0.901595744680851,910,"68.256621416",0.046214355948869246,0.36043956043956044,0.3225172074729597,0.1021978021978022,0.09144542772861357,"6.900227158",21,6.635629512732747,107,0.10521140609636184,469,0.4611602753195674
681146,"Bride, Jonah",149,0.8922155688622755,114,"68.243294698",0.04026845637583892,0.34210526315789475,0.26174496644295303,0.08771929824561403,0.06711409395973154,"7.298158121",8,-9.478720561946457,35,0.2348993288590604,58,0.38926174496644295
668885,"Martin, Austin",243,0.9,206,"68.24229465",0.04938271604938273,0.32038834951456313,0.2716049382716049,0.10679611650485436,0.09053497942386832,"6.893385885",2,-10.943459235913052,37,0.1522633744855967,104,0.4279835390946502
643289,"Dubón, Mauricio",622,0.9001447178002895,536,"68.19521828",0.027331189710610933,0.3246268656716418,0.2797427652733119,0.07835820895522388,0.06752411575562701,"7.443462797",10,-18.932942165956106,86,0.1382636655948553,293,0.47106109324758844
686217,"Frelick, Sal",874,0.9056994818652849,777,"68.189706979",0.05377574370709382,0.33462033462033464,0.2974828375286041,0.07335907335907337,0.06521739130434782,"7.113939005",13,-9.56798297507717,97,0.11098398169336385,398,0.45537757437070936
687231,"Hernaiz, Darell",307,0.9002932551319648,250,"68.18757899",0.022801302931596094,0.34,0.2768729641693811,0.092,0.0749185667752443,"7.059817752",5,-12.581057005351258,57,0.18566775244299674,133,0.43322475570032576
678489,"Barrosa, Jorge",138,0.92,100,"68.17298587",0.028985507246376815,0.33,0.2391304347826087,0.06,0.043478260869565216,"7.825682029",1,-11.556751139811537,38,0.2753623188405797,46,0.3333333333333333
500743,"Rojas, Miguel",438,0.9030927835051547,367,"68.147817443",0.04337899543378996,0.4032697547683924,0.3378995433789954,0.10354223433242507,0.0867579908675799,"7.103104338",15,-4.279806558056503,71,0.16210045662100456,212,0.4840182648401826
680700,"Palacios, Richie",64,0.9142857142857143,47,"68.1199375",0.03125000000000001,0.40425531914893614,0.296875,0.1276595744680851,0.09375,"7.023493594",0,-1.384037387429799,17,0.265625,28,0.4375
621028,"Newman, Kevin",192,0.909952606635071,162,"68.08317224",0.02604166666666667,0.36419753086419754,0.3072916666666667,0.06790123456790123,0.057291666666666664,"6.589840781",3,-7.466116273255796,30,0.15625,87,0.453125
624415,"Biggio, Cavan",111,0.888,84,"68.042444955",0.05405405405405408,0.40476190476190477,0.3063063063063063,0.08333333333333333,0.06306306306306306,"7.000502072",3,-6.511642401591879,27,0.24324324324324326,44,0.3963963963963964
665877,"Fermín, José",85,0.8947368421052632,72,"68.031645529",0.047058823529411764,0.3888888888888889,0.32941176470588235,0.06944444444444445,0.058823529411764705,"7.206219529",2,0.27620908653623766,13,0.15294117647058825,39,0.4588235294117647
664770,"Lukes, Nathan",687,0.893368010403121,594,"68.021301805",0.05385735080058223,0.3501683501683502,0.3027656477438137,0.1111111111111111,0.09606986899563319,"6.485791456",7,-2.0557359077578243,93,0.13537117903930132,295,0.4294032023289665
608671,"Jankowski, Travis",71,0.8875,56,"68.017074789",0.014084507042253527,0.30357142857142855,0.23943661971830985,0.125,0.09859154929577464,"6.438987465",4,-2.538131277884628,15,0.2112676056338028,28,0.39436619718309857
686765,"Sogard, Nick",147,0.8909090909090909,122,"67.928675374",0.01360544217687075,0.3524590163934426,0.2925170068027211,0.09016393442622951,0.07482993197278912,"7.089166599",4,-3.093275987122484,25,0.17006802721088435,63,0.42857142857142855
702332,"Durbin, Caleb",699,0.905440414507772,629,"67.915193605",0.018597997138769674,0.37042925278219396,0.3333333333333333,0.0794912559618442,0.0715307582260372,"6.831482003",21,-15.837320131134083,70,0.10014306151645208,361,0.5164520743919886
678225,"Bae, Ji Hwan",40,0.8888888888888888,22,"67.8941485",0.024999999999999998,0.3181818181818182,0.175,0.09090909090909091,0.05,"6.6356725",0,-4.847914585613276,18,0.45,9,0.225
689172,"Wisely, Brett",115,0.9274193548387096,91,"67.84010887",0.03478260869565217,0.27472527472527475,0.21739130434782608,0.054945054945054944,0.043478260869565216,"6.629700783",1,-3.3598899970911864,24,0.20869565217391303,40,0.34782608695652173
668942,"Rojas, Josh",314,0.9022988505747126,250,"67.781865987",0.02547770700636943,0.38,0.30254777070063693,0.08,0.06369426751592357,"7.205838248",7,-19.15409822724417,64,0.20382165605095542,127,0.40445859872611467
683021,"Stefanic, Michael",27,0.9,22,"67.781265185",0.0740740740740741,0.5,0.4074074074074074,0.2727272727272727,0.2222222222222222,"6.614181111",0,-1.538248949624935,5,0.18518518518518517,14,0.5185185185185185
670032,"Lopez, Nicky",40,0.8888888888888888,36,"67.7394365",0.024999999999999998,0.3055555555555556,0.275,0.1111111111111111,0.1,"6.6323255",0,-4.825972724848207,4,0.1,18,0.45
642086,"Smith, Dominic",365,0.8902439024390244,289,"67.734584712",0.0410958904109589,0.36678200692041524,0.29041095890410956,0.11764705882352941,0.09315068493150686,"6.886674027",10,-6.379072395851839,76,0.20821917808219179,146,0.4
805373,"Alvarez Jr., Nacho",293,0.8987730061349694,231,"67.721384608",0.03754266211604096,0.31601731601731603,0.24914675767918087,0.06493506493506493,0.051194539249146756,"7.52809273",9,-7.632131076723136,62,0.21160409556313994,119,0.4061433447098976
676391,"Clement, Ernie",858,0.9031578947368422,759,"67.606727925",0.02447552447552448,0.4189723320158103,0.3706293706293706,0.0922266139657444,0.08158508158508158,"7.047597517",30,-21.622204055183563,99,0.11538461538461539,440,0.5128205128205128
518934,"LeMahieu, DJ",190,0.9004739336492891,154,"67.585440684",0.0368421052631579,0.4025974025974026,0.3263157894736842,0.15584415584415584,0.12631578947368421,"7.167389579",10,-5.520421025252517,36,0.18947368421052632,76,0.4
656716,"McKinstry, Zach",844,0.9134199134199135,657,"67.540293898",0.01895734597156398,0.3089802130898021,0.24052132701421802,0.0898021308980213,0.06990521327014218,"6.799644265",9,-16.285711695311033,187,0.22156398104265404,310,0.36729857819905215
670156,"Mastrobuoni, Miles",220,0.9090909090909091,181,"67.533226318",0.018181818181818177,0.3867403314917127,0.3181818181818182,0.09392265193370165,0.07727272727272727,"6.661022273",0,-12.905049833616191,39,0.17727272727272728,101,0.4590909090909091
694384,"Schanuel, Nolan",809,0.899888765294772,692,"67.529340396",0.06056860321384426,0.3786127167630058,0.3238566131025958,0.09393063583815028,0.08034610630407911,"6.695874351",13,-25.734972084748406,117,0.1446229913473424,356,0.4400494437577256
700337,"Quero, Edgar",648,0.9012517385257302,515,"67.499071944",0.013888888888888888,0.4330097087378641,0.3441358024691358,0.14951456310679612,0.11882716049382716,"6.715046188",5,-20.906195368053783,133,0.2052469135802469,269,0.41512345679012347
805367,"Meidroth, Chase",692,0.9010416666666666,617,"67.434461228",0.01589595375722543,0.44084278768233387,0.3930635838150289,0.11993517017828201,0.1069364161849711,"6.652545072",12,-21.338330062213128,75,0.10838150289017341,351,0.5072254335260116
668974,"Handley, Maverick",78,0.896551724137931,55,"67.391062179",0.01282051282051282,0.2545454545454545,0.1794871794871795,0.07272727272727272,0.05128205128205128,"6.500882179",6,-7.334137654270146,23,0.2948717948717949,23,0.2948717948717949
657077,"Verdugo, Alex",280,0.9003215434083601,241,"67.374175357",0.03928571428571429,0.4066390041493776,0.35,0.12863070539419086,0.11071428571428571,"6.200387929",3,-16.121587423971356,39,0.1392857142857143,134,0.4785714285714286
689414,"Hicks, Liam",503,0.8998211091234347,433,"67.367119801",0.025844930417495037,0.4133949191685912,0.3558648111332008,0.08775981524249422,0.07554671968190854,"6.699507575",11,-15.278344565390226,70,0.13916500994035785,254,0.5049701789264414
663967,"Salazar, César",21,0.875,16,"67.338380476",0,0.375,0.2857142857142857,0,0,"6.774550476",1,-1.6586633361153615,5,0.23809523809523808,9,0.42857142857142855
683227,"Freeman, Cody",198,0.9,173,"67.314243586",0.015151515151515152,0.3179190751445087,0.2777777777777778,0.08092485549132948,0.0707070707070707,"6.637146263",5,-6.5831872207079005,25,0.12626262626262627,84,0.42424242424242425
677941,"Adams, Jordyn",8,0.8888888888888888,4,"67.31037375",0,0.5,0.25,0.5,0.25,"7.11572625",2,-1.290242585555992,4,0.5,3,0.375
663968,"Mangum, Jake",757,0.8990498812351544,617,"67.308387186",0.052840158520475564,0.32901134521880065,0.26816380449141347,0.09562398703403566,0.07793923381770146,"6.533167952",8,-18.379137474104294,140,0.18494055482166447,288,0.380449141347424
808975,"Kim, Hyeseong",293,0.8987730061349694,209,"67.304902184",0.023890784982935155,0.3492822966507177,0.24914675767918087,0.05741626794258373,0.040955631399317405,"7.060321297",8,0.2493644778101924,84,0.28668941979522183,103,0.3515358361774744
687957,"Harris, Dustin",81,0.9,64,"67.205312222",0,0.25,0.19753086419753085,0.046875,0.037037037037037035,"6.896957778",4,-3.7475333136271516,17,0.20987654320987653,23,0.2839506172839506
607732,"Stallings, Jacob",235,0.8969465648854962,166,"67.137767915",0.004255319148936171,0.3253012048192771,0.2297872340425532,0.03614457831325301,0.02553191489361702,"7.212623787",11,-18.112691907218867,69,0.2936170212765957,75,0.3191489361702128
506702,"León, Sandy",19,0.8636363636363636,14,"67.10968",0,0.5,0.3684210526315789,0.14285714285714285,0.10526315789473684,"7.027894211",0,-0.6311091767916072,5,0.2631578947368421,8,0.42105263157894735
641645,"Guillorme, Luis",34,0.9444444444444444,23,"67.106901471",0.02941176470588234,0.21739130434782608,0.14705882352941177,0.043478260869565216,0.029411764705882353,"7.563668235",0,-2.8103304971797285,11,0.3235294117647059,10,0.29411764705882354
641658,"Hampson, Garrett",127,0.9136690647482014,101,"67.087882835",0,0.27722772277227725,0.2204724409448819,0.039603960396039604,0.031496062992125984,"6.726932441",2,-7.662926941080218,26,0.2047244094488189,43,0.33858267716535434
664702,"Straw, Myles",426,0.8968421052631579,359,"67.066441221",0.023474178403755874,0.39275766016713093,0.33098591549295775,0.08635097493036212,0.07276995305164319,"6.80595939",11,-5.567893885655202,67,0.1572769953051643,186,0.43661971830985913
645302,"Robles, Victor",191,0.9227053140096618,143,"67.033566963",0.015706806282722512,0.3146853146853147,0.2356020942408377,0.06293706293706294,0.04712041884816754,"6.775337539",6,-6.184978330901576,48,0.2513089005235602,70,0.36649214659685864
543877,"Vázquez, Christian",312,0.899135446685879,270,"67.008163814",0.02243589743589744,0.362962962962963,0.3141025641025641,0.07407407407407407,0.0641025641025641,"6.763244872",7,-19.235593429618685,42,0.1346153846153846,147,0.47115384615384615
645444,"Herrera, Jose",278,0.9114754098360656,218,"66.951755288",0.014388489208633098,0.3302752293577982,0.2589928057553957,0.05045871559633028,0.039568345323741004,"7.191478022",5,-17.517944851494978,60,0.2158273381294964,113,0.4064748201438849
807712,"Keaschall, Luke",272,0.9006622516556292,232,"66.931252353",0.022058823529411763,0.40948275862068967,0.3492647058823529,0.09913793103448276,0.08455882352941177,"6.372471507",17,3.2472096171785094,40,0.14705882352941177,132,0.4852941176470588
678011,"Seigler, Anthony",98,0.8990825688073395,72,"66.909412653",0,0.4166666666666667,0.30612244897959184,0.1111111111111111,0.08163265306122448,"6.533455612",6,-7.07615549109733,26,0.2653061224489796,41,0.41836734693877553
682183,"Avans, Drew",42,0.9130434782608695,36,"66.904472857",0,0.19444444444444445,0.16666666666666666,0.05555555555555555,0.047619047619047616,"6.130694762",1,-3.0829305568179883,6,0.14285714285714285,11,0.2619047619047619
670092,"Brooks, Trenton",82,0.9010989010989011,64,"66.888778293",0.024390243902439022,0.3125,0.24390243902439024,0.078125,0.06097560975609756,"7.206432073",3,-5.417452052146035,18,0.21951219512195122,26,0.3170731707317073
669364,"Edwards, Xavier",924,0.8988326848249028,815,"66.87790447",0.02380952380952381,0.3570552147239264,0.31493506493506496,0.06748466257668712,0.05952380952380952,"6.3922075",11,-32.54316183842386,109,0.11796536796536797,410,0.44372294372294374
676070,"Amaya, Jacob",89,0.89,75,"66.808392584",0.02247191011235955,0.49333333333333335,0.4157303370786517,0.09333333333333334,0.07865168539325842,"7.055460449",3,-10.446206261765962,14,0.15730337078651685,45,0.5056179775280899
553882,"Narváez, Omar",17,0.8947368421052632,15,"66.745304118",0,0.26666666666666666,0.23529411764705882,0,0,"6.955706471",1,-0.13260229881174795,2,0.11764705882352941,7,0.4117647058823529
642727,"Alcántara, Sergio",6,0.75,4,"66.724226667",0,0.25,0.16666666666666666,0,0,"6.897613333",0,-1.0203116825337335,2,0.3333333333333333,2,0.3333333333333333
686452,"Millas, Drew",81,0.9,65,"66.675863951",0.04938271604938271,0.3230769230769231,0.25925925925925924,0.06153846153846154,0.04938271604938271,"6.680604198",2,-0.08524055766632832,16,0.19753086419753085,34,0.41975308641975306
605131,"Barnes, Austin",60,0.8823529411764706,43,"66.652822667",0.01666666666666667,0.3488372093023256,0.25,0.09302325581395349,0.06666666666666667,"6.378211333",2,-3.5122081279434108,17,0.2833333333333333,26,0.43333333333333335
571657,"Farmer, Kyle",472,0.9059500959692899,377,"66.581971314",0.012711864406779658,0.3740053050397878,0.298728813559322,0.11405835543766578,0.09110169491525423,"6.820741314",10,-14.555663533681786,95,0.20127118644067796,193,0.4088983050847458
660844,"Rivas, Leo",150,0.9036144578313253,113,"66.569247667",0.026666666666666665,0.3893805309734513,0.29333333333333333,0.05309734513274336,0.04,"7.148960933",3,-7.702078446761141,37,0.24666666666666667,55,0.36666666666666664
643396,"Kiner-Falefa, Isiah",685,0.9025032938076416,590,"66.566837869",0.011678832116788322,0.3440677966101695,0.29635036496350364,0.08983050847457627,0.07737226277372262,"6.89319981",11,-12.780928706041795,95,0.1386861313868613,319,0.4656934306569343
571466,"Barnhart, Tucker",22,0.9166666666666666,21,"66.458530909",0,0.23809523809523808,0.22727272727272727,0.047619047619047616,0.045454545454545456,"7.125488182",0,-0.626711628731639,1,0.045454545454545456,7,0.3181818181818182
674441,"Hurtubise, Jacob",23,0.8846153846153846,18,"66.425513913",0,0.2777777777777778,0.21739130434782608,0.05555555555555555,0.043478260869565216,"6.989494348",1,-1.9953595572751897,5,0.21739130434782608,6,0.2608695652173913
663897,"Williams, Luke",46,0.8846153846153846,33,"66.29433587",0,0.36363636363636365,0.2608695652173913,0.09090909090909091,0.06521739130434782,"7.586564565",1,-4.415147693221248,13,0.2826086956521739,18,0.391304347826087
457759,"Turner, Justin",327,0.8958904109589041,273,"66.29025578",0.01834862385321101,0.336996336996337,0.28134556574923547,0.047619047619047616,0.039755351681957186,"6.408068716",7,-20.810550606363346,54,0.1651376146788991,116,0.3547400611620795
689041,"Thomas, Rhylan",19,0.95,18,"66.226537368",0,0.3333333333333333,0.3157894736842105,0.05555555555555555,0.05263157894736842,"6.699516842",0,-1.217739921888542,1,0.05263157894736842,9,0.47368421052631576
623168,"Heineman, Tyler",273,0.8921568627450981,228,"66.186973773",0.007326007326007328,0.2982456140350877,0.2490842490842491,0.07017543859649122,0.05860805860805861,"7.094984469",9,-5.395840371779052,45,0.16483516483516483,104,0.38095238095238093
676701,"Trejo, Alan",68,0.8831168831168831,53,"66.093812353",0,0.39622641509433965,0.3088235294117647,0.07547169811320754,0.058823529411764705,"7.001318971",1,-3.904660456686578,15,0.22058823529411764,27,0.39705882352941174
669743,"Call, Alex",429,0.89937106918239,354,"66.083924033",0.01631701631701632,0.4576271186440678,0.3776223776223776,0.11299435028248588,0.09324009324009325,"6.549252587",9,-7.148461723193176,75,0.17482517482517482,200,0.4662004662004662
660688,"Ruiz, Keibert",411,0.9013157894736842,366,"66.06959253",0.009732360097323601,0.4426229508196721,0.39416058394160586,0.08196721311475409,0.072992700729927,"7.029113966",2,-16.26632139839884,45,0.10948905109489052,209,0.5085158150851582
456781,"Solano, Donovan",306,0.9,224,"65.948103889",0.013071895424836603,0.34375,0.25163398692810457,0.08035714285714286,0.058823529411764705,"6.927517418",6,-13.176986800236618,82,0.2679738562091503,101,0.3300653594771242
665561,"Marchán, Rafael",178,0.898989898989899,141,"65.894440955",0,0.4326241134751773,0.34269662921348315,0.06382978723404255,0.05056179775280899,"7.456949045",6,-11.314091703631117,37,0.20786516853932585,81,0.4550561797752809
624428,"Frazier, Adam",809,0.8988888888888888,668,"65.886248467",0.016069221260815822,0.3263473053892216,0.2694684796044499,0.041916167664670656,0.034610630407911,"6.912314771",16,-25.824432551455523,141,0.17428924598269468,306,0.37824474660074164
527038,"Flores, Wilmer",771,0.8996499416569428,619,"65.529887795",0.009079118028534372,0.345718901453958,0.2775616083009079,0.061389337641357025,0.04928664072632944,"6.89320441",17,-23.924144277699014,152,0.19714656290531776,282,0.3657587548638132
679631,"Vavra, Terrin",3,1,3,"65.246326667",0,0.3333333333333333,0.3333333333333333,0.3333333333333333,0.3333333333333333,"6.266733333",0,-0.2782394328404927,0,0,1,0.3333333333333333
691011,"Romo, Drew",7,1,0,"65.165045714",0,NaN,,NaN,,"7.556572857",0,-0.7853503674184154,7,,0,
681909,"Dean, Justin",4,0.8,2,"65.130565",0,0.5,0.25,0,0,"6.60435",0,-0.5704331714721732,2,0.5,1,0.25
642180,"Wade, Tyler",173,0.8963730569948186,131,"64.99597237",0.011560693641618498,0.29770992366412213,0.2254335260115607,0.022900763358778626,0.017341040462427744,"6.664850347",5,-8.510763599355252,42,0.24277456647398843,65,0.37572254335260113
669397,"Allen, Nick",638,0.8998589562764457,513,"64.516880846",0.0015673981191222568,0.33723196881091616,0.2711598746081505,0.04483430799220273,0.03605015673981191,"6.340457367",23,-32.0638824697963,125,0.19592476489028213,245,0.384012539184953
802415,"Simpson, Chandler",612,0.9,547,"64.18700183",0.003267973856209151,0.42047531992687387,0.3758169934640523,0.021937842778793418,0.0196078431372549,"6.305427386",5,-17.22133337748813,65,0.10620915032679738,321,0.5245098039215687
805779,"Wilson, Jacob",718,0.899749373433584,650,"63.852425237",0.002785515320334262,0.41384615384615386,0.3746518105849582,0.04,0.036211699164345405,"6.108695669",9,-8.885374171033327,68,0.0947075208913649,376,0.5236768802228412
680757,"Kwan, Steven",954,0.9,882,"63.681147338",0.008385744234800837,0.42517006802721086,0.39308176100628933,0.04081632653061224,0.03773584905660377,"6.32893608",16,-32.464566776571175,72,0.07547169811320754,468,0.49056603773584906
691907,"Cheng, Tsung-Che",12,0.8571428571428571,9,"63.306311667",0,0.4444444444444444,0.3333333333333333,0.1111111111111111,0.08333333333333333,"6.018208333",0,-1.1303893660014512,3,0.25,4,0.3333333333333333
624513,"Nuñez, Dom",8,0.8888888888888888,3,"63.150185",0,0.6666666666666666,0.25,0,0,"7.3519075",1,-0.38320587402114475,5,0.625,2,0.25
650333,"Arraez, Luis",1013,0.8980496453900709,961,"62.648735321",0.003948667324777888,0.449531737773153,0.42645607107601186,0.021852237252861603,0.02073050345508391,"5.857707374",8,-22.59428294545828,52,0.05133267522211254,513,0.506416584402764
607067,"Rea, Colin",3,1,3,"60.01863",0,0,0,0,0,"6.63195",0,-0.044566361879809384,0,0,0,0
641302,"Alexander, Tyler",1,1,1,"59.78136",0,0,0,0,0,"5.67397",0,0,0,0,0,0
683004,"Leiter, Jack",1,1,0,"59.23822",0,NaN,,NaN,,"6.5616",0,-0.18545964572429002,1,,0,