"id","name","side","avg_bat_speed","swing_tilt","attack_angle","attack_direction","ideal_attack_angle_rate","avg_intercept_y_vs_plate","avg_intercept_y_vs_batter","avg_batter_y_position","avg_batter_x_position","competitive_swings"
691406,"Caminero, Junior","R","79.831139349",24.285418485032633,8.143646898413872,-5.943411521505749,0.6201550387596899,9.969911515013704,37.57440189132412,27.604490376310423,29.105515905395997,645
519317,"Stanton, Giancarlo","R","79.335077806",27.22966384187111,11.64019573395767,-0.8618808976047854,0.7225806451612905,-1.610828031638652,24.826678215106572,26.43750624674523,34.795655287515345,155
691023,"Walker, Jordan","R","79.182003701",30.03247765889398,7.617276196061076,-5.169792230231355,0.5296610169491524,4.666977990816113,31.358316493026095,26.69133850220999,32.173112113082276,708
665833,"Cruz, Oneil","L","78.461901745",33.185598749703416,7.8449611082998585,-6.558075658353373,0.4340044742729307,6.588365295589291,34.623835625465446,28.035470329876166,26.5751906438879,447
701762,"Kurtz, Nick","L","78.290446517",37.710881544857344,12.824895706996191,4.301030717694317,0.5040128410914929,0.9030552391895865,23.84967859956236,22.946623360372772,29.27297108146286,623
682987,"Jones, Spencer","L","77.91303933",43.45955974437032,11.964624945480285,1.4521583445300579,0.424581005586592,0.171597880672391,20.393208759565237,20.221610878892843,28.304961823038525,179
665856,"Camargo, Jair","R","77.7574275",33.35878130050435,13.145524180524662,-15.5204381343362,1,5.8224973754714,37.684221127151055,31.861723751679662,26.415757874169348,4
682989,"Mederos, Victor","R","77.55225",23.349018928623316,22.210625955214564,-19.134719080120554,0.5,27.613444298534205,46.84013119357865,19.226686895044445,23.85218666006088,2
669003,"Mitchell, Garrett","L","77.406512096",30.99628825570926,9.970400258357342,6.5481408137768815,0.6134615384615386,-0.9716949724120619,28.676440492710682,29.64813546512275,29.023900804961706,520
701358,"Smith, Cam","R","77.37765205",33.066101728434575,10.796087042556374,-5.119908946802948,0.46428571428571425,3.095981769711578,32.97480074309066,29.87881897337909,31.32921758208321,644
695506,"Caglianone, Jac","L","77.335023834",30.390553607321316,10.064985293362238,-1.6090207220490782,0.4444444444444445,7.369009817040636,29.67898468448964,22.309974867449007,29.981013140821634,639
666176,"Adell, Jo","R","77.319594949",35.40728184568163,9.628794925811018,-4.994837727836791,0.484848484848485,1.0694328636379749,26.763867860425812,25.694434996787834,27.113682239219678,792
672016,"Clarke, Denzel","R","77.159527614",30.434134609358605,4.925184320967649,-2.243591351657359,0.465909090909091,3.8987085477368253,29.078009021500417,25.179300473763597,27.60335696626024,88
656941,"Schwarber, Kyle","L","77.119105304",29.404483119209768,14.662301360892057,-9.847551316193874,0.6738836265223276,15.28178448554465,35.382963174483905,20.101178688939243,25.170997225735547,739
575929,"Contreras, Willson","R","77.076281462",33.69001674940605,11.393868147553048,-8.091894857520494,0.5184615384615385,5.267887811119999,31.896600764195355,26.628712953075343,27.292338794187767,650
682634,"Alcántara, Kevin","R","76.981695455",32.18459555378087,10.903287436161147,-7.081157646987279,0.4848484848484851,3.836844062249477,33.54996331270221,29.713119250452742,29.798018608016104,33
695578,"Wood, James","L","76.897389913",39.070960245633366,11.688746693891494,0.7253372237209226,0.4296081277213352,4.219506272438592,35.04812953598879,30.828623263550178,27.50957136729846,689
703607,"Bolte, Henry","R","76.867748962",33.06357075736709,7.470168918401317,3.330192332004623,0.4528301886792453,-2.4301560324902813,25.553519333671915,27.9836753661622,26.415728917521793,318
641343,"Bauers, Jake","L","76.754348037",34.563300734459176,10.741241143084562,-1.2582091222440217,0.49906542056074765,-4.455848193894525,28.360756587929366,32.81660478182389,27.845121714517898,535
677594,"Rodríguez, Julio","R","76.668956228",31.28834295988981,8.426229628185755,-6.03963129722,0.49566473988439314,13.013870081484983,33.863354065719584,20.849483984234606,29.798418155269417,692
642133,"Tellez, Rowdy","L","76.357261905",31.371859013567136,11.853468368562345,-12.60033414362715,0.6666666666666666,10.473944399990554,37.71266734807988,27.23872294808933,24.94077915303367,21
805904,"Cole, Zach","L","76.312969529",32.90391792634515,11.639373409323298,-2.9000692648050483,0.4941176470588235,1.9623622682793551,24.443293708816807,22.480931440537454,31.181854762524328,85
621550,"Wisdom, Patrick","R","76.305050238",33.3606432854659,16.08634259909205,-8.030160925624761,0.6904761904761904,4.457852954779439,31.579800158611462,27.12194720383202,27.406246890318396,84
695657,"Montgomery, Colson","L","76.280682211",33.730936492209594,13.139693896173739,-8.44588575156286,0.5101156069364159,4.584716949222422,33.21886801976928,28.634151070546864,27.845669797608934,692
668723,"Vilade, Ryan","R","76.2623",31.520957739614907,3.636631466193039,-0.603387492676691,0.37024221453287204,-0.9967948660247341,29.7472526113921,30.74404747741684,27.39386352072674,289
665489,"Guerrero Jr., Vladimir","R","76.225265494",28.393648496772798,1.2186944382821827,-3.261930235140422,0.31847133757961776,5.187974086774324,33.807933315786535,28.61995922901222,28.991849484860502,628
687282,"Rincones Jr., Gabriel","L","76.220158889",27.780817452153368,4.945232272548694,-4.336628965320356,0.3950617283950617,8.059574261918932,31.657493350439502,23.597919088520563,29.567616014536927,162
656305,"Chapman, Matt","R","76.1503758",25.575868666658305,3.7191265177600936,-1.7720588935400017,0.4309090909090909,-1.0894829327451931,26.205401759975114,27.294884692720306,28.482295236550016,550
670541,"Alvarez, Yordan","L","76.120351456",36.52227153994802,8.052705129873662,-4.605816837400806,0.4546805349182764,7.889121602863148,35.12777787261331,27.238656269750148,28.98855913645434,673
592450,"Judge, Aaron","R","76.100967595",38.50639950553833,12.309929252543094,-5.288697529680334,0.5119047619047619,3.9281010595321404,29.217458808664663,25.289357749132524,33.86559739487717,420
665487,"Tatis Jr., Fernando","R","76.024863991",29.111332004889714,7.022180746848489,2.64829466316801,0.5469953775038522,3.3904179681166555,30.051448649284506,26.661030681167855,29.43104701032468,649
660670,"Acuña Jr., Ronald","R","76.005913506",37.95257380067726,11.372466664384921,4.7027292884474,0.5376623376623377,0.7172695164717005,31.66786789010741,30.95059837363571,25.232312420323435,385
671286,"Rodríguez, Johnathan","R","75.99450303",30.363881193503016,8.647397086430251,-4.9425800884223445,0.393939393939394,5.1247324838288035,35.86785997516576,30.743127491336953,29.77842658482898,33
666624,"Morel, Christopher","R","75.9333415",24.548320790174444,12.238139249221636,-5.782044680646032,0.7500000000000001,9.274575338332152,34.939458372143385,25.664883033811247,27.994462640245203,120
682663,"Ramírez, Agustín","R","75.922972066",24.295066140047958,8.477168573035845,-5.48823297824201,0.511737089201878,6.314197292777031,32.83776105882315,26.52356376604611,32.09672691580906,213
673357,"Robert Jr., Luis","R","75.827483631",35.15082483419521,9.3486233076022,-4.1187348619135165,0.5027932960893855,-0.07051084503110192,27.699541097357113,27.770051942388225,28.816859703030193,179
663586,"Riley, Austin","R","75.802661817",31.693566665503436,11.471610625598654,-5.288815432936244,0.4577464788732394,6.691224999957155,35.67452447479421,28.98329947483705,28.843553828314892,710
682985,"Greene, Riley","L","75.693505576",44.082363346187975,15.718248275079517,-0.9499525894108274,0.4410540915395285,2.5568237558019664,33.402028992548345,30.845205236746384,24.56855337298167,721
691723,"Mayo, Coby","R","75.666246083",39.03031750897736,15.00018962463619,-16.986188843092307,0.49635036496350354,11.32715063653271,36.87142642235102,25.54427578581829,25.398889793020498,411
682818,"Piñango, Yohendrick","L","75.651199257",29.69969816782375,0.8346006402275195,-1.7470984820743864,0.29729729729729726,4.100917648315158,29.77986472727857,25.67894707896342,27.89444780890503,296
804606,"Griffin, Konnor","R","75.645159126",32.71955352179236,9.543564098030682,-1.260546269926159,0.4482758620689655,3.332808422206519,32.64181908456093,29.309010662354414,30.510373218366098,435
701350,"Anthony, Roman","L","75.598098068",33.81002400649518,11.56302998910806,-0.8679394556911807,0.46590909090909094,7.5272110605162315,37.309903689477736,29.782692628961506,24.53236166438704,176
670231,"Rave, John","L","75.576801818",25.38046629846457,13.966282388282783,-6.9218532873767735,0.6969696969696971,9.636371816303166,34.73133266833303,25.09496085202986,28.456267380659796,33
682998,"Carroll, Corbin","L","75.53292518",26.09395140732602,10.807524956128594,1.3212289592612096,0.6646706586826348,3.48567970463703,33.87498967645292,30.38930997181589,31.005639529600188,668
663698,"Bart, Joey","R","75.492075783",34.723892127348584,10.577865059748747,-6.350690852491771,0.46385542168674704,5.5837373888787285,36.915836365093654,31.332098976214922,26.244426816592387,166
687515,"Thomas, Colby","R","75.46648234",29.945261629365696,9.564602021716981,-2.434566413300732,0.43617021276595747,1.017792853849848,28.337916738762864,27.32012388491302,29.478324481368773,188
694025,"Reyes, Felix","R","75.458407903",28.24027360178033,7.053151327135142,-4.971397566841042,0.45161290322580655,3.993383611370299,29.709300597244575,25.71591698587427,29.888969007428233,62
669394,"Burger, Jake","R","75.447018253",25.87423375764775,9.447573393760734,-8.443435184825313,0.5933734939759037,10.303530863592032,32.663901025710594,22.36037016211856,31.276116464499957,664
694514,"Thompson, Sterlin","L","75.429328151",35.0943364188076,8.421074239840182,1.3319935916526526,0.39495798319327735,-0.3722766289474466,26.827446198790728,27.19972282773817,26.467790457046494,119
696100,"Goodman, Hunter","R","75.399606108",24.451704748723138,14.612522009874633,-7.1196129883490675,0.6355685131195336,10.686588041455963,38.851063520676966,28.164475479221004,30.180690499337768,686
682829,"De La Cruz, Elly","R","75.375012297",34.58460121428694,8.34965865351082,1.4103285497220834,0.5081374321880653,7.663114675354752,36.7258817804511,29.062767105096356,29.15642137987747,553
666211,"Trammell, Taylor","L","75.320560421",28.518998620686453,10.6595181754582,-7.5579273174773665,0.5607476635514018,2.6325868788725657,32.05639624475428,29.4238093658817,25.91902152558625,214
808959,"Murakami, Munetaka","L","75.305241652",35.43729518294847,18.83420965913862,-1.833077057017947,0.44713656387665196,4.766192104190081,33.63824786054278,28.872055756352687,27.614561951114577,454
670242,"Wallner, Matt","L","75.297905725",27.886882564261057,10.7347558490678,-4.954916932071369,0.5725190839694657,8.698684171590507,35.603400333558724,26.904716161968214,31.918489281625305,262
669127,"Langeliers, Shea","R","75.265185538",31.185266197407802,11.954775280855936,-2.391368754333686,0.6224648985959439,6.2732732621385345,34.82225081560253,28.548977553463992,30.915169947226644,641
670042,"Raley, Luke","L","75.26480996",31.278105522951183,14.889374766747158,-3.5731222932396,0.5916334661354582,3.361948262355848,32.6950646167425,29.33311635438664,28.371519375078233,502
669065,"Stowers, Kyle","L","75.211357911",32.973469400031995,14.769592776806327,-2.3800250297414514,0.5445205479452054,4.435431616846076,34.04549289754908,29.610061280703,29.592401546726897,584
545361,"Trout, Mike","R","75.123548216",35.586251902658034,7.324154038848071,-2.2607522664199617,0.45585585585585586,-1.6868535599522712,26.1409203980964,27.82777395804868,24.533083092483608,555
671155,"Johnson, Ivan","R","75.101190909",37.83885700678996,13.521703229862295,-15.964854258226232,0.36363636363636365,9.77300138770045,39.044988333368146,29.2719869456677,29.44865040165641,11
678577,"Perez, Junior","R","75.07876",27.593154100408775,10.607339296320424,-6.2601142593044345,0.5166666666666667,4.184379638986122,31.734763455001477,27.550383816015373,27.964117793375973,60
680776,"Duran, Jarren","L","75.065090986",27.542196817883443,6.169550831163911,-2.4999093826686765,0.4415781487101669,5.545026581338979,34.141646195267406,28.596619613928414,29.542164080708766,659
699013,"Valdez, Esmerlyn","R","75.059722778",33.01362620243454,13.701232701671973,3.6400953817790627,0.5277777777777778,-3.1762952402242024,27.264846397422847,30.441141637647057,31.010177504089544,216
701305,"Dezenzo, Zach","R","75.05762",39.03608459696892,10.085515171738171,1.8795867881716855,0.3801652892561983,1.5353285814005118,28.61524390125292,27.07991531985241,27.05025395316505,121
553869,"Díaz, Elias","R","75.017359949",28.865046937666317,8.326521435158707,-5.976609490850255,0.5939086294416243,12.912224345920592,38.399685889098265,25.487461543177677,26.380879505903085,197
624585,"Soler, Jorge","R","74.986588377",34.10741433462971,12.02156436057217,-7.875784139639114,0.5322862129144851,1.7181248567827692,29.120802774350057,27.40267791756728,29.67277222287208,573
686948,"Baldwin, Drake","L","74.967552168",34.05358292853835,12.500022699863937,3.920236455005824,0.46386554621848736,1.560592427347992,29.47693567989411,27.916343252546124,28.48189133340245,595
683146,"Baty, Brett","L","74.961929404",37.170590717263664,10.152523534067601,2.4097806301260003,0.46337308347529804,1.2697081890229671,29.744397532664834,28.474689343641867,28.918843936031593,587
815873,"Keys, Sean","L","74.945141053",29.586774450948795,15.160937966152668,-12.32035776636251,0.5526315789473684,15.549000797031209,40.719249248759084,25.17024845172787,30.20664452704354,76
621566,"Olson, Matt","L","74.934213768",33.72822361979346,10.243453408827339,-2.666099584915022,0.5187096774193549,5.849829436190451,36.365209290279104,30.515379854088657,29.899424363420348,775
683357,"Caissie, Owen","L","74.921130142",36.16591649252273,11.371870527949968,-2.132175931421408,0.3720379146919431,4.693461373383751,33.37202116334479,28.678559789961042,28.52684610831356,422
681297,"Cowser, Colton","L","74.889976269",39.02290116463206,15.895040509071602,-4.800558440987699,0.40547263681592044,10.400187862599697,38.41120251657533,28.011014653975632,28.02010938550363,402
681715,"Hernández, Heriberto","R","74.857274264",27.450062896054767,13.909411608954262,-2.6658096817158983,0.6294416243654821,5.250004186716666,33.338408577968195,28.08840439125153,28.224499309967392,394
671739,"Harris II, Michael","L","74.821315526",31.032784631838183,7.259524763530505,-2.152138265847257,0.4692982456140351,1.5859585985296811,31.49352679402126,29.907568195491574,28.377173018227328,684
676369,"Velázquez, Nelson","R","74.818710781",34.84581474439415,14.308726204523934,-1.0947445906197015,0.5937500000000001,2.5937192341682986,31.755504243538333,29.161785009370032,28.346561084485653,128
663728,"Raleigh, Cal","R","74.809868736",34.624192115393384,17.70234711289022,-6.640839379196911,0.44570502431118303,4.530346834532401,34.19542536438266,29.665078529850256,24.90779163141705,617
700246,"Williams, Carson","R","74.802162105",33.56664750376521,12.546811350107967,0.3547490705979387,0.5964912280701754,-4.0499145235397975,26.260666294163396,30.31058081770319,29.969878365720948,57
677595,"Mauricio, Ronny","R","74.780828763",27.87400735140838,9.693576082377625,-7.574089587749107,0.5670103092783506,8.10646386823656,36.872999316061176,28.766535447824616,25.741060864880552,97
686527,"Canzone, Dominic","L","74.778171091",31.785018347517475,13.598388432992877,-3.157595737313121,0.5340909090909091,7.3984245998699825,38.79382243833046,31.39539783846047,29.93969213148063,440
660271,"Ohtani, Shohei","L","74.761320303",37.811985920697516,13.752626808373932,0.03740322417340938,0.5196969696969695,-4.25707504866406,26.543859686061875,30.800934734725924,31.33392037385282,660
691718,"Crow-Armstrong, Pete","L","74.757982996",35.26076942496519,15.570046396974245,-5.4723236699286595,0.47137150466045286,6.186575614589055,37.88231789990042,31.69574228531137,25.529643013203394,751
668904,"Lewis, Royce","R","74.738028694",26.02666137064498,11.189268519320395,-8.493362264796023,0.7387580299785869,4.7810298616830655,32.434397592168665,27.65336773048559,29.532627388724034,467
665953,"Chaparro, Andrés","R","74.729682358",30.654840900981863,12.069210161741772,-12.796598317901191,0.5691056910569106,7.690898049979604,34.38050393221364,26.689605882234037,27.494054057850953,123
694673,"Ortiz, Abimelec","L","74.726512",33.529746995765535,4.1889725118878305,-1.458198329862529,0.2,10.477272460922745,32.324269353773374,21.846996892850637,28.156944535551073,5
641857,"McMahon, Ryan","L","74.706322741",36.07474623076301,10.434933142265368,1.299246632020208,0.5308641975308643,-1.0934977820786171,25.70998618133366,26.803483963412265,31.077483568939744,405
694192,"Chourio, Jackson","R","74.702017149",27.632835120653333,9.20096591896911,3.0428893175834104,0.6570247933884296,4.271801225114896,29.685387825943,25.413586600828108,31.672978517813583,484
606466,"Marte, Ketel","R","74.69292074",31.757596168292363,9.283221959459118,-8.482540005433115,0.5981873111782476,7.181983144899006,37.370699325417576,30.188716180518576,21.46039690048978,662
624413,"Alonso, Pete","R","74.682437972",33.815931925376155,10.221520914276827,1.8425915829421413,0.5517241379310348,3.702446140247264,27.93076182545137,24.22831568520409,26.852321644402686,725
666464,"Encarnacion, Jerar","R","74.662510267",37.80720775150051,4.635648616131134,5.41012818834485,0.52,0.5949388297483378,28.243174231216233,27.648235401467897,29.05998005748291,75
694212,"Basallo, Samuel","L","74.652811207",33.38374761969224,11.769371835878664,-4.31954983578467,0.5191956124314442,1.103315522307323,34.34870183927814,33.24538631697083,24.535567176030707,547
677592,"Pereira, Everson","R","74.631337518",29.744376157127952,13.709043644769308,-0.261779943214687,0.6788321167883212,-0.7674715930530943,28.484515316739348,29.25198690979244,29.03857779940159,137
691785,"Mayer, Marcelo","L","74.625458204",30.811544655735474,8.474398951253034,-6.9892101100897515,0.418230563002681,4.033756845737617,31.791852098411645,27.75809525267404,26.068836694680773,373
592518,"Machado, Manny","R","74.624592507",26.287090973260458,7.335978119489066,-2.129386675551613,0.553935860058309,3.178747510318208,31.09224821229629,27.91350070197808,31.00026321677974,686
695681,"Moore, Christian","R","74.584595",33.322480331866664,6.489103585489492,3.085834749708294,0.48,-0.33125520375536044,28.7777039250733,29.10895912882867,25.179853225495908,50
663993,"Lowe, Nathaniel","L","74.554084415",29.67639347005972,8.033921365208998,4.49844566775771,0.5585365853658538,0.4489331296437275,28.113158068346028,27.6642249387023,29.36850528317889,410
641820,"Mancini, Trey","R","74.536593448",32.764365176047065,11.688080688076708,-0.564337136910861,0.5862068965517241,-0.8054956279348942,28.479134408864933,29.284630036799825,28.010525955638887,29
691777,"Muncy, Max","R","74.500804861",31.315607208605375,10.12260339858481,-5.885996674752127,0.5381944444444442,7.270497634853931,32.6183203658379,25.347822730983985,28.216172016949148,288
691016,"Soderstrom, Tyler","L","74.43599646",28.563239836117734,10.19763782101306,-2.430933137333643,0.5310734463276835,1.4285124330764614,29.31527124991024,27.886758816833776,30.90234444327634,531
691788,"Mack, Joe","L","74.402129115",31.141763671121446,13.532005447724146,-2.9071665880198956,0.5704918032786885,2.8996387747600347,31.248021451574925,28.348382676814893,26.229283690651936,305
668952,"Kreidler, Ryan","R","74.392948281",31.721494967178483,12.084263720834802,-1.8916028497279658,0.6771929824561405,6.158697342666052,33.94059587037251,27.781898527706446,31.828649453666273,285
663624,"Mountcastle, Ryan","R","74.381719677",34.95421122722418,6.920590899854145,2.5521387214278564,0.5483870967741935,-2.138149961404723,25.599968934123133,27.738118895527855,30.258178197547853,31
666160,"Moniak, Mickey","L","74.378670831",33.40093134520815,14.004591724716855,-7.706996671242963,0.5393258426966293,4.911328076565685,30.83073911888927,25.919411042323595,30.225741187152476,445
670224,"Misner, Kameron","L","74.376322262",37.08090069570473,14.260479413411538,-10.509350335335936,0.4761904761904762,11.283605733658057,37.80430608676202,26.520700353103962,28.363034110587996,84
547180,"Harper, Bryce","L","74.369867581",37.16793233042284,13.03006743418336,-2.221001137469318,0.4772431729518855,8.800129854095584,33.12152000383533,24.321390149739745,29.44870297351379,769
672356,"Arias, Gabriel","R","74.361933089",31.86424568681746,9.581114805520393,3.5659392073261906,0.4554973821989528,-0.8209417034161531,30.454443025866556,31.27538472928271,31.510690854464794,191
680779,"Davis, Henry","R","74.361848275",27.768972198148507,10.68419689805368,-6.206037886115788,0.6257309941520469,-2.8728633813674245,30.04916918361277,32.92203256498019,28.135685359639865,342
683002,"Henderson, Gunnar","L","74.358485226",31.53599335054036,10.307526860715393,-0.025105608827112047,0.5050125313283209,6.438092781926442,33.58418618979563,27.146093407869188,24.097443239853632,798
657757,"Sheets, Gavin","L","74.350384453",28.66766507934867,8.070427482779134,-5.9308849917373,0.5094339622641509,1.5356076734514654,31.41781232138454,29.88220464793308,27.769563288329156,530
699912,"Fernandez, Jose","R","74.350115741",32.537963851579946,7.939599354035797,-6.263448123618921,0.5037037037037035,3.379178771887175,31.085859025559998,27.706680253672822,29.261692759240947,270
572233,"Walker, Christian","R","74.344182922",28.731961704711523,7.770078181489232,-5.64550409315508,0.47229916897506935,2.5097900203417507,31.660919272989297,29.15112925264755,27.08877523218711,722
680718,"Barger, Addison","L","74.294076304",27.187521857406146,5.02566952500509,1.8735012643205196,0.5217391304347826,-4.601650198321544,27.94781467052201,32.54946486884355,26.50084830261603,46
650559,"De La Cruz, Bryan","R","74.292502",36.28565762025207,17.759230775601985,-10.235754583293447,0.6,8.177199911745335,34.257495924630426,26.080296012885096,27.678025892734528,5
682674,"Bericoto, Victor","R","74.257737759",35.529733232823375,13.280466728586747,1.152052957772548,0.5,1.72133533428109,31.659054375064283,29.93771904078319,25.345172889834117,116
691176,"Domínguez, Jasson","R","74.255753791",29.270710404190226,7.1576185107161745,-6.932163483048436,0.5342960288808665,8.810375302324815,29.018279713974483,20.207904411649675,24.828416754649606,277
691373,"Garcia, Jhostynxon","R","74.237043284",38.45563681434316,13.00358537778476,0.6825467397335823,0.5074626865671643,-1.9436271113847399,27.84637770906109,29.790004820445827,24.911410616118868,67
682626,"Alvarez, Francisco","R","74.232032311",29.257589634938284,10.205060682706996,-0.9291416136364039,0.5849056603773585,1.3281702831563547,27.298877574614252,25.970707291457888,28.584138575245728,424
694374,"Tawa, Tim","R","74.228588939",30.604959027794102,9.641180116901374,-6.245584620895738,0.5959595959595959,1.9632662341721518,31.057419077392705,29.09415284322056,26.06058931981534,198
666139,"Lowe, Josh","L","74.208052082",38.01974856553308,12.14096597794397,-2.966523432338166,0.47699757869249404,6.680855041372759,32.027287906577016,25.34643286520426,29.856928082895603,413
678246,"Vargas, Miguel","R","74.127278122",34.39404590724998,12.42651557839245,-3.299254895474567,0.6724890829694321,3.4104981316759297,35.161586673651655,31.751088541975715,27.59119170735605,687
621439,"Buxton, Byron","R","74.122035499",34.59444020906622,14.25644505225035,-8.714182032704931,0.5702199661590523,4.798775799128561,28.82012645555309,24.021350656424534,27.09404585891446,591
683748,"Mesa Jr., Victor","L","74.064309194",30.836500043829954,10.384953151876115,-2.981872765012504,0.7109004739336493,1.3149808846423063,29.367490874870292,28.052509990227986,26.820050635197394,211
686554,"Dunn, Oliver","L","74.061013125",27.26271015095617,12.071506572410442,2.89194373646253,0.8125,-1.3322796679064255,26.699454012250936,28.031733680157362,24.34652125861764,16
667670,"Rooker, Brent","R","74.055643677",37.64217747957265,13.626379129230152,-6.971266142565683,0.4580645161290323,2.8071141689617334,33.86918756536959,31.06207339640787,26.289309523037137,310
669004,"Melendez, MJ","L","74.038282023",29.966843005443952,13.268412520704722,-5.300512721232387,0.5836575875486377,-1.253594499597771,30.528484913560305,31.782079413158076,26.365386455489983,257
694203,"Guzman, Denzer","R","74.037774208",31.684662092816325,5.260091092432771,-5.7722615560358115,0.43891402714932126,-0.9713577049204747,29.392848834453638,30.364206539374102,26.930300370125487,221
691277,"De Los Santos, Deyvison","R","74.03274",28.53440909442262,9.347818141942358,-7.532573894827079,0.5882352941176471,7.420964685378052,31.113655597559124,23.692690912181067,34.01125675141614,17
642708,"Rosario, Amed","R","73.986162202",30.311073090632963,6.984996830706106,-4.18656901808765,0.5451263537906137,5.633583548266918,29.89166893604237,24.25808538777545,23.93464303598073,277
687749,"Bowen, Jase","R","73.971273333",36.73820341258632,20.67221708339317,-4.087973024647705,0.4027777777777778,7.4442883296788365,36.62608696987904,29.181798640200192,28.334340257863204,72
545341,"Grichuk, Randal","R","73.958784351",26.59087266779686,8.866586036409835,-4.7317847120774195,0.6297709923664121,6.821562432744641,31.795591574406636,24.974029141661994,29.918778616273784,262
687394,"Brannigan, Jack","R","73.94991",30.43079823953348,6.8887336003096085,2.958683662642626,1,-2.419899971157541,28.811144334891807,31.23104430604935,25.125891809091566,3
683079,"Martinez, Omar","L","73.9474425",32.047079119297464,18.053565657192326,-4.50248346404384,0.25,4.751142610753961,31.6538737171169,26.90273110636294,27.147481177988052,4
665052,"Conine, Griffin","L","73.942927824",28.322722713987407,14.341921812185127,-2.370908694966116,0.45595854922279794,3.1828793904304233,33.44486720457224,30.261987814141822,30.012803594291448,193
677588,"Tena, José","L","73.935475759",34.571620085064836,7.267529210243938,-1.713723616640523,0.3982808022922637,-0.0934131515400729,34.30165804993796,34.39507120147803,25.558753562717268,349
695600,"Jensen, Carter","L","73.909042726",26.453434091204265,6.386839820215665,-6.507721476448287,0.48225806451612907,11.57865459373815,37.91100495231209,26.332350358573958,26.392025974487584,620
671056,"Herrera, Iván","R","73.885364043",30.2280825848156,7.299531151829078,-4.531279886405259,0.45142857142857146,3.4327059545171754,34.246451493346484,30.8137455388293,26.629577056910016,700
668709,"Bleday, JJ","L","73.883257722",32.51287577929595,12.919944921818031,-8.78414031167187,0.536290322580645,4.961277161350697,32.91089448684766,27.949617325496973,32.02596204198143,496
660821,"Sánchez, Jesús","L","73.8639524",28.6298362971496,7.298438306165924,2.5352956435913843,0.5075,7.170154255224843,33.950067994075724,26.779913738850887,27.592749934149293,400
805811,"Eldridge, Bryce","L","73.833250601",38.37803727279175,13.356827236862298,-4.61054157566559,0.4490861618798956,5.321016330987702,29.07153307015322,23.75051673916552,26.93673118196428,383
677800,"Abreu, Wilyer","L","73.82589445",33.090693320258545,8.024644170622597,-0.035700462956800356,0.47989276139410186,-1.781326781373287,28.05450102801334,29.835827809386625,27.202641795651914,746
650490,"Díaz, Yandy","R","73.82364738",23.805112669950017,1.8178741373736498,7.146357991424625,0.3008982035928144,0.5913051928637635,28.833712647622924,28.242407454759167,30.1951868537453,668
695020,"Murray, Tanner","R","73.817516905",25.68796998806479,11.948863466664646,-6.598576709143317,0.642857142857143,3.93972068814422,34.04294191062084,30.103221222476623,28.63062525521687,42
676356,"DeLuca, Jonny","R","73.800125542",23.40755416656166,6.509280499737698,-5.80170248960724,0.5753012048192773,3.3304762166662005,31.378217681970753,28.047741465304558,27.65267422591239,332
677951,"Witt Jr., Bobby","R","73.80004297",28.023492484752037,4.954623318633218,-1.4405934910978575,0.43759873617693523,2.2006846085890777,28.590528201476634,26.389843592887548,25.807519868127073,633
680869,"Gelof, Zack","R","73.767986111",31.779554958966592,14.648383069107995,1.4783355885598006,0.6257309941520469,7.513642992161458,26.53856530829898,19.024922316137527,30.51944033039294,342
686611,"Crews, Dylan","R","73.748709065",27.586675730519577,8.175526876384911,-4.004808352268331,0.43342776203966005,-0.9888512073375832,30.703165604422935,31.692016811760528,27.35684235653553,353
671732,"Butler, Lawrence","L","73.73254228",31.449817128543863,5.430930769914573,4.364555627089461,0.3849462365591397,0.308668474763635,26.411864159572442,26.103195684808817,31.03470724922723,465
694249,"Carrigg, Cole","R","73.715055403",36.63770546550569,11.962740756823218,-2.463144608227114,0.5308056872037917,2.6157944953002725,33.69649048467568,31.080695989375414,26.73337873483409,211
671277,"García Jr., Luis","L","73.709452675",27.6512383541552,10.34491123647843,-2.3892268301194326,0.6439522998296422,4.365510562038328,33.70912597289779,29.343615410859453,27.555818917150756,587
805672,"Price, Collin","R","73.682672",33.12725846374294,15.903608148322744,-15.897704296050556,0.24000000000000005,11.743252491880202,35.45812085335948,23.714868361479287,28.234937919727322,25
622761,"Mateo, Jorge","R","73.6763525",29.599934207283304,6.280216555766409,-6.818527637986033,0.4314516129032258,-2.5224563498205783,30.75183480087123,33.274291150691795,27.436892527815683,248
807727,"McAdoo, Charles","R","73.675063182",30.4848717704375,4.178299358872757,2.946454186468528,0.36363636363636365,1.0074205192655825,24.98299784668876,23.97557732742318,28.365600478483547,44
664040,"Lowe, Brandon","L","73.657232896",33.60723807107272,15.821969254271341,-2.8414830219420564,0.4901703800786369,7.499712143780482,34.733752073385226,27.234039929604723,25.07086384372323,763
669087,"Huff, Sam","R","73.604148413",32.08718406954116,12.801390812587824,-8.16181191957135,0.42857142857142855,8.00162607235507,33.433550035557126,25.43192396320207,29.42514066868101,63
666181,"Benson, Will","L","73.575027833",36.90074389867556,14.404505364745535,-8.453701790146912,0.488888888888889,3.0940808280586776,29.1370271541783,26.042946326119623,26.78434499156999,180
542303,"Ozuna, Marcell","R","73.551187763",36.784531469509815,15.922920862723881,-6.801278519252134,0.48630136986301353,-0.3271513295982153,34.23345116273251,34.56060249233074,25.839337260032806,438
672284,"Kelenic, Jarred","L","73.506379735",31.258618843341623,13.63708816859572,-0.32573738910625083,0.5663716814159291,1.690846220566769,31.79739288159316,30.106546661026385,32.25365550888019,113
686555,"Collins, Isaac","R","73.504280354",28.510762295422147,4.377056345479504,-5.842959191424479,0.3694690265486725,3.69696651186987,32.47724053886733,28.78027402699746,28.457639843904946,452
691781,"House, Brady","R","73.490428203",36.574187494701036,9.842518171401755,2.5827133252873287,0.4738562091503268,4.274001799348773,29.563409596692782,25.289407797344012,28.242096794851246,306
672279,"Siani, Michael","L","73.48681",34.63078757031527,14.403128801298132,1.0744539303226965,1,-3.4345210382705424,30.57507287642901,34.00959391469955,27.660909503250124,1
682988,"Locklear, Tyler","R","73.47420037",31.778900186307865,7.888542993263602,2.449761447521806,0.5925925925925927,6.6219234227029,27.265000965374643,20.643077542671744,33.96235481623755,27
687597,"Beck, Jordan","R","73.459062357",32.23407375379994,13.062796090351316,-6.953177883117834,0.515923566878981,14.087426790633401,31.336039267735746,17.248612477102338,31.05300789826016,157
669288,"Johnson, Daniel","L","73.459043",29.449762909293455,10.508487966174108,-2.805864693260876,0.55,0.8856859133499306,31.62535254322297,30.739666629873035,28.64363865146017,20
621043,"Correa, Carlos","R","73.405211983",35.439231229289405,7.15496127386044,-1.0847724200511084,0.4008620689655172,1.5382847740099264,27.924193105656187,26.385908331646263,29.626800369382753,232
828599,"Spence, Lucas","L","73.382740769",31.057220120549893,10.871482614626341,-4.510347608949412,0.5641025641025641,6.628661980773751,33.55720932340667,26.928547342632918,24.624452465715407,39
681987,"Eaton, Nate","R","73.375444348",31.940978563028843,11.518865637709865,-14.190423399717886,0.4347826086956521,15.136087184459782,41.399016766124944,26.26292958166517,26.456428182842007,69
642350,"Siri, Jose","R","73.375064505",33.17495404898954,14.068030071102715,-5.313284412403741,0.5439560439560441,5.006990799973243,32.54983742032787,27.542846620354624,25.949162726070178,182
701538,"Merrill, Jackson","L","73.369913709",38.64408542975544,9.548991176922254,-0.5193464048839306,0.4728476821192052,3.289301631800058,29.796967364457842,26.507665732657774,28.226711956318947,755
668901,"Vientos, Mark","R","73.344510089",31.78717702217991,13.150308139740103,0.03488989659848073,0.6066666666666668,2.5591734402454454,29.727810754407898,27.168637314162442,27.55491866369453,450
676475,"Burleson, Alec","L","73.338533599",35.72681859847567,13.007863258079803,1.9612539233413036,0.5547652916073967,-0.667472393083235,31.515596702133063,32.1830690952163,21.9630546192482,703
673548,"Suzuki, Seiya","R","73.330700897",32.22943005809732,9.110310372498882,-4.6237880783434715,0.5017241379310345,5.730165739130879,34.38183378373843,28.651668044607547,27.427563452606506,580
694208,"Ballesteros, Moisés","L","73.319297855",28.298086820276936,8.658362448170712,2.2422663533524805,0.5916955017301035,3.5542717458319872,35.21621725447573,31.66194550864372,29.484676041355396,289
672960,"Okamoto, Kazuma","R","73.283727404",30.975900108360594,15.196563489705682,-4.811516006770169,0.5758865248226951,3.6513736009744924,30.067520220774767,26.416146619800273,27.523953400996053,705
695257,"Cook, Billy","R","73.240305135",29.048455806451045,12.416998398863907,-6.03659702431094,0.6081081081081079,4.348471746400629,31.878792439274605,27.530320692873985,29.095614658928433,74
664238,"Moore, Dylan","R","73.236560667",31.356134865016383,9.682732277008453,-9.06342962967998,0.4666666666666667,2.814049060025273,28.93346749228574,26.119418432260467,30.41958272356001,30
679529,"Torkelson, Spencer","R","73.198939139",37.96462492009522,15.339920000307433,-7.756394923087292,0.5090634441087614,-0.30516422649135716,30.657866359096136,30.96303058558749,28.704146510166826,662
661388,"Contreras, William","R","73.19274525",27.119057132949685,8.280156094085992,0.8855300765090669,0.5903614457831325,2.5680819397773553,31.09753761454884,28.529455674771484,29.266952524624497,581
592663,"Realmuto, J.T.","R","73.187952258",32.589763181435714,11.81483576934859,-0.40812302411250106,0.5460829493087559,-2.1154174740347784,29.01615661603563,31.13157409007041,28.164835792600112,434
677956,"Hinds, Rece","R","73.162361974",39.63142630383483,10.874478751803055,-9.877327161434453,0.38157894736842096,4.856094027676354,34.09366387930559,29.237569851629235,29.163682549071684,76
676724,"Young, Jared","L","73.156555071",27.96109299325752,7.988810668376908,-0.5931656861129085,0.5857142857142857,5.12382435225119,29.017430456085066,23.893606103833875,29.575643658683305,280
656577,"Jackson, Alex","R","73.143688704",29.594668192137345,8.663668869005857,-0.8715645425004547,0.5185185185185185,1.9049964088749376,31.776424953122017,29.87142854424709,29.16335958650244,108
663330,"Jones, Jahmai","R","73.131861676",30.703136845305064,13.827224264009601,-9.590455534197037,0.545945945945946,8.411812845239186,34.894809317935724,26.48299647269654,26.14842016948999,185
592885,"Yelich, Christian","L","73.130717226",36.59544680319238,11.33269721698716,7.632879458629821,0.4516129032258065,-1.3919642110190915,26.067942744243624,27.459906955262724,29.825532013095174,465
665862,"Chisholm Jr., Jazz","L","73.121116726",31.522754180820222,15.590980408122878,-8.437772393065659,0.6064516129032257,1.7570917756382354,32.47737667328966,30.72028489765142,26.148720916054774,620
680777,"Jeffers, Ryan","R","73.096508069",28.963473141551834,8.879242878246108,-2.3932207964840178,0.5096525096525095,0.1170313945665983,30.7695968863026,30.652565491735995,25.96128558530145,259
681624,"Pages, Andy","R","73.069571133",40.09708330095085,6.694760472013774,-2.8457415520263463,0.45199999999999996,-1.323731383312842,28.906669957784036,30.23040134109688,28.124911352647164,750
669357,"Gorman, Nolan","L","73.063367833",32.33678487118418,17.16638272726351,-6.268287366483871,0.48095238095238096,6.321438014676455,34.704292769746004,28.382854755069552,28.860607263091417,420
642201,"White, Eli","R","73.057107031",34.73930015081547,9.658601971664032,-0.6822654335051364,0.5371179039301311,2.490006736952511,32.2447342394866,29.754727502534074,27.263914632356176,229
669360,"Cruz, Trei","R","73.05634375",28.798926478133048,9.558242013594937,-5.53763271147386,0.375,1.3541814892963941,30.255165268952084,28.900983779655693,29.56722303568959,8
672275,"Bailey, Patrick","R","73.055353525",33.09364645203901,6.747656303723679,-2.458167174708127,0.3890339425587467,-0.18657129169238398,30.32610710397645,30.51267839566884,28.396648854102146,383
687952,"Encarnacion-Strand, Christian","R","73.022115278",35.45202066663927,15.067430200561624,-1.0884811715670917,0.5833333333333333,3.2692511147274717,30.73851109018526,27.46925997545778,28.375955565117998,36
676551,"Hicklen, Brewer","R","72.990337222",29.19973962333013,13.673996977001439,-8.775840909084067,0.5833333333333333,4.37817705079549,33.87324213325077,29.49506508245528,27.70395489180803,36
696135,"Watson, Kahlil","L","72.962146235",34.86473301366108,15.440399471508295,1.7932547810092596,0.5000000000000001,-2.1733520525409618,26.584233837342218,28.757585889883174,28.171439540254635,162
669236,"Jackson, Jeremiah","R","72.957997135",26.15827464259545,9.615449024428722,0.143242555452774,0.6249999999999998,2.3703811633612304,29.880004224318952,27.50962306095772,31.192250418013856,384
694728,"Matthews, Brice","R","72.940015613",31.82865551334713,13.688123396369342,1.5387932511923468,0.5231607629427792,3.847807384196533,31.09492247007509,27.24711508587856,24.54760515646464,367
650489,"Castro, Willi","R","72.932140855",37.04787904035211,9.030810953164956,-3.5947373675511054,0.49144634525660963,-0.48923196741469777,30.606137847978847,31.095369815393546,24.328890385272686,643
687401,"Ortiz, Joey","R","72.909957353",28.363885866808825,1.6140221907146743,0.562379447406909,0.33422459893048134,-6.355096723364761,25.41976540622307,31.774862129587827,27.22101888455292,374
663604,"Lockridge, Brandon","R","72.903602994",29.527665825515818,4.5128164304176535,8.149929680657738,0.46496815286624205,-2.6449075240323903,26.732860130845715,29.377767654878106,31.49800133631409,157
662139,"Varsho, Daulton","L","72.89287483",27.08140837356343,9.176622580277279,-1.101368252010787,0.5545617173524151,-1.8328753721261282,26.365123751243846,28.197999123369986,27.88135121838803,559
664056,"Bader, Harrison","R","72.886432228",24.682369687686492,12.411797564610785,-6.385422034839128,0.4950495049504951,8.34336138831998,33.67309125288658,25.3297298645666,26.58093061215746,202
663457,"Nootbaar, Lars","L","72.875741141",29.661394996610536,7.938213877739571,1.0658137291116474,0.532608695652174,2.228590529478215,31.48885202355745,29.260261494079234,29.089415564999786,184
656582,"Joe, Connor","R","72.870881333",29.87974295051322,5.334007594460365,-1.9787655787335252,0.45333333333333337,-3.3777326420452125,30.64076185776329,34.0184944998085,31.91268745218467,75
682928,"Abrams, CJ","L","72.868611062",28.916444697892796,13.27167511498617,-6.257164491004748,0.6151724137931034,4.037957700194063,32.38788253731861,28.34992483712452,29.569587058662744,725
543807,"Springer, George","R","72.867204218",33.920215446219295,9.41534070078553,0.19743418125607048,0.5536723163841808,-4.931558278456441,21.744827733851846,26.676386012308285,26.676662896543924,531
665750,"Taveras, Leody","R","72.798981884",33.23792380609269,7.513449926215081,-4.852291890853455,0.41407867494824013,5.1917993705389485,32.31063022307144,27.118830852532493,27.193382082124135,483
668804,"Reynolds, Bryan","R","72.788855427",37.79307150620754,10.48865003069622,2.1841783035986575,0.4307692307692308,-0.7278210416289367,25.71683424416535,26.44465528579429,27.36415029465937,715
694671,"Langford, Wyatt","R","72.785736944",31.254037482274697,12.079524446471426,-5.003136943299719,0.525,5.579539229091121,32.58784612767993,27.008306898588806,27.849372629371942,360
663609,"Baker, Luken","R","72.784992857",28.676692807946228,15.122127146781736,-16.524248770906276,0.4285714285714286,8.374502666256243,34.56163789634448,26.187135230088234,30.43059529528209,7
669224,"Wells, Austin","L","72.7637",32.43982418579944,13.187465597674068,-7.146266927083782,0.4974358974358974,1.058498036245055,30.29863598436004,29.240137948114985,23.20256413012581,390
671083,"Kennedy, Buddy","R","72.744510556",36.48956141252539,10.525534152261926,-11.397525937940495,0.5833333333333334,1.1360336991972666,32.856595278558636,31.72056157936136,25.785642176118692,36
596019,"Lindor, Francisco","R","72.738695578",34.35934969586621,13.42089386705552,-3.154129262495588,0.5433526011560691,4.168777798697011,30.996383105486643,26.827605306789632,25.613161963764785,346
691458,"Jordan, Blaze","R","72.735424566",30.810699141389733,6.985982414538531,-2.1478226397300784,0.4393063583815029,0.03954225846225751,32.28679969217199,32.24725743370975,31.889486015115775,173
804668,"Flores Jr., Rafael","R","72.732077143",34.1412853352745,13.007981197046382,-0.9527143162690506,0.7500000000000001,3.6990163153186613,34.44833268774013,30.749316372421468,27.68334463527168,28
700250,"Rice, Ben","L","72.722668648",33.617592732354765,12.451860226288177,-4.976780693892952,0.5534591194968552,-4.716753964133643,28.28653814568007,33.003292109813714,28.02989845833603,636
678218,"Valenzuela, Brandon","R","72.712504956",32.62151516170543,9.180634613287532,-8.305198864644954,0.5276967930029153,7.891757200826074,33.28074349426816,25.388986293442102,28.955749314360027,343
650391,"Jiménez, Eloy","R","72.701451525",26.654226883202007,6.333387792562662,-7.072836519561869,0.423728813559322,11.726789386497305,30.69394457237191,18.967155185874606,33.10348882190107,59
656484,"Gray, Tristan","L","72.699960938",29.231503942732818,6.838949289279089,-10.665528210895593,0.3988269794721408,3.717821256680756,33.3658282912534,29.648007034572625,29.189240232954788,341
640459,"Navarreto, Brian","R","72.6875945",26.25028686641588,14.208792771150831,-13.787696982926734,0.85,5.858056708436107,37.37365357819352,31.515596869757413,25.527557002318858,20
682622,"Marte, Noelvi","R","72.666366367",31.974252663535836,9.463201924965512,-3.826296306145259,0.5306122448979592,8.653428256677005,35.598851370816234,26.945423114139214,26.718636252304428,245
677649,"Duran, Ezequiel","R","72.622310179",28.371746224085467,6.416782328260903,2.8617341603243935,0.43019480519480535,0.35090495130714444,28.906291962892986,28.55538701158584,26.444464906323685,616
543510,"McCann, James","R","72.616217578",36.88747533301558,10.760168667949488,-4.355976819166305,0.4609375000000001,13.613942202517189,38.301339551078065,24.687397348560882,26.91674336450622,128
642215,"Wilson, Weston","R","72.611653684",34.07569125430923,15.016676948638246,-5.8583259472079305,0.518796992481203,6.266847900238576,32.33404201401354,26.067194113774967,28.666461030188533,133
624424,"Conforto, Michael","L","72.606717787",30.9926068561255,11.693274494965706,-6.267913896107245,0.5296442687747035,4.070465768574941,31.892529746753773,27.82206397817884,30.010938908392866,253
699393,"Ramírez, Pedro","R","72.593967387",25.851603169453153,4.797906060747368,-2.24336635802327,0.4234234234234234,0.8411817807916849,32.45407847585706,31.61289669506537,24.843052919671855,111
641598,"Garver, Mitch","R","72.567080048",28.748438599940144,14.722552397090002,-8.034458984941864,0.6523809523809523,8.488736383761857,32.41730948078093,23.92857309701908,28.968575701554567,210
657136,"Wong, Connor","R","72.549954795",31.144226872091746,13.237518059802456,-7.6514707976545475,0.4840182648401827,8.822124970196606,37.09413744624876,28.27201247605216,27.287085319995224,219
682848,"Rodríguez, Endy","R","72.534378352",35.13881288989097,9.829578755928718,-5.803373114555716,0.47252747252747257,-2.0940851718943176,30.17029982504963,32.26438499694395,24.89967830568863,182
678554,"Mead, Curtis","R","72.533719367",31.06298385707429,5.7335612057535466,-5.183893513562478,0.46734693877551015,-2.515476296824446,31.4498289663355,33.96530526315996,26.255655586539454,490
660710,"Durán, Rodolfo","R","72.530113546",28.751357422524972,12.762040040927813,-7.695100552449649,0.5673758865248227,12.281707680598696,35.053464813083146,22.771757132484456,26.99460647651713,141
673237,"Diaz, Yainer","R","72.528725",28.0172183774843,8.157512205893196,2.6907813725621352,0.5993377483443707,2.035856765437794,31.11074411062797,29.074887345190167,28.84306607313866,302
669477,"Schmitt, Casey","R","72.527377281",33.37661135967677,9.711424963631977,-7.251596048865616,0.49034175334323926,4.670795405342212,31.866134662558025,27.1953392572158,24.0570522715419,673
672724,"Peraza, Oswald","R","72.517197283",28.297244999991634,6.361342479151976,-2.324829736792425,0.4855491329479768,-0.37849316720622334,29.16220870920103,29.54070187640724,28.87737052160318,519
806068,"Emerson, Colt","L","72.512641842",30.492170666897255,10.08574259680011,1.5856412706771177,0.5350877192982456,0.8086560926313454,32.80633873606472,31.99768264343337,26.99314582502825,342
680664,"Valencia, Eduardo","R","72.508152593",36.0136116013991,18.636412371902438,-6.350450670421831,0.40740740740740744,3.320242073352446,33.07406806078603,29.75382598743359,30.641905885869136,27
595879,"Báez, Javier","R","72.501801733",28.79170320331811,8.259088855997414,-6.4019269548500155,0.5600000000000002,4.949297603552945,31.072037226739596,26.122739623186657,29.305027400561144,150
701398,"Stewart, Sal","R","72.490441062",32.757282385666116,12.118216863895618,5.06479236729519,0.553103448275862,7.835599358348006,28.740979760327058,20.905380401979055,29.544273041069953,725
516782,"Marte, Starling","R","72.467760601",35.86331383938022,8.501914698862944,-0.0956688862550123,0.39914163090128757,3.9487754245362696,23.99054757931216,20.041772154775888,27.91929020805584,233
686780,"Pagés, Pedro","R","72.456930272",32.37147743674667,11.325138425746003,-6.203425098169389,0.4659863945578231,9.638640629036516,36.326814903697766,26.688174274661236,28.944670210245572,294
657656,"Laureano, Ramón","R","72.448665404",33.14777214027972,14.830194416423495,-1.8053095455953347,0.4679665738161559,5.7303566574136235,33.96620475768754,28.235848100273937,32.01906783052636,359
677942,"Alexander, Blaze","R","72.448403326",36.817781797322,8.474835796430702,5.296267949816431,0.4977973568281938,-6.372158590746011,23.775915492514315,30.148074083260337,29.73776211317947,454
687221,"Rushing, Dalton","L","72.431276992",35.215779866711046,12.755674235375283,-2.4828628226858727,0.5447154471544716,0.3836273804251945,31.173601644531406,30.789974264106213,28.350799564402354,369
657041,"Thomas, Lane","R","72.43122455",27.022233124902943,8.731676355187023,-2.9773598327363215,0.6081081081081081,3.8572301641505424,28.061851855605827,24.20462169145529,29.05298839395059,444
691019,"Teel, Kyle","L","72.427888462",39.05212377154855,11.677186553656643,2.187184902465022,0.4076923076923075,2.820739242743013,29.800425640830863,26.979686398087853,28.78292668705529,130
669720,"Hays, Austin","R","72.415432308",31.056732450585027,13.976340535110483,-1.2498681068083746,0.6025641025641025,18.633762268232356,31.36330957955204,12.729547311319696,30.142814619526497,78
672820,"Sosa, Lenyn","R","72.403521204",34.893534911791434,12.364766060452224,-3.5072038115161175,0.49537037037037035,4.014755394028357,33.30366963839758,29.28891424436921,26.710398699416892,216
814439,"Waldschmidt, Ryan","R","72.398617395",34.90635277158083,9.655349541949008,-10.904092143719916,0.4372093023255815,6.24613349869073,27.637326215796218,21.391192717105493,25.078431753550916,215
593428,"Bogaerts, Xander","R","72.392745102",32.20286020156315,11.486386441343434,-6.03658574823625,0.5489795918367345,9.381231434673609,33.818309461837416,24.437078027163796,29.308083866339082,490
663743,"Fortes, Nick","R","72.387729464",19.63853493921807,3.643484705400731,-6.387354772118074,0.38873994638069703,-1.065082978579027,28.529179472081882,29.59426245066091,28.55399142590992,373
607043,"Nimmo, Brandon","L","72.373064496",29.505285684917116,6.854687993518409,2.350649001334669,0.5089020771513353,2.356453854044714,29.10208170667975,26.745627852635042,29.63033501470742,674
802139,"Wetherholt, JJ","L","72.371353705",32.131298578100264,11.569045164736682,5.030405438189786,0.6400602409638557,-4.261721125079621,29.004886584439696,33.26660770951931,27.615573787299194,664
642715,"Adames, Willy","R","72.36672527",33.779835225917616,15.348587794179105,-3.946321033841306,0.5766423357664233,0.4349546358168874,30.499740529346585,30.0647858935297,29.085678125006215,685
694377,"Yorke, Nick","R","72.363771286",35.401279589377225,1.9069201059357954,6.862447559634185,0.30714285714285716,-6.785479926022327,23.326250984199742,30.111730910222064,25.257360674241614,140
660162,"Moncada, Yoán","R","72.356850582",38.158225050142704,11.42796345741449,-3.711949332162786,0.37037037037037035,15.333402156597266,33.121583524406624,17.78818136780937,25.875052551253486,189
676572,"Wagaman, Eric","R","72.352719394",27.71478320972114,3.806374347911003,1.6821829537415982,0.4090909090909091,4.527850250519789,27.44910465938813,22.921254408868325,30.816684312900637,66
624641,"Sosa, Edmundo","R","72.321670761",34.05748155668606,11.519354109611154,-3.3859626309894164,0.6028169014084505,1.2564055605692723,30.817422881746804,29.56101732117753,26.8665545165218,355
681546,"Outman, James","L","72.272715192",34.5653365832666,15.167760551510694,-6.236556612122401,0.47735191637630675,6.770922030445083,33.17592576186596,26.405003731420866,28.545521567124588,287
671655,"Valera, George","L","72.272430167",24.776238006133134,5.8744588872979895,-8.083797817278148,0.4833333333333334,5.611556206164342,37.33759246319769,31.726036257033346,28.24450602994633,60
571771,"Hernández, Enrique","R","72.253506",31.559839256986972,15.93713927604655,-14.314796104295505,1,9.517375008395309,39.58264105008709,30.06526604169178,31.963837938482282,5
665161,"Peña, Jeremy","R","72.252320239",30.355272211321186,11.423231118794677,-7.850114794274344,0.6229116945107398,3.166229779311054,31.431677122818947,28.26544734350789,27.501318456597406,419
680728,"Del Castillo, Adrian","L","72.24975732",34.092996209864424,13.47501982050045,-0.01987117932975846,0.47766323024054985,6.996198756020334,35.29540675322426,28.299207997203936,28.156300024121375,291
641933,"O'Neill, Tyler","R","72.235518019",35.021116562388855,15.442089455034466,-8.161768042202024,0.5454545454545454,2.9293768407492395,32.84032654932115,29.910949708571906,24.427339973293464,308
671218,"Ramos, Heliot","R","72.2143511",33.479120541703814,7.854236541937999,4.834156183416065,0.5020746887966805,-1.8394600438977082,26.214076615322615,28.053536659220324,29.15535231878783,482
695336,"Saggese, Thomas","R","72.176421519",36.32334619417763,9.452787729247234,2.2801934604174154,0.4430379746835443,8.004114920577729,29.063813793071404,21.05969887249368,27.93230458502576,158
605244,"Garcia, Aramis","R","72.157587097",32.64828369040517,15.100530101510346,-6.876108098689864,0.7741935483870969,6.573023344598626,33.137764760545494,26.56474141594687,27.542440915330147,31
606192,"Hernández, Teoscar","R","72.152463501",33.68785119634067,11.10033731200414,0.8852591015986458,0.5331807780320367,-1.760816497127728,29.994316765541527,31.75513326266925,30.297308942102134,437
681351,"O'Hoppe, Logan","R","72.146719289",30.8578321893001,13.11198647686327,-8.030238195228598,0.604060913705584,8.132450727073891,35.26965216668041,27.13720143960653,26.291703029703907,394
665742,"Soto, Juan","L","72.131657401",28.301842889083446,12.602952749963572,0.648165304460761,0.6465696465696468,1.728591811540619,25.38302245499728,23.654430643456656,28.6556217084469,481
682668,"Acuña, Luisangel","R","72.130614444",25.681371504526172,8.603871460430582,1.0471342680286766,0.6872427983539094,0.5136168354738851,31.369939022578848,30.856322187104965,26.019468763294455,243
664023,"Happ, Ian","R","72.127820571",33.468132027436965,11.444049133842,-5.339124945680064,0.4685714285714285,3.7511122903703265,34.21668468391379,30.465572393543457,26.059659160687,700
669134,"Campusano, Luis","R","72.099888986",25.556173137635483,11.452998397964542,-8.06212307482993,0.6594202898550725,5.734944306643134,28.182380321083347,22.447436014440214,28.35326379509594,138
678662,"Tovar, Ezequiel","R","72.079858671",35.20395149094286,10.755072393158398,-2.4290519137183493,0.4844903988183162,1.7746942224931175,30.35312260996715,28.57842838747403,24.339836411132026,677
677870,"Jiménez, Leo","R","72.069024512",29.91118266695125,6.62772209555263,-0.9552986191148092,0.47441860465116276,4.089686670033674,31.296946783731457,27.207260113697778,28.673697274236556,215
694371,"Troy, Tommy","R","72.057029458",32.74433142362679,13.124191322858467,-2.606781098154743,0.5221674876847292,3.5765817510800204,32.00666099605574,28.430079244975715,28.873467342428242,203
687637,"Beavers, Dylan","L","72.048498083",38.295184069956576,7.952919716541211,-2.5766730620592724,0.44736842105263147,-1.4000560218918014,30.739492463258415,32.139548485150215,26.24608088430129,266
672580,"Garcia, Maikel","R","72.014197747",28.340926550730586,3.787709708750244,0.1207568489665227,0.41265822784810136,3.947707844214686,33.12023917707097,29.172531332856277,25.670194315546837,395
686681,"Massey, Michael","L","72.006569686",33.47212037327079,15.598020814694737,-1.9059410430412103,0.5964125560538116,6.754344794086779,30.35881503066378,23.60447023657701,30.13689320858638,446
672640,"Lopez, Otto","R","71.982257187",29.33300305326116,5.820767335184888,-3.5518510192683905,0.48780487804878053,5.103684377310205,32.78734695420309,27.68366257689288,27.74526747778056,615
665923,"Ruiz, Esteury","R","71.981051991",37.24631754851305,18.44951375049717,-9.67914082804963,0.4027777777777777,3.016415085363956,32.873607533859,29.857192448495034,27.890754370479453,216
592626,"Pederson, Joc","L","71.966680146",28.20333814298484,9.479238180483975,-2.3633277307086007,0.5550935550935551,-1.434187275442205,28.873098066105694,30.307285341547896,23.431021282344545,481
690924,"Fulford, Braxton","R","71.965207128",30.129093821358694,11.713515051033745,-7.179342560109139,0.5425531914893618,9.077803406784673,35.509668565506594,26.431865158721934,25.862086551517116,94
605137,"Bell, Josh","R","71.962697558",33.688021291478805,9.375836808116127,-2.0126793397304246,0.551440329218107,-2.5612637201382893,26.781998105901938,29.343261826040216,28.02576035303111,729
664034,"France, Ty","R","71.959177556",34.55084158508688,10.562863695443518,5.981728182451649,0.47638603696098564,-2.5066048466862587,26.80265454587621,29.309259392562474,26.82909066413529,487
681508,"Gasper, Mickey","R","71.954579458",28.36411335210221,12.154517653755974,-7.767233089080897,0.6024096385542169,12.364573755081194,33.73291129582904,21.368337540747845,27.53123059234292,166
665019,"Clemens, Kody","L","71.954244841",28.593895690752692,11.633918204493472,-2.5713224420810916,0.6321656050955414,0.7210588955533673,33.5124630340624,32.791404138509016,26.080409504312023,628
608701,"Refsnyder, Rob","R","71.949800376",34.25460082602566,12.011738131627439,2.5956908747092453,0.596774193548387,-3.667864151519577,26.68614630419912,30.354010455718697,28.88413690719374,186
690993,"Keith, Colt","L","71.934019666",31.478981308890926,10.226479967142273,-2.3137402127960582,0.49164677804295953,6.457592304584492,30.33782841554945,23.88023611096495,28.138593920030477,419
663853,"Gonzalez, Romy","R","71.93236055",28.74693462137387,6.83299406332922,3.0165851542812567,0.40366972477064217,-2.702207888703766,26.799184698962083,29.501392587665862,28.144716626998655,109
686668,"Doyle, Brenton","R","71.920276485",29.6352914387216,11.65636241969411,1.3081662310239186,0.5841584158415842,3.136630399559163,27.642112316891883,24.505481917332734,29.65073188092133,202
677060,"Stevens, Chad","R","71.918054576",34.47685262619969,5.613997435175138,1.7965194301614011,0.3728813559322035,4.10502115138029,29.57620090007097,25.471179748690673,32.71895457063837,59
693307,"Dingler, Dillon","R","71.91458819",40.47769432621861,13.528838536027832,-3.520264152211313,0.5507020280811235,2.3038983953114456,30.342947571568086,28.039049176256647,27.87112960513683,641
656555,"Hoskins, Rhys","R","71.91253377",33.524872529469526,16.673325441716813,-6.006381121347762,0.5586206896551723,2.0089074065116623,32.82592368538679,30.81701627887514,28.421169943697898,435
691620,"Quero, Jeferson","R","71.907325",30.701761006106537,22.958536950111288,-29.630083035816455,0.5,21.346736109916183,47.66314683740636,26.316410727490187,30.182048779511454,2
646240,"Devers, Rafael","L","71.89411284",30.665581957225317,9.206234398969046,5.389360680350309,0.5693717277486912,3.7711153268916493,28.816830368579062,25.04571504168742,25.527223489313425,764
823550,"Song, Sung-Mun","L","71.888194691",22.56043885986637,7.416960399024235,-1.6006398226479583,0.5925925925925923,-2.3119106327036647,29.44750616751962,31.759416800223274,25.67869632732091,162
630105,"Cronenworth, Jake","L","71.884267194",30.82403763645599,7.502581241537002,-0.48486677144942325,0.37769784172661874,-0.4164358041071433,30.698556627678613,31.11499243178575,28.12267248835358,278
694362,"Dunn, Blake","R","71.870804444",33.16625279829676,3.921450337042408,-0.3256511096399712,0.38888888888888895,5.12313014073232,33.86830092206467,28.74517078133235,29.06829988893903,216
667472,"Myers, Dane","R","71.865966456",29.414390377058233,8.605266983806086,6.050389856347067,0.5291262135922332,-6.549465077199345,27.33274258720128,33.88220766440063,29.712005685968855,206
673490,"Kim, Ha-Seong","R","71.864672",25.015072569685444,5.654576056560342,-1.705750250664811,0.5692307692307693,0.12025055303796317,32.37312339495457,32.25287284191659,25.445711275239866,130
690291,"Jung, Jace","L","71.854048462",35.692550261222145,9.784400599393322,-4.635488820605961,0.5384615384615384,1.695666018795505,33.61270523374915,31.91703921495364,26.95140662037336,13
694376,"Whitcomb, Shay","R","71.850027778",28.96369416087001,12.383133603450132,-7.425776666007816,0.6666666666666666,0.30879824843740844,31.35508441328661,31.0462861648492,27.04017417121092,36
663616,"Larnach, Trevor","L","71.840702611",33.10321186960931,8.302486463958402,-14.76080237117117,0.4585987261146498,8.738406295598956,38.24618842896566,29.507782133366707,25.324081390531557,471
608369,"Seager, Corey","L","71.836107446",33.315314086207394,15.259767094354123,2.092176534086515,0.5940860215053765,7.020390212933019,33.356732906360826,26.336342693427795,28.706926699781498,372
665966,"Narváez, Carlos","R","71.825715971",30.703126387366726,10.291270291040773,1.479057128650574,0.4885714285714286,6.370695239482511,32.5685879550912,26.197892715608706,28.989156848584994,350
694388,"Loperfido, Joey","L","71.812086617",39.19730339977605,15.781448648495443,7.643044182465418,0.4029850746268658,-1.5026625053952523,26.801344798246337,28.304007303641587,31.314095320328672,201
681481,"Carpenter, Kerry","L","71.801414067",35.43728832282315,17.878904025146998,-1.2171381204338914,0.4831460674157304,-4.406433235093496,27.558328078049122,31.964761313142624,30.481382162925737,445
666310,"Naylor, Bo","L","71.799438968",30.767330372557335,9.7987072165252,-5.602739453802075,0.5225806451612905,3.952477092087522,32.07715112923293,28.124674037145397,31.359936023396504,155
687093,"Grissom, Vaughn","R","71.782220693",34.21036056525241,8.74356470495842,-1.1309654513764797,0.47200000000000003,3.035659448195312,29.601825597504043,26.56616614930872,27.18290409748634,375
675448,"Hunt, Blake","R","71.749111667",36.817337117698266,18.522751030957334,-6.020501356486674,0.5,16.5872743625233,34.00882503622372,17.421550673700423,32.29942993376732,6
596142,"Sánchez, Gary","R","71.740754592",29.083551460968827,10.977755180429977,-4.643118079158292,0.6094420600858372,3.221786347378087,37.125946570245944,33.90416022286786,26.85568549122329,233
666969,"García, Adolis","R","71.704877722",29.081502584367698,9.678923722645962,-1.8430821153707602,0.5831435079726652,2.521707468877867,32.46161770393565,29.939910235057788,26.8476977987631,439
702284,"Young, Cole","L","71.704341492",28.14985712135851,6.171946395140207,-2.606845701207242,0.49335302806499265,0.16574976452943635,30.172806539835815,30.00705677530637,21.749129666225215,677
680574,"McLain, Matt","R","71.703554838",30.704739161478802,11.009377239921939,-0.05624157132635091,0.5701943844492441,7.397596456908815,31.162986136093135,23.765389679184306,26.839498405572588,463
664728,"Isbel, Kyle","L","71.697973633",25.78888102648781,2.7171616982894395,-4.469857757501497,0.42187500000000006,2.506850568715684,29.429826820824175,26.92297625210849,27.547523726130574,256
521692,"Perez, Salvador","R","71.67604453",34.4275872263458,11.356192496524919,-4.355163305558087,0.5788079470198675,0.6957361257537497,30.053739659381634,29.35800353362789,27.35919338946481,755
607208,"Turner, Trea","R","71.66226355",25.681768240612595,9.005856535259369,-4.888332169775318,0.6529801324503309,3.5033194609734664,30.34856100037607,26.8452415394026,30.806032953138686,755
688363,"Pauley, Graham","L","71.657531024",29.08067045673616,14.209645591446865,-7.553531050748107,0.5361445783132529,9.51980882309699,35.838697655051234,26.318888831954254,24.852608796799615,166
695391,"Harris, Brett","R","71.631216429",30.546725250062476,10.088464851049242,-7.098485812538343,0.5714285714285714,2.5414753669322643,25.466239056008316,22.924763689076048,24.574669735089707,14
656537,"Hill, Derek","R","71.617202714",37.34402455861206,15.659176893122742,5.494124982138314,0.4572490706319703,-0.6375692627008479,29.40069082439038,30.038260087091228,27.821057562410477,269
467793,"Santana, Carlos","R","71.612416875",29.01825704028641,15.41932822262174,-7.264080760190637,0.5833333333333331,8.194702273192787,34.18334068331458,25.988638410121798,27.16844219429314,48
696030,"Osuna, Alejandro","L","71.604302612",28.371832442891645,1.32590076425913,8.022439096500115,0.31271477663230235,-5.429868543151984,24.570178646769147,30.000047189921137,25.41506964648974,291
683011,"Volpe, Anthony","R","71.597989387",31.852539230517284,8.825810346263813,3.8047134400838916,0.5747126436781611,-2.985807389534464,25.568630303592364,28.554437693126825,27.55527221681602,261
621438,"Taylor, Tyrone","R","71.597277156",34.793722914280735,11.586860769975548,-5.605539314458887,0.6177777777777778,0.78354830586034,29.016819289920463,28.233270984060134,27.56608950308088,225
669899,"Ward, Ryan","L","71.596718235",27.9308688498171,8.695260680439691,2.43944649060442,0.6134453781512605,-2.833438241981107,26.39152160712341,29.224959849104533,28.549053544024215,119
694378,"Gonzalez, Jacob","L","71.591410337",28.150769023503543,8.071584417588976,-2.2342978968966114,0.5432692307692308,4.071709426276479,32.676687978245226,28.604978551968756,27.490370570437218,208
672012,"Black, Tyler","L","71.589413913",34.78482178299182,4.842990120170422,12.393713266756537,0.43478260869565205,-5.521367260958793,20.77883590251927,26.30020316347807,27.49366934291445,46
606992,"Haase, Eric","R","71.57627037",30.80731295643861,12.770588702062598,-4.310642593756782,0.6148148148148149,7.0596842862949485,29.164010477437113,22.10432619114217,28.775311004410643,135
664774,"Wade Jr., LaMonte","L","71.571670235",29.764450540330976,9.14108221441448,-2.784333506529941,0.5764705882352942,2.0528692519738145,33.7631551720733,31.710285920099476,22.89173049698964,85
663584,"Senger, Hayden","R","71.571551111",27.728300197447144,10.82359913895828,5.2721290829780605,0.6666666666666666,-1.7348687902508115,26.457698412646263,28.19256720289707,30.4423021961848,27
641584,"Fraley, Jake","L","71.552922746",36.59397946708267,10.132018462136575,-7.772307299348403,0.4718309859154929,-3.785686918305041,27.82669460196854,31.61238152027358,25.093729967141755,142
571970,"Muncy, Max","L","71.536034699",33.6309442854663,16.295136565337874,-6.572454033064222,0.5245901639344265,9.80344182099007,38.412396304702085,28.608954483712015,28.99677524486352,549
553993,"Suárez, Eugenio","R","71.523164551",38.96608745518778,18.169429892872962,-5.128338418492183,0.46530612244897945,16.020844712515462,34.3982324446494,18.37738773213395,24.066147256332282,490
672515,"Moreno, Gabriel","R","71.521030747",34.05360842202637,8.518171688045454,2.8057241418962744,0.43030303030303035,5.735640801905356,34.94200536371109,29.206364561805742,25.91839728142081,495
800050,"DeLauter, Chase","L","71.513798916",28.81470486710301,4.0895648819978545,1.2690954918812527,0.4429657794676807,2.894473382918855,29.07543863909845,26.18096525617959,29.109509051799684,526
621020,"Swanson, Dansby","R","71.506647177",34.63305574908812,15.686052128400425,-4.388856814983653,0.5548387096774193,2.1363049379345704,33.92631115658049,31.790006218645924,27.31462406797163,620
666397,"Julien, Edouard","L","71.487840472",42.7449633823255,11.684282646927155,7.327702768225296,0.39107611548556437,-4.18666130044557,26.325450242800912,30.51211154324648,29.704867342928857,381
699625,"Crooks, Jimmy","L","71.484037313",38.61525279678812,18.626491440612195,-0.21936242081016977,0.3880597014925373,12.228441546161173,39.43185277891227,27.20341123275109,28.088332452734264,134
686894,"Wiemer, Joey","R","71.454669217",23.81906623461056,5.190398516638569,3.629388109800251,0.42608695652173917,5.544013984930505,28.28152088065343,22.737506895722934,28.662586690104686,115
669016,"Marsh, Brandon","L","71.43833877",37.39703875256805,9.95453407965856,-1.6629161537991979,0.42222222222222217,0.6448833166909109,28.36294249199535,27.718059175304436,31.384112962168206,675
800325,"Lara, Luis","R","71.42392381",26.87061760234308,-0.4364867412508784,2.569905058081322,0.23809523809523808,-2.2299992809565237,27.07975386964129,29.309753150597814,26.24195479195118,42
805249,"Kemp, Otto","R","71.423190196",34.98882444948333,10.109541670832256,-5.979482993175398,0.41176470588235287,4.162837891149356,33.72741019509776,29.564572303948395,23.897663937988842,51
641487,"Crawford, J.P.","L","71.415858004",33.74273841642346,7.201619038400386,-0.8716455515381791,0.46572580645161293,4.126810835618824,37.79785544708828,33.671044611469455,27.62840201744222,496
694497,"Carter, Evan","L","71.404371302",31.793114367436075,8.209121688227622,-5.91227257604118,0.43489583333333326,5.755382153971818,33.177077380391694,27.421695226419892,25.48807153452813,384
807799,"Yoshida, Masataka","L","71.398829218",32.59984078584446,8.536046609337829,-1.0681369877615887,0.50814332247557,1.4422832086917439,31.955529607474933,30.513246398783195,24.50956973885207,307
642851,"Wynns, Austin","R","71.397306735",34.65428202450308,13.412012820204703,-6.586144152845415,0.4591836734693878,7.300898980771786,35.05758606309476,27.756687082322983,28.6310978716317,98
571448,"Arenado, Nolan","R","71.393218611",33.16253341029357,13.13773086339999,-11.33080789083214,0.5711835334476846,4.105912512054142,35.79660958661935,31.69069707456519,30.35207327561941,583
693459,"Fedko, Kyler","R","71.382807368",31.145937054342628,10.757901390037594,-2.6265240881089236,0.5,4.043230097655917,33.10965674192208,29.066426644266155,30.057412079196478,38
672761,"Pérez, Wenceel","R","71.354880614",28.15403529587197,7.641446336642693,-6.2776947120239,0.4981949458483754,2.130032347631864,29.327671612776978,27.197639265145117,25.066920625211566,277
661531,"Serven, Brian","R","71.303238333",31.96659086901158,11.598647733252568,3.0237030902549,0.8333333333333334,7.761685172539069,28.46364064847523,20.70195547593616,24.473615945587156,6
502671,"Goldschmidt, Paul","R","71.284181614",32.52962675419816,11.704489105652506,3.0279025329591267,0.5073375262054507,-0.19136529076583939,20.045114475003587,20.236479765769424,34.73348616347732,477
573262,"Yastrzemski, Mike","L","71.256264867",30.98646280063254,10.7643779178994,-3.3725688234562443,0.6222760290556899,1.2263206055633704,32.75962078025858,31.533300174695203,23.812597821018706,413
596146,"Kepler, Max","L","71.250416422",32.17187920700679,8.909314370921633,-12.098194044715774,0.5045871559633027,4.850182424186971,37.1070302598446,32.256847835657624,29.49158099357553,109
805808,"McGonigle, Kevin","L","71.249777345",36.66287810410784,15.768624402650579,-0.07668334789502547,0.4970501474926253,6.693305561261767,35.68874760374337,28.995442042481603,28.171826474159037,678
663656,"Tucker, Kyle","L","71.245996029",36.01199563734192,10.22109777054233,-6.601883260263696,0.4485294117647059,-1.4106314244557194,28.31682464718856,29.72745607164428,27.387116262704854,680
682177,"Schneemann, Daniel","L","71.169349487",33.08047523273393,14.497093746598981,-0.7559200732093198,0.5585215605749487,3.297498191710012,35.27074557887535,31.973247387165323,24.262574682541562,487
609280,"Andujar, Miguel","R","71.167532037",26.02542369630812,7.278018572598941,-3.904995763224757,0.5856481481481483,5.223714083570003,33.34696838656251,28.12325430299251,30.600172002696393,432
650859,"Rengifo, Luis","R","71.150557459",33.85349627098509,7.058719193118312,1.574171812385823,0.4297297297297298,7.614375685816496,28.00418959636231,20.38981391054581,26.669380484955862,370
691026,"Winn, Masyn","R","71.14789718",28.320054042719022,5.248086127243379,-1.2797687250089895,0.4117647058823531,0.44290905548104637,33.83694975021759,33.39404069473653,24.096342266474803,578
663886,"Stephenson, Tyler","R","71.140976635",37.75498925394377,12.309991384420144,0.9844652974155979,0.5426540284360188,1.632331170146173,29.69274180736752,28.060410637221338,28.47962593570628,422
668715,"Steer, Spencer","R","71.139898325",28.881086612786497,13.374773178792593,-0.3166947485717671,0.5903814262023217,1.9207305984646055,30.076708942691546,28.15597834422695,25.820071324655046,603
687263,"Neto, Zach","R","71.128995308",39.97932961695818,21.05116505302095,-8.084043500860918,0.37610062893081747,21.773129390964435,38.68352687403838,16.910397483073925,20.697353440414012,795
596115,"Story, Trevor","R","71.124783538",29.30341107732702,10.767122042321503,-3.610081659140289,0.5107692307692309,9.724248007418705,35.20141014818069,25.477162140761976,30.267061826655475,325
682641,"Matos, Luis","R","71.108372821",24.979335613036334,7.412511990703617,-7.274240026664897,0.5897435897435898,8.690642509863224,32.15392439008459,23.463281880221366,25.575646053525485,39
676914,"Schneider, Davis","R","71.088742343",32.616735502108675,17.23468198867582,-3.2818262901496564,0.497142857142857,2.124494843232437,33.857114204415154,31.73261936118273,24.104932903145553,175
608348,"Kelly, Carson","R","71.08859988",33.047549263694044,10.220866746259238,-4.247541418544984,0.4746987951807229,-0.6338465611787534,29.9898786441887,30.623725205367457,29.45850622899998,415
596103,"Slater, Austin","R","71.077563136",34.89983509881249,12.347756743477783,2.474278150636913,0.5762711864406779,0.2489389622383176,30.743066217898345,30.494127255660025,26.080995233036305,118
701807,"Benge, Carson","L","71.076257592",33.55121289646628,5.626488792782955,3.797035677918769,0.4125766871165644,5.123100121986386,33.36196819364758,28.23886807166119,26.135988070719986,652
664983,"McCarthy, Jake","L","71.065794449",32.784554572585364,9.156308640734304,-2.125495255510673,0.5019011406844106,-0.2622984788434899,29.27150326961179,29.53380174845528,30.821002517011763,526
694410,"Groover, LuJames","R","71.061923377",33.40513527272162,8.869299467403524,-5.913770986024558,0.5194805194805194,5.858817276267599,33.0099032529899,27.151085976722303,29.435372139385024,77
682657,"Martínez, Angel","R","71.033010651",34.23667268922178,10.32767995099983,-7.04586439651071,0.48915662650602404,4.745390786586594,36.84254022963743,32.097149443050846,24.74048018658509,415
600869,"Candelario, Jeimer","R","71.005341",33.725121523196954,14.585605870974291,-5.959973680164922,0.5000000000000001,3.2876253259872894,30.675991568458866,27.388366242471577,26.998546765725134,40
663697,"India, Jonathan","R","71.00319939",32.524151535656564,9.706636232399537,-6.459430694611145,0.5609756097560976,-0.43904577469724904,30.977128971858637,31.416174746555868,27.266764848382884,82
644433,"Tromp, Chadwick","R","70.998091639",28.15654434488495,12.360261926801625,-9.38655549088694,0.5409836065573771,2.714961000371413,31.55103484276778,28.836073842396367,28.72197892860194,61
672386,"Kirk, Alejandro","R","70.99041592",22.624598836354313,6.32500068344254,4.532019948517413,0.557471264367816,7.613936678164167,29.628736608321887,22.014799930157718,32.41936641413125,174
605170,"Caratini, Victor","R","70.973109621",34.83780029767396,11.687590661666738,-1.1489086439937204,0.5479797979797979,6.001261913289925,35.99789483097445,29.99663291768453,23.72605214277087,396
656413,"Fairchild, Stuart","R","70.967086389",35.95201143151268,19.698628367631706,-11.864738924304206,0.5277777777777779,8.79924595918753,38.469834667003134,29.670588707815607,23.915171771504085,36
543309,"Higashioka, Kyle","R","70.964737816",32.99430099363193,12.701705777894576,-9.385477513243092,0.49146757679180886,0.08474076302158877,30.628592166236242,30.543851403214646,23.302773472987976,293
668227,"Arozarena, Randy","R","70.956444247",26.608305691320183,7.618586776589768,4.427987446887729,0.5799086757990867,6.157426410676465,28.8948925332184,22.737466122541928,23.95459497168458,657
681807,"Fry, David","R","70.953358491",31.379099121037434,15.675750671868245,-6.270858155210814,0.5849056603773585,-1.199809985436985,25.40325889975203,26.603068885189018,32.938184338683676,265
683766,"Koss, Christian","R","70.93512",27.175433628334435,8.49802466528585,3.8906988731266816,0.6,-2.2637506802045952,25.40988811552197,27.67363879572657,29.82566277463232,35
666931,"Oliva, Jared","R","70.8888775",33.91423766786268,10.300794482976317,-3.349211271162871,0.5,-0.8221907225684568,29.03743047350275,29.85962119607121,30.894341320507525,12
695720,"White, Tommy","R","70.883817188",33.647970681498016,7.087757004290757,6.380846958702876,0.5,4.613272496700703,26.61723432273817,22.003961826037468,22.62533090021014,32
676439,"Feduccia, Hunter","L","70.871141303",33.62671876725559,11.84534257388251,-3.8531183374169853,0.5378151260504201,8.708301589029768,32.38524125892197,23.6769396698922,25.166631423705855,238
656976,"Smith, Pavin","L","70.847615252",29.346682179369623,9.877101929527374,-2.5850807544495544,0.5827338129496404,-1.5700355878149916,27.8274594717008,29.397495059515798,30.055136084434178,139
668939,"Rutschman, Adley","R","70.844713872",33.34809984852803,7.394578854449378,-3.4512242461903253,0.4418052256532066,-0.008556360102038307,27.47412683846518,27.48268319856723,25.940541289480713,421
663837,"Vierling, Matt","R","70.829476432",31.37334148524009,8.83368954667113,-1.4767716259328472,0.5837004405286345,-4.643062006913964,31.890394757203868,36.53345676411783,26.570073215030707,454
656811,"O'Hearn, Ryan","L","70.829095324",31.91022954603836,11.767892911737992,-0.4528284864614468,0.4575707154742096,2.225903720174005,27.220970405455716,24.99506668528172,30.79606912176302,601
669398,"Workman, Gage","L","70.822201818",42.07034593839464,13.22308760096691,1.0059545047681955,0.4025974025974027,-1.1008792858487764,24.464641916714445,25.565521202563225,27.36559270722947,77
545121,"Vargas, Ildemaro","R","70.81757454",22.67608262438016,5.602185880807146,-5.640443210984972,0.524625267665953,13.433193566982304,27.838212920035065,14.405019353052758,24.87609368528026,467
695734,"Lile, Daylen","L","70.805646868",39.24732053011556,12.141256700892761,-1.1649778206649186,0.536290322580645,-0.6594742804173673,29.826271842068014,30.485746122485377,25.017184273741364,744
669256,"Solak, Nick","R","70.790491",25.55039658641456,9.742599344763986,5.380296553988773,0.5,-1.3114980819241198,27.759287778930506,29.070785860854624,27.294556347669605,10
670770,"Friedl, TJ","L","70.783454702",28.417480152314738,9.66998644439174,-5.7035374029723815,0.6258278145695364,8.033791586865053,38.789158677975955,30.755367091110923,23.94502060491381,302
673995,"Wendzel, Davis","R","70.761064615",26.98427805845326,10.1493048013506,-3.5340839678407163,0.6923076923076923,8.387972294213716,32.52716782545924,24.13919553124552,25.08826482648923,13
666971,"Gurriel Jr., Lourdes","R","70.758540987",37.938022090330506,10.708196226628237,-6.7512875321839765,0.5000000000000001,2.567049880835596,31.95112233983006,29.384072458994464,28.069936332980674,304
518595,"d'Arnaud, Travis","R","70.750840161",30.441973586504954,10.720596736157955,1.6148227199537768,0.5806451612903226,1.5049995943295165,31.59117774539159,30.08617815106207,29.911932882237277,62
690976,"Freeland, Alex","R","70.746451969",29.763516869451017,8.85233996515353,3.916413388942508,0.5093749999999998,-0.3146860426055525,30.036888289571998,30.351574332177552,28.34650328239291,320
668670,"Rogers, Jake","R","70.737971529",29.80661711936969,16.32005042577078,-4.021186523455031,0.6369426751592356,2.115381681454021,33.37610342950914,31.260721748055122,27.28958748621917,157
666126,"Cortes, Carlos","L","70.73484429",26.376906299974603,7.257298126894246,-0.5370207839691402,0.4369973190348525,9.288945459107607,28.680362506115447,19.39141704700784,31.821104593363195,373
805347,"Jarvis, Jim","L","70.719976809",28.08832143547472,4.941523213434469,-3.8490025961992727,0.4893617021276596,2.0841088020864658,30.4422607557783,28.358151953691824,25.539623715394406,94
679822,"Foscue, Justin","R","70.71794725",29.982576983028395,10.692060010933181,-1.4391328227800337,0.5950000000000001,2.065388772504029,32.06117622366174,29.99578745115772,28.917624210856584,200
701678,"Lee, Hao-Yu","R","70.715994387",24.363921689203732,8.00817950810983,4.529218726578909,0.5501858736059481,-0.740964362204473,26.76068880685503,27.501653169059505,26.94627472147974,269
669707,"Triolo, Jared","R","70.70984852",37.556914582010045,7.403498277847435,0.6148251428796838,0.48942598187311187,-5.853561203910644,25.654291101578405,31.50785230548905,26.497106841715187,331
628451,"Ibáñez, Andy","R","70.705953696",30.032149767676234,10.279987479416757,-10.900379722785832,0.5434782608695653,5.1421813282867035,33.419913665243264,28.27773233695657,25.330757462161934,46
649966,"Urías, Luis","R","70.691433939",24.16106303503599,8.760811269885446,-8.265313271089664,0.6212121212121212,5.969659182561414,33.85585939927666,27.886200216715224,27.0258389882053,66
663647,"Hayes, Ke'Bryan","R","70.688884545",26.563290566991583,5.281899171436619,-0.6559256595126498,0.49732620320855636,2.9108986910522527,35.899560714081794,32.98866202302953,27.237263748391094,187
664761,"Bohm, Alec","R","70.652063418",29.567336753439655,5.106175768433379,3.8845838513904147,0.46969696969696967,0.46942667341016103,25.790708039689957,25.321281366279788,29.485400082000677,594
693304,"Gonzales, Nick","R","70.646179547",35.90125938897687,9.565561381202516,0.953631722116737,0.4802919708029197,-5.059237986752196,27.264350004231645,32.32358799098384,26.567795170939814,685
606115,"Arcia, Orlando","R","70.623119867",24.63278142982862,6.475142710478798,-1.0172145752175679,0.56,0.6460406147417557,29.915818903897804,29.269778289156054,25.761701208424373,75
664068,"Kingery, Scott","R","70.614314286",37.81016819968485,18.576300812609162,-10.884164592259545,0.7142857142857143,3.78562647878506,35.73801898023873,31.95239250145367,29.158750472756797,7
656775,"Mullins, Cedric","L","70.613523182",30.37661082973419,11.991070021669303,-4.7803306268295405,0.6066433566433566,-3.2689670179160437,27.98420852322824,31.253175541144284,24.969151297075104,572
669242,"Edman, Tommy","R","70.576482013",26.74135277898272,9.797011919146295,-2.382329812673737,0.5324675324675326,-1.022091655487609,29.78179080832785,30.80388246381547,28.195490758161974,154
669384,"Delgado, Raynel","L","70.570792407",33.17283604494594,9.696593925859744,0.5077739940797787,0.49999999999999983,-0.7164834723582252,25.983480983720913,26.699964456079137,27.416213307850093,54
702616,"Holliday, Jackson","L","70.566512469",32.94450929995029,10.189510261019977,0.5757284966832638,0.5439330543933054,2.45699270183815,28.899262732444974,26.442270030606814,25.00002766500793,239
640902,"Pereda, Jhonny","R","70.554009764",29.624035990642955,6.9120452422679195,0.6458901687976123,0.4645669291338582,0.13319221340932794,27.217571576670228,27.084379363260897,27.212456377394744,127
675659,"Jones, Greg","R","70.54660875",32.804982912344364,5.88421419995389,11.778589586821987,0.43750000000000006,1.4725983999269685,24.375817990585716,22.903219590658754,27.203312428140638,32
457705,"McCutchen, Andrew","R","70.534003972",36.004727730021884,13.830614549147175,1.9157556553346118,0.5390070921985817,-4.814898981811459,25.804566932320675,30.619465914132146,28.958161666501837,141
673962,"Jung, Josh","R","70.519030306",36.62801349024352,12.412860550525041,0.13234228087411432,0.574829931972789,10.088509190437607,31.577341035060446,21.488831844622837,25.274556414467213,588
805300,"Marsee, Jakob","L","70.512549873",30.666229113571223,6.959516336010659,-6.25218746085949,0.48820326678765885,3.9333065994001375,34.67609340054995,30.74278680114981,27.042867143831877,551
681393,"Norby, Connor","R","70.481692941",39.85600636193436,18.13124537323367,3.9822971853343097,0.37595907928388755,3.5375323735625503,30.445079240202,26.907546866639432,25.98749245911062,391
643376,"Jansen, Danny","R","70.457263258",30.271424249631227,15.86465717967246,-8.475056352516827,0.5927601809954753,14.061970149507626,36.75759868784147,22.695628538333835,29.35240230621942,221
663757,"Grisham, Trent","L","70.43372386",28.363886575944825,13.669264173739583,-0.6130947259193696,0.6230248306997742,-7.4954957562465445,26.079348756088244,33.57484451233478,31.061771201844028,443
692216,"Kayfus, CJ","L","70.4332126",36.43926474867812,13.396447601169596,-6.304185190614768,0.38000000000000006,2.5567765671760947,32.57754735292368,30.020770785747576,21.454191475569157,50
671289,"Freeman, Tyler","R","70.432646164",33.68910569257187,2.613153677873402,0.2548062974049466,0.3095238095238094,0.10379594798037181,29.40999307821758,29.306197130237205,29.527932682659085,378
663368,"Perkins, Blake","R","70.430577133",29.700073123253304,9.328536778607086,0.830718663562996,0.6466666666666667,-1.3348600778928321,25.76026243574919,27.095122513642025,29.76450039503765,150
518692,"Freeman, Freddie","L","70.425396629",42.54757303985628,7.533245259618818,2.2403974495219905,0.42039800995024873,-3.655783868010407,26.068544399781157,29.724328267791563,30.966900010462727,804
691720,"Karros, Kyle","R","70.411063608",37.71420945551249,7.688810040006797,-7.2278594691655975,0.4241842610364683,5.3943048448027175,28.1998003060694,22.805495461266684,27.62773122125689,521
645305,"Sánchez, Ali","R","70.401409394",32.64920782173511,10.381544337852782,3.778831462730973,0.5909090909090908,2.4952266293071332,30.35073751512162,27.855510885814482,28.930808189464912,66
680474,"Schuemann, Max","R","70.381864737",31.013850714115783,12.613370449103602,-5.912578950161617,0.5368421052631578,-0.3586407106998448,29.758775852178402,30.117416562878258,30.940051359538028,95
686469,"Pasquantino, Vinnie","L","70.361834953",28.553854171906995,10.897906572978398,-10.600286823605968,0.5822306238185255,3.4428742840832243,32.53016006265323,29.087285778570013,31.371110087649733,529
690022,"Ritter, Ryan","R","70.347505333",34.765080274272066,16.41736940953509,-8.418686088873336,0.26666666666666666,5.516346740333543,30.92478167889307,25.40843493855953,26.812881811267854,15
806198,"Pratt, Cooper","R","70.340228765",36.92424956042363,7.7748430127597,1.66868694229249,0.38823529411764696,-2.910735648839605,28.998722856147324,31.90945850498693,22.977949971184955,170
805999,"Ewing, A.J.","L","70.340051646",37.38749060057932,8.614044569610876,-1.5724275358517095,0.3940149625935162,6.974600873699769,32.30446041532099,25.32985954162123,23.468697160951514,401
670097,"Short, Zack","R","70.328213925",34.182482933807194,14.040704022938197,-3.695028906094272,0.6168224299065419,-0.7189821206469023,35.247800207823516,35.96678232847039,26.59809410934136,107
620443,"Torrens, Luis","R","70.310603119",30.577371307459426,7.005301737669657,7.908358924123588,0.5080385852090032,-2.572102908494071,24.779695093251032,27.35179800174511,30.109191613773238,311
683734,"Vaughn, Andrew","R","70.30876156",28.734176757668525,7.75178574005081,-1.9359419505026496,0.524,-2.397386946427844,29.626482402067424,32.023869348495275,28.97708329782951,250
702176,"Roden, Alan","L","70.279768444",30.492374535136015,8.716854820429438,-5.410600990307582,0.4888888888888889,2.30936449484226,33.777589274478316,31.468224779636067,28.97103100550207,45
647304,"Naylor, Josh","L","70.264916897",29.497990365993303,8.45672115217217,-7.381161182826914,0.45484400656814455,-1.0226440373356236,25.752949357802486,26.77559339513811,25.242803611245083,609
682997,"Callihan, Tyler","L","70.234406",34.1736668175805,11.781324873869133,-5.583722071769106,0.4216216216216217,2.276223275193498,30.654538593439682,28.378315318246184,28.487668230306724,185
641680,"Heim, Jonah","R","70.227230137",27.582338177162114,9.262597118408165,2.0981318874199095,0.5631399317406142,-1.4323712857383182,28.31462330179416,29.746994587532477,30.871474112176337,293
664059,"Haggerty, Sam","R","70.225228267",31.22297979972799,6.377227364574128,-5.346554021867531,0.4933333333333333,7.8243944079478975,29.163514503430047,21.339120095482155,29.620143212889104,75
602104,"Urías, Ramón","R","70.186325196",27.774980492289256,12.02089387277392,6.632255899711777,0.7647058823529412,-1.6272754145678758,27.96669139781212,29.593966812379993,27.682542552859083,102
687859,"Johnston, Troy","L","70.17981711",34.37626236825998,10.260023311559275,-1.2527414992339732,0.4393063583815029,0.579455997494974,34.032897958161755,33.45344196066678,26.194822170940963,519
650968,"Pozo, Yohel","R","70.179385",29.381632301972683,6.251271244874215,-2.2293808124363084,0.46666666666666673,4.555237360206725,28.736580091750515,24.181342731543793,28.891245231900218,60
608841,"Meneses, Joey","R","70.169522069",32.06573120859332,9.393167516871959,-4.973305346862039,0.41379310344827586,-2.626098009797374,29.890809520086503,32.516907529883866,27.89326380673869,29
686797,"Lee, Brooks","R","70.135264669",30.72765594272887,11.09557617454404,-6.443429913423191,0.5684830633284244,6.142416127229345,30.863848451288714,24.721432324059375,28.63036434851873,679
701675,"Church, Nathan","L","70.132984914",31.7620850330943,6.614086906046091,-0.5739871857368185,0.4091778202676865,1.4757762177087843,30.650399705541805,29.174623487833024,28.974942198329856,523
669326,"Teodosio, Bryce","R","70.119658987",32.38485085230745,8.121566520811104,1.1371398294047648,0.44303797468354433,3.7444482424217767,29.337744894677925,25.593296652256154,28.378454009397124,79
666182,"Bichette, Bo","R","70.112555377",37.375770434240174,2.6592777151398868,2.1696397550989217,0.2776280323450135,-1.68408361407325,25.99164377501855,27.6757273890918,25.034006271776928,742
803011,"Antonacci, Sam","L","70.105848971",38.84255340679062,9.612470786928803,7.315470929506207,0.508230452674897,0.8695056831978729,31.177118500178242,30.30761281698037,24.634492056395924,486
665804,"Amaya, Miguel","R","70.095752472",34.31566865363659,12.236768005332216,-8.377633920194208,0.5655430711610488,0.15991923161205282,27.649031927915374,27.489112696303312,28.133745858282452,267
677587,"Rocchio, Brayan","R","70.088850989",28.347293451778835,8.956323426155212,-6.20721091376267,0.5069551777434311,6.128136526159942,32.685471507209165,26.557334981049234,23.23460625099577,647
680737,"Helman, Michael","R","70.082507736",29.237480792133542,12.164726804237551,-2.765905657728076,0.5849056603773584,-2.035175973714709,31.37441758561853,33.40959355933325,23.62924531289244,53
678009,"Meadows, Parker","L","70.06977697",29.99293945493393,6.595769690488649,-2.60052464023921,0.45454545454545464,3.2818876858328454,33.18687279708567,29.90498511125283,27.737260623678722,66
668930,"Turang, Brice","L","70.06253392",36.1712502883989,7.965358009228972,9.59551819698515,0.5014792899408285,-0.7008665424217859,30.948882685857498,31.649749228279294,24.92807656094464,676
669257,"Smith, Will","R","70.057592019",33.87758199692578,12.169622685994717,2.5355422651043584,0.6498422712933756,-3.1781048158217664,29.557127776600108,32.735232592421866,28.62050198649704,317
608070,"Ramírez, José","R","70.021561217",31.050114268608922,9.931452531606718,-9.377725703603588,0.5950570342205324,2.4253777451631238,32.913089317268806,30.48771157210569,22.545526642608497,526
690984,"Halpin, Petey","L","69.993832323",33.93761268862459,8.055591853889679,-0.6937928291113895,0.5161290322580644,-1.807013272472131,30.86847125429168,32.6754845267638,23.78293417544679,155
681082,"Stott, Bryson","L","69.987258754",31.105390422258306,10.055218148814541,-1.4703484083581855,0.5648464163822527,6.011278363492456,33.28028521706259,27.269006853570136,24.383517503088978,586
687529,"McCray, Grant","L","69.977541429",34.087552231162775,13.99509921160429,-18.482032758910485,0.14285714285714288,14.771354299590818,38.969055213845685,24.197700914254874,28.095077393027715,7
665861,"Rivero, Sebastián","R","69.907159583",33.53345468312428,7.674820404070125,-2.3849261267220787,0.45,1.5957374944237652,29.536888850986088,27.941151356562315,26.74291980123615,120
666018,"Aranda, Jonathan","L","69.902032663",34.85065012866329,7.784344384857374,5.517688893158734,0.5065123010130247,-0.47694928680058446,26.078146904811224,26.555096191611817,29.331907835532938,691
666023,"Fermin, Freddy","R","69.899586464",33.2241402764258,13.004425900844588,-3.8568129024205238,0.5285714285714287,4.950591837216868,31.443381188733575,26.492789351516713,26.106091484334247,280
695238,"Wagner, Will","L","69.886913226",33.415842375963685,2.482314409847181,0.855012126064438,0.35483870967741954,-2.2166704762992473,26.940078666595152,29.1567491428944,27.705861542818166,62
695731,"Montgomery, Braden","R","69.875438238",31.105014599950707,7.082864241007445,5.542324727022315,0.4933920704845815,5.640433178531596,27.21179179614056,21.57135861760897,25.841341196344107,227
701162,"Malgeri, Ben","R","69.864192075",35.78845033715665,9.894330540874128,0.5363529413895216,0.3962264150943395,4.018541184535935,30.822439348204913,26.803898163668975,25.957065914566115,53
643217,"Benintendi, Andrew","L","69.853718853",31.54574098382522,17.156738959797742,-6.071254484408068,0.5018796992481203,6.825430030028053,35.56255777080294,28.73712774077489,23.59266675010318,532
691011,"Romo, Drew","R","69.830174384",33.96570896519904,14.160714783327611,-11.008833546692774,0.4926108374384238,9.772898418744074,35.86033330011457,26.087434881370502,25.38746165270866,203
678882,"Rafaela, Ceddanne","R","69.824004563",32.26108634250406,9.210842828703111,-1.571266983969277,0.5169014084507041,1.6125437756176024,31.312010614934135,29.699466839316525,25.95081118322102,710
700932,"Manzardo, Kyle","L","69.823107562",37.60957984416913,17.745891689715716,0.04581316150059908,0.5035587188612098,11.65103569217568,34.78645552947118,23.135419837295494,31.436790788939092,562
608324,"Bregman, Alex","R","69.804621293",28.0339451263494,14.560090893149198,-5.702861572609862,0.657142857142857,2.9627463106498966,32.794807539472416,29.83206122882252,24.601924532330177,665
671976,"Peters, Tristan","L","69.794019618",29.56402471569677,13.374513638769649,-3.8645004954114284,0.5633802816901409,6.233138981507529,31.495606227739504,25.262467246231985,29.49071234779003,497
695508,"Cauley, Cam","R","69.78480898",30.554209430378407,11.560929575753482,7.01712732187896,0.6326530612244897,-0.16349577165519777,29.55839949960179,29.72189527125699,30.167837936963068,49
669208,"Bliss, Ryan","R","69.768816316",30.067582512528837,8.213759797432745,6.4086713804958215,0.5263157894736843,0.8425348255650249,23.268033463008877,22.425498637443845,26.230383779519236,19
666152,"Hamilton, David","L","69.746182242",33.27427856024763,5.730633727524241,-1.857531009897565,0.37272727272727274,6.704066754962769,27.98302268655466,21.278955931591888,29.794317146657253,330
683953,"Bazzana, Travis","L","69.736143382",33.41151051245087,11.03865284794689,-2.7186294982968744,0.4947807933194154,3.670596241889431,34.3023218930146,30.63172565112518,27.482372829965925,479
687551,"Gilbert, Drew","L","69.730162202",27.816526150601618,2.5336384845488924,-1.9443977136257125,0.36697247706422015,-3.8008784967292053,27.03045373538276,30.83133223211197,30.445826112150307,327
642020,"Robinson, Chuckie","R","69.706600976",30.406707301167504,8.591440062433808,8.397007127782153,0.5365853658536585,-8.695445848777808,21.564411501254348,30.259857350032156,29.33110954305416,41
592206,"Castellanos, Nick","R","69.700974852",40.670517067609715,15.623850160249752,-7.625573696323895,0.4641350210970464,3.137683921789518,32.287127439111664,29.149443517322155,28.713373536974753,237
693409,"Prieto, César","L","69.691767619",29.091830997578842,8.319409311255473,0.10455028542778866,0.5714285714285715,0.7444067915366184,29.43379096058384,28.68938416904722,25.820289407032558,21
641555,"Escarra, J.C.","L","69.660463813",28.2740854832466,10.17596338336505,-7.469093319710813,0.6043165467625901,-1.6628039984069962,31.78760099551059,33.450404993917566,30.28165761340011,139
655316,"Monasterio, Andruw","R","69.622969297",33.77322735292746,11.767340329482645,-5.257389320696906,0.581039755351682,5.828887736256695,35.09942061329312,29.270532877036434,25.113123362505238,327
691783,"Lawlar, Jordan","R","69.610964648",35.3770927137774,15.43215506232728,-4.79187321590667,0.5774647887323945,4.6437776453411646,30.945968794294686,26.302191148953515,27.804611170236022,71
669699,"Shewmake, Braden","L","69.580613899",26.999854593357,11.057588283104444,-0.14476617346985865,0.6981132075471697,-0.35326380760818865,28.837791731444412,29.191055539052602,31.51843427446761,159
701852,"Cavanaugh, Drew","L","69.578486081",42.94917878549205,7.333801412197994,2.0030651681120384,0.4054054054054053,0.3880828131906728,27.093930144788544,26.70584733159787,26.173470788580403,74
641355,"Bellinger, Cody","L","69.560228646",34.15425206399987,13.602981602008054,-0.7822939012342077,0.6200000000000001,-4.019270802343501,29.370094926079435,33.38936572842294,21.572026005894653,650
593871,"Polanco, Jorge","R","69.547144388",30.906463907794784,5.728199221975538,-7.607916654686678,0.4964028776978417,5.5064976834341905,28.584661881240187,23.078164197805997,28.130960887067165,139
640492,"Azócar, José","R","69.529214194",35.78595310692083,6.296815641344179,-5.556554566544893,0.32258064516129026,2.5342794580505896,30.79677030846789,28.262490850417308,28.188714402677782,31
677950,"Thomas, Alek","L","69.507790382",28.210629321895365,8.00751658670546,2.7723565407601383,0.5796178343949046,8.804353878330227,29.6635425550544,20.85918867672417,27.66293755292291,157
810938,"Williamson, Ben","R","69.480769941",29.27798270284332,2.928139147429234,5.021325442235675,0.35014836795252224,-1.4135303790544236,27.71236700225798,29.125897381312406,31.517157153806114,337
696285,"Young, Jacob","R","69.449360163",30.6043608059769,11.940202293155993,0.8531139388915999,0.6200466200466199,-2.302004263287448,28.097488077012052,30.3994923402995,31.06807552557045,429
605141,"Betts, Mookie","R","69.434502636",32.92230703344355,8.002953312684665,-5.576625964576468,0.5760869565217391,6.301080259915203,33.029952245816645,26.728871985901446,29.594573126991026,368
675961,"Williams, Alika","R","69.406541812",36.38373136803609,8.15661814091951,-7.431902108514278,0.46376811594202894,0.06088160012410972,32.36015388144908,32.29927228132497,25.833184536768037,138
595978,"Hedges, Austin","R","69.396297946",26.046821531016864,9.399946200158018,-7.249483203687783,0.674107142857143,4.307217930942569,35.83340153097312,31.526183600030564,28.871630199112698,224
807712,"Keaschall, Luke","R","69.35526687",36.8488994627625,10.91938160894147,-4.712270604371048,0.5137795275590551,7.869393454784804,33.29746694127049,25.428073486485697,27.1970402196283,508
502054,"Pham, Tommy","R","69.342765417",30.609605616980684,8.010180818537222,10.6577433206639,0.7083333333333333,-4.50325189180036,26.047528277616305,30.550780169416665,28.959193551352026,24
691594,"Sanoja, Javier","R","69.320232412",22.07015600028051,4.734599317618932,-6.806492821657456,0.5000000000000001,8.28882180046814,30.281237970525254,21.992416170057112,26.092584559967452,398
571912,"Maile, Luke","R","69.302668",35.38534604344151,11.916313349112894,1.5450982479110837,0.2666666666666667,9.603136617388957,33.42502795750998,23.821891340121027,25.67155717453575,15
686475,"Tolbert, Tyler","R","69.277879899",28.26383282555096,5.502506745148455,-2.372645358325752,0.393939393939394,-0.24553728972550692,31.55144704479477,31.796984334520285,24.984599001241158,99
702332,"Durbin, Caleb","R","69.275655068",28.638647166905685,9.921471747872625,-2.589659854605274,0.6194174757281555,-1.0900700814717206,29.556763745946643,30.646833827418373,26.158053684781695,515
695490,"Arroyo, Edwin","R","69.270793516",35.90188655548191,13.956777359117764,-4.596191485502045,0.4611872146118721,-2.470638818620939,29.195121457241285,31.665760275862223,26.09652303829624,219
624512,"McGuire, Reese","L","69.261563125",31.006689225191632,10.53739632491029,-4.154988337156619,0.41666666666666663,-1.6853340877231002,29.585523245232352,31.270857332955455,26.63267816189587,48
678489,"Barrosa, Jorge","R","69.23828823",26.212794683900245,14.237645403370491,-2.956605243222788,0.5550239234449761,2.459033941949364,29.563917390377338,27.104883448427977,27.286778324150287,209
678391,"Vivas, Jorbit","L","69.203231268",32.77469432268164,6.8906846006169955,-3.1101015811098205,0.4424778761061946,-4.000695524714883,29.164794389532712,33.165489914247594,25.461838594137976,339
680700,"Palacios, Richie","L","69.181897947",25.59899915656234,7.462653215966606,-4.765502401141095,0.5157894736842105,0.6050492791871686,31.982751238606806,31.37770195941964,27.488536606045404,380
500743,"Rojas, Miguel","R","69.130955812",30.05346171002212,8.01283050398998,-8.286647303800844,0.47863247863247854,8.423928361124924,37.24131257234476,28.81738421121985,27.549109303334674,234
665828,"Cabrera, Oswaldo","L","69.119022667",32.757800504843615,7.212569969588044,-0.0007068013818643526,0.4666666666666667,1.2635410774873703,31.90392930438938,30.640388226902008,27.54733324010277,15
668885,"Martin, Austin","R","69.098111938",38.309354033392886,11.050433979415942,-1.8076487238202277,0.5400516795865631,-0.1026835046199028,31.356522419337427,31.45920592395732,26.225366586350304,387
813841,"Cox, Jonah","R","69.077088235",36.866650090996984,6.331985114417813,14.602157501185768,0.3921568627450981,-4.356776782615597,25.470571364720996,29.827348147336597,23.780896024080167,51
669701,"Smith, Josh","L","69.066965022",35.04148808724517,12.234550383834904,-5.974443424582056,0.48017621145374445,2.7591069240785795,34.17131788402227,31.412210959943682,26.0930605778664,227
687231,"Hernaiz, Darell","R","69.056549693",33.13996372788248,6.368630747658092,-1.4123074105335545,0.4035087719298245,-1.6719635243264572,28.46183772264095,30.133801246967415,27.028282475377754,228
643289,"Dubón, Mauricio","R","69.037161235",30.543885186927575,4.10073487007663,1.027459409817369,0.3808823529411765,-3.6408285138186276,27.49980970141591,31.140638215234546,27.496141647350612,680
807713,"Shaw, Matt","R","69.027751215",28.678446157189338,10.072979135321043,1.3962073012537592,0.6477732793522266,-1.76503911134069,30.02118343519349,31.786222546534187,27.428389199987436,247
687462,"Horwitz, Spencer","L","69.011622681",34.8766394205607,9.314677139716592,-3.181643717724104,0.4975845410628018,-1.7583238074837788,30.712447014234282,32.47077082171807,24.595483154098115,414
645277,"Albies, Ozzie","R","69.002591202",34.93420518087714,11.938865414047457,-5.098424177995534,0.5762273901808788,3.537400816764943,37.823086407475536,34.2856855907106,20.500680202067436,774
679845,"Loftin, Nick","R","68.991942211",30.33985372413018,8.487578105352615,-6.394307478375516,0.5510204081632655,2.9151407065922395,32.198124409930095,29.282983703337862,29.545221834451432,294
624431,"Trevino, Jose","R","68.947421909",23.36026299091386,9.102968913966183,-2.9840551333441576,0.6909090909090908,9.88104280089028,29.687104003493474,19.8060612026032,32.55683253646747,110
681198,"Rumfield, TJ","L","68.931564815",36.297775594306074,10.187152170862468,-3.6538783610864467,0.4598765432098766,4.266577562512272,32.7870196551249,28.52044209261262,24.43856264306673,648
660644,"Bruján, Vidal","R","68.930750556",27.66023920114693,10.8018121540485,0.7630791958097441,0.6666666666666666,0.592270930728737,30.410918209934064,29.818647279205322,27.833438229778604,18
691740,"Susac, Daniel","R","68.922873429",39.24522737911172,12.561223648550463,-3.856234730294023,0.47619047619047605,6.682504895532123,34.85606858876937,28.173563693237245,29.80729637528748,210
702222,"Crawford, Justin","L","68.85687537",29.189791434687173,3.3142151099074715,10.661850424159796,0.39658444022770395,-4.3187214837799806,21.38176228051882,25.700483764298806,33.939815213593825,527
514888,"Altuve, Jose","R","68.830408474",28.097965479546126,14.251104524560844,-1.9803259070355648,0.5422680412371135,16.77101677200481,27.821010628702336,11.049993856697524,32.50331434863792,485
676609,"Caballero, José","R","68.811912743",30.594817766443366,10.150741842760912,0.19524428856011358,0.5298507462686567,15.417501777305832,32.76869735274614,17.351195575440297,23.812492246849832,536
669397,"Allen, Nick","R","68.78648869",26.752361731819065,7.7472680878773446,-5.145908282160419,0.5724137931034483,6.153005101054494,33.79174457736605,27.638739476311567,26.802192446961957,145
664702,"Straw, Myles","R","68.775247876",33.74627939113003,7.371594943513344,-2.241158061514839,0.5486725663716815,1.378011554026365,29.274642375771876,27.896630821745514,25.056656529126418,226
643396,"Kiner-Falefa, Isiah","R","68.756429703",29.705785982177254,6.16248821804737,-2.9453013071343785,0.43069306930693085,4.502739590561376,32.12597396581967,27.623234375258292,26.502776881520568,202
642086,"Smith, Dominic","L","68.751510221",31.18211349572888,8.499397882871476,-4.9110379744781225,0.5024509803921569,3.1838442850630244,35.8454674077163,32.661623122653296,26.570690816126078,408
700337,"Quero, Edgar","R","68.747082083",28.37671676674291,4.901457098234676,5.3044606035443405,0.5069444444444445,-3.6858972449663803,26.055224576320295,29.741121821286665,29.976056157008408,288
656716,"McKinstry, Zach","L","68.714112471",38.155061506872165,8.26719363397264,0.7357844692713823,0.4032634032634032,-1.0213260588214623,28.07085283654085,29.09217889536231,25.493925608285295,429
685133,"Meckler, Wade","L","68.697515594",40.547010073764774,12.467439118080268,1.3859924196202216,0.44059405940594054,19.71820981108453,31.516106405566337,11.797896594481806,24.652750565945507,202
543760,"Semien, Marcus","R","68.682983504",33.58668271219623,14.866775011068098,-3.1681283893365975,0.5876106194690264,1.983886810592898,29.601328484491326,27.617441673898423,23.144764099257213,565
683679,"Rodriguez, Jesus","R","68.669701918",34.984402785930754,7.957281375093892,1.2593356964811795,0.43835616438356173,-4.445896222132409,28.839857747794486,33.2857539699269,26.087406879083815,73
686765,"Sogard, Nick","R","68.629596596",31.60394425233795,14.420482809284264,-6.305580799975728,0.48936170212765956,21.391338892585743,40.174863852077735,18.783524959491995,27.354068596664998,47
682729,"Clase, Jonatan","R","68.597694878",38.00537492416657,5.351780316849941,0.9381292005308427,0.5609756097560977,1.0169278578247294,30.009016637373982,28.99208877954925,24.92276773175403,41
682877,"Brito, Juan","R","68.583394412",31.989794846357483,13.467160171533745,-8.84893532183058,0.588235294117647,6.057240958891206,35.213552111925104,29.1563111530339,26.7387318455079,102
672642,"Berroa, Steward","R","68.507935455",38.08832654336412,7.681015592544682,-3.855841403605114,0.36363636363636365,1.9566866664256677,28.64950140437634,26.69281473795067,27.107807608364283,11
683083,"Nuñez, Nasim","R","68.50449833",31.76767003362412,5.16135584345835,6.420772636065069,0.42300556586270877,0.6447650068367619,28.64106647000621,27.99630146316945,29.206169498730485,539
669364,"Edwards, Xavier","R","68.490150594",29.464570368032824,5.973532438745784,-0.897677033857005,0.4574638844301766,7.528334442402003,31.563601601800322,24.03526715939832,23.966133325898184,623
680977,"Donovan, Brendan","L","68.470440515",28.90415914576721,10.051653892326144,-1.7501657529720704,0.676470588235294,-0.7408250297149654,25.298783872830267,26.03960890254524,28.55366051280029,136
672613,"Alfonzo, Eliezer","R","68.456086667",32.275459942798186,7.813903853967661,2.670055129421015,0.4583333333333333,-7.629191800717051,21.39893467424399,29.028126474961038,29.248783157477376,24
687363,"Scott II, Victor","L","68.446258462",30.97580377640258,7.64402861489057,0.9854425722798382,0.4291497975708502,3.650636919189289,28.854900460760838,25.204263541571546,25.163972503858012,247
811965,"Kuroda-Grauer, Joshua","R","68.42989283",30.61621344937061,5.561938010137447,0.6654832248004128,0.4528301886792453,5.165941801951796,35.116120730091815,29.950178928140033,24.77902076863098,106
682515,"Porter, Logan","R","68.403365",33.516713191334354,11.165451815678841,-0.5456005648771338,0.5,1.5447512779970325,31.568188380228417,30.023437102231384,26.550535948181153,8
689414,"Hicks, Liam","L","68.394849667",31.727451671507673,7.446651267570771,-6.069388276641551,0.5155925155925157,1.7510966209683236,30.595912812003736,28.84481619103541,24.05670909596168,481
683737,"Busch, Michael","L","68.378720015",34.00447395481281,15.764083275573809,-2.7545065855916477,0.5081240768094535,3.669073304293063,33.28238945499312,29.61331615070006,27.916022645861233,677
808982,"Lee, Jung Hoo","L","68.367258475",38.942946899760386,4.440655586776477,-4.783406213731557,0.3900709219858156,0.8733894070221753,29.345555897091373,28.472166490069192,20.29966454806521,564
686823,"Brennan, Will","L","68.361984286",29.75641744931308,-2.354727371160221,3.0646186127135215,0.2380952380952381,-0.12030642028892136,27.424587503541893,27.54489392383081,28.295850069315776,42
686217,"Frelick, Sal","L","68.352366579",27.137962570477427,5.298652622795808,1.257954124341503,0.47846889952153115,-8.061539757145356,24.08683339827373,32.148373155419094,28.16450993330933,418
694876,"Ingle, Cooper","L","68.3435145",34.79325251257271,13.91075460574121,3.4163110057641672,0.37499999999999994,-1.0986628160436966,27.893026278012407,28.991689094056103,27.612545319076304,40
663538,"Hoerner, Nico","R","68.322469545",32.080859129874625,5.630283002452156,-1.2768027605862184,0.47252747252747257,-2.3450251074994104,25.837557962657126,28.182583070156543,28.858607486975803,637
643446,"McNeil, Jeff","L","68.314188569",35.19477290035045,6.890741108394012,-2.0562997007261834,0.3713768115942028,-3.7737703124881055,28.127112837154076,31.9008831496422,24.89614406855868,552
669289,"Espinal, Santiago","R","68.304278298",34.44231176721991,9.667943261782419,-0.6021944443513357,0.6276595744680852,-2.555787888726375,32.17153792785346,34.72732581657983,27.931820436233863,94
621493,"Ward, Taylor","R","68.274868995",30.980705370745785,6.255946403129658,-0.0863430018077446,0.46447140381282487,-0.8047086067655643,31.513070446392685,32.31777905315825,26.210235370448455,577
670764,"Walls, Taylor","R","68.229515745",33.398502972362294,13.676486855693133,-0.35988659176384896,0.6009615384615383,-0.19215439199218629,29.045622073077755,29.237776465069942,26.540125476343118,416
703492,"Morabito, Nick","R","68.208741053",34.51178447178309,15.090316473327489,4.134503570627435,0.15789473684210528,-4.055741742644026,23.669158758924294,27.724900501568317,28.441964915249976,19
669392,"Taylor, Samad","R","68.147684127",36.97430520710707,14.668167719703293,3.3441141193984194,0.523809523809524,5.753981774723971,28.4830160742343,22.72903429951033,22.707545592031703,126
645302,"Robles, Victor","R","68.146817358",33.73225141728004,11.616556117441235,-4.352647511508171,0.5751295336787563,12.615278930353016,24.30882027334305,11.693541342990041,32.6282576029158,193
596117,"Stubbs, Garrett","L","68.136271569",27.405628723921346,10.93676207916964,-6.138390557016376,0.4509803921568628,-2.2247822361298093,29.660976068996547,31.885758305126362,25.60854998320748,51
686452,"Millas, Drew","R","68.101450269",32.00472687142428,7.923721155815535,-4.464335971728839,0.4125560538116591,-2.608498085662854,27.87220378238218,30.480701868045035,25.402303066743634,223
665877,"Fermín, José","R","68.044597018",30.45769797921916,8.108126128242331,-6.030478319160454,0.6631578947368418,-3.5076167916976693,27.774178080765164,31.28179487246284,27.819151293484236,285
670156,"Mastrobuoni, Miles","L","68.024396316",32.56404766705614,6.033140836023933,2.6432675337764775,0.4473684210526316,3.9769380698534307,31.858447989724084,27.881509919870656,28.062260343513994,38
694384,"Schanuel, Nolan","L","67.999946158",35.26783580733618,7.42452434668883,-3.4282452659653364,0.49504950495049493,4.341386460260256,33.594549745751024,29.25316328549075,24.167600793235756,505
665926,"Giménez, Andrés","L","67.988036865",32.36667690294192,9.127419481638862,2.450267621426198,0.47810858143607704,3.0884433501689506,28.944219170949133,25.85577582078017,28.522956079580705,571
664954,"Sullivan, Brett","L","67.958847062",29.84808631098672,9.015738776088355,-7.0290315723560255,0.5876777251184835,0.6666655945618347,31.544427156514217,30.877761561952397,28.27917096243696,211
668942,"Rojas, Josh","L","67.88121869",30.730782585073364,8.19528710061618,-3.1590905621507845,0.4761904761904761,-0.26054735985958144,28.095204988527573,28.35575234838715,29.384117748252663,84
668974,"Handley, Maverick","R","67.778986667",36.139730719930135,22.562185558475544,-15.671455408983809,0.33333333333333337,8.122605608986374,42.13719356393194,34.01458795494556,26.93677953417778,3
650402,"Torres, Gleyber","R","67.768394103",35.0995668138559,7.365673495457297,8.580034731818674,0.528846153846154,-4.296934748453363,27.55741310494941,31.854347853402764,26.54170109064322,312
660688,"Ruiz, Keibert","R","67.644950973",32.968856461345325,10.864140053565105,-10.458909019052939,0.5866261398176292,4.366334057273916,38.70222346975921,34.33588941248527,26.01847232278676,329
678011,"Seigler, Anthony","R","67.619033141",35.04922026185793,11.112125436604252,4.653637012098263,0.5833333333333333,-0.6704501132687583,32.02889110898648,32.69934122225523,26.475826042349894,156
670623,"Paredes, Isaac","R","67.541372591",34.390199249084425,15.69582970862978,-12.880523538086184,0.5212121212121212,5.285089406500859,36.035533363556546,30.75044395705571,24.547227102625055,660
669369,"Johnson, Bryce","R","67.523990959",38.73854925467884,11.253031303821109,-1.0724501638425363,0.35616438356164387,0.060483253804563375,30.74098299538564,30.680499741581077,25.75158509956007,73
676694,"Meyers, Jake","R","67.510307906",32.515187203676945,8.554427396516799,-4.6448275351779635,0.5085470085470086,1.9057222779471745,30.90022503974343,28.994502761796262,30.39950018123345,234
676391,"Clement, Ernie","R","67.450288639",29.583944620609273,12.000988673495574,-5.370007027968802,0.6297468354430378,9.949693937990633,32.99708355020355,23.047389612212925,27.434917012019284,632
669221,"Murphy, Sean","R","67.406686364",29.274961560032956,11.27443718016783,-3.17423534923614,0.4545454545454546,1.8905103517867443,32.752193970680366,30.86168361889362,30.85324286063194,22
664770,"Lukes, Nathan","L","67.256260839",31.0728287935047,6.606665777538683,8.079339048933948,0.4796163069544364,-0.7292987829900888,26.634751339522126,27.36405012251221,29.974169909641414,417
622268,"Walton, Donovan","L","67.24974544",33.77585955153263,13.15052346835649,-4.430633739371183,0.5440414507772019,5.379111563126881,35.22986037805806,29.85074881493119,27.287748558848932,193
663968,"Mangum, Jake","R","67.224675502",31.41322586774392,3.831998765614478,10.286671374873551,0.3455598455598456,-8.603640155920012,20.833713708284602,29.437353864204614,29.293796620900437,518
623205,"Velazquez, Andrew","R","67.215237143",33.76646817314318,13.085984622695987,4.8888283030356465,0.28571428571428575,-8.39297990569091,23.37307851377579,31.7660584194667,28.914511214032856,7
669743,"Call, Alex","R","67.17769131",32.0479300424159,7.85750213836508,0.28904918275697267,0.4192139737991268,0.6084344475321982,31.20934399691169,30.600909549379494,27.783884774075467,229
672695,"Perdomo, Geraldo","R","67.038775076",37.72099841645511,8.956287680104124,-1.233767736796828,0.5431472081218274,6.315944330017659,25.612227410013073,19.296283079995415,25.19407480907901,591
506702,"León, Sandy","R","66.97671625",36.01927624425981,14.888835237013902,-4.765013880112724,0.5113636363636365,1.1888795239496517,33.89774336983679,32.70886384588714,27.495276851352344,88
805367,"Meidroth, Chase","R","66.958141102",30.892382428320783,10.718241091827412,4.298874320101174,0.5756578947368423,-0.4412909017233461,28.962340017043726,29.40363091876707,28.62901615478977,608
663967,"Salazar, César","L","66.920421667",32.46852974402973,14.714192740225489,-5.248912852270965,0.5555555555555556,4.537817224833196,32.40245520328058,27.86463797844738,25.32497745634874,36
664731,"Higgins, P.J.","R","66.754575952",30.424907639752043,11.439747938024482,-9.130653269091185,0.49999999999999994,7.454761172916221,34.92809880489112,27.4733376319749,29.922986301076065,42
687957,"Harris, Dustin","L","66.716332899",39.20408474404051,13.029673219691482,-9.146031952155795,0.43478260869565216,19.219027421492516,36.0861236767918,16.867096255299295,23.069025304561702,69
808975,"Kim, Hyeseong","L","66.67388215",39.81885918596524,8.168797320092404,1.6145079438781336,0.3878504672897196,-11.794002450938738,24.219748781582428,36.013751232521166,25.52109644065118,214
691907,"Cheng, Tsung-Che","L","66.527600299",32.57659874756298,13.896110366105876,0.7702917846641734,0.7014925373134329,0.6011254120165553,29.92170446496373,29.32057905294717,27.021089521194853,67
670032,"Lopez, Nicky","L","66.377694847",25.97150878307099,8.125793510411325,8.554112217422436,0.5851528384279476,8.852999269895987,24.080318283504052,15.227319013608067,30.040164947475034,229
571657,"Farmer, Kyle","R","66.317259259",32.558319734607764,12.068435801799284,-2.533922201689598,0.25925925925925924,4.168893807554004,33.59692631951414,29.428032511960133,26.073893371983637,27
663494,"Torres, Bryan","L","66.191615313",32.24374153642876,9.164416407129773,0.4655202988165732,0.5703124999999999,-2.512716746561159,30.05956587441995,32.572282620981106,28.712358918796852,128
681190,"Vásquez, Randy","R","66.15199",29.193528967296903,24.172047149498496,-2.3821905782430983,0,9.361450212305613,39.70012182967527,30.338671617369652,22.233063979158402,1
665561,"Marchán, Rafael","R","66.075370881",34.98359378490664,12.514367040807173,-5.3726685144514255,0.5094339622641508,4.363528728101582,31.57824863152204,27.214719903420455,25.660872130265687,159
681909,"Dean, Justin","R","66.056160667",31.972191712126424,18.005993687025757,-0.6138305781266623,0.4,2.8006252372152707,34.54534950651668,31.74472426930141,28.948835601343156,15
694224,"Gonzalez, Gabriel","R","66.034521429",26.24039970862967,-4.03216485709039,20.287875342626165,0.14285714285714288,-10.631157752048793,14.352107095299964,24.98326484734876,28.221400692058292,7
669717,"Wilson, Will","R","65.659586667",27.059115512346658,12.148131466636618,-1.3436786459508392,0.5833333333333333,1.2277878396522641,27.879191836880413,26.651403997228147,29.49457742812872,12
543877,"Vázquez, Christian","R","65.615978907",27.988474930286564,9.520708598314364,1.8724675154661106,0.5884244372990353,3.454374836830416,32.49228669876189,29.037911861931484,28.01863542746439,311
683227,"Freeman, Cody","R","65.574088148",22.62398893961683,6.286353838376029,7.081704099497495,0.6296296296296298,3.838705584528676,29.83074625817216,25.992040673643487,27.342983636894225,27
663611,"Madrigal, Nick","R","65.547330119",29.477801878454216,3.26385545030455,5.095170875702414,0.4047619047619048,4.637946741942788,25.29154520112652,20.653598459183744,22.423965320276196,84
623168,"Heineman, Tyler","R","65.436470052",29.68276405070016,7.677491092738593,-11.9178017202693,0.4870466321243524,6.743814365847466,35.74492270660204,29.001108340754556,27.17702071416677,193
660844,"Rivas, Leo","R","65.333424268",36.36250019940505,16.1319419185942,-4.533663388545191,0.5304878048780487,4.100453226492052,32.693359992965014,28.59290676647296,23.45113203861818,164
624428,"Frazier, Adam","L","65.29368753",40.14229891154154,14.04547842001722,1.7198506629330212,0.45180722891566255,4.669035487467621,25.554061805891376,20.885026318423748,22.189739554885954,166
666185,"Carlson, Dylan","R","65.193974",37.97248285623796,10.349310647554509,3.4257979825426466,0.2,1.2458029224703862,26.403640058160118,25.157837135689736,26.78131622290611,5
802415,"Simpson, Chandler","L","65.026336862",29.05180386291946,3.4739207896806175,4.847341049044496,0.3886639676113361,-4.6930771521602646,20.605110636509995,25.298187788670262,31.070054877410634,494
805779,"Wilson, Jacob","R","64.316103165",34.737124514189496,4.245041409554308,-1.225091882001704,0.37889688249400477,4.396971144359234,33.20457606171379,28.807604917354546,23.86313232709136,417
650333,"Arraez, Luis","L","63.280120337",37.28347930555446,9.117141583649637,2.65289021783514,0.5344563552833077,-1.0847943121105057,33.31159509031687,34.396389402427396,26.122152455793643,653
695670,"Ford, Harry","R","63.183375238",36.51182352813135,11.212916254404016,6.628067011034768,0.38095238095238093,7.9343545173939605,34.52251970536078,26.588165187966823,24.212710852188383,21
683021,"Stefanic, Michael","R","62.786901429",29.647125495084286,-4.086959552015108,17.512008169512097,0,-5.047783209528372,20.41592978682641,25.463712996354783,28.9360681161717,7
680757,"Kwan, Steven","L","62.775962095",36.21078249767655,2.2251672614789277,-1.339382719616493,0.3174946004319654,-1.1080435551196501,29.023455144488914,30.131498699608567,23.019750777862388,463
807747,"Nishida, Rikuu","L","61.724923714",31.91101608942201,5.5975614421576285,12.392187166894972,0.34285714285714286,-5.120786089813261,27.284231627835652,32.40501771764891,27.63286977446065,35