"id","name","side","avg_bat_speed","swing_tilt","attack_angle","attack_direction","ideal_attack_angle_rate","avg_intercept_y_vs_plate","avg_intercept_y_vs_batter","avg_batter_y_position","avg_batter_x_position","competitive_swings"
519317,"Stanton, Giancarlo","R","80.620201027",27.928917780557203,10.465511689567268,-4.249248846862946,0.6205357142857142,-0.9878568816488067,25.85092221597051,26.83877909761932,33.79211283221922,448
665833,"Cruz, Oneil","L","78.784484449",33.44867322640925,9.173858349586673,-7.292548965830317,0.47794117647058826,7.53953680167729,35.36773169528871,27.82819489361143,26.723138139493685,816
691406,"Caminero, Junior","R","78.537769633",26.21102382526187,7.998660224356183,-5.322043650880697,0.5939505041246564,7.6910205355416625,35.92782052530548,28.236799989763824,28.636935332181448,1091
656180,"Adams, Riley","R","78.30455994",34.636062968876296,8.452584134327875,-1.026635330164948,0.40399999999999997,2.1138205181188034,30.64440342994396,28.530582911825164,29.037886054229933,500
691023,"Walker, Jordan","R","78.069257522",31.415359295854575,6.175581936973641,-5.3248204428916095,0.47667638483965025,6.269504102845829,30.06573997023947,23.796235867393637,31.757730041018487,686
678877,"Noel, Jhonkensy","R","77.867274118",29.096531853284816,6.732518842787217,-5.0123440502368295,0.43137254901960786,6.747904456385581,35.6875894904174,28.939685034031825,33.51585357100833,306
666176,"Adell, Jo","R","77.613888062",33.82998979987912,7.9953683418166515,-5.8742035686432175,0.49515503875968986,0.06296637958043094,26.147007207224814,26.084040827644372,28.09498859688565,1032
695506,"Caglianone, Jac","L","77.409733367",28.47434796538678,8.531603092810688,-4.051575848107649,0.49489795918367363,10.972573797632137,32.860346957297935,21.8877731596658,28.979239029995572,392
656941,"Schwarber, Kyle","L","77.316244517",30.313744154311635,14.573284542712004,-5.794832329293639,0.6432337434094902,12.35007892327338,33.42247019586004,21.072391272586657,25.299059756177797,1138
671286,"Rodríguez, Johnathan","R","77.272999919",31.58991054857762,7.346176027115058,-2.5985974402848435,0.29268292682926833,5.147732473881791,34.823201183645715,29.675468709763933,29.067648756292215,123
701762,"Kurtz, Nick","L","77.216198269",39.08201892392703,14.221900629166969,1.8175999422209093,0.48076923076923095,1.3216538580427908,24.753803551682182,23.432149693639392,27.741253815479016,728
695657,"Montgomery, Colson","L","77.0448783",32.84445104779426,11.501777223987775,-8.664327096139676,0.5242914979757084,2.615782130391853,34.85754092018734,32.24175878979548,28.116495956535683,494
592450,"Judge, Aaron","R","76.992197803",38.42581868290558,14.07929036350316,-6.045215135255591,0.5083743842364532,4.3164197104962465,30.55469974686863,26.238280036372387,33.0966693772987,1015
665489,"Guerrero Jr., Vladimir","R","76.664463484",27.40009079935084,1.2420512464952638,-4.4212065152221784,0.3063646170442288,6.57606136450804,34.41593864641529,27.839877281907253,28.987232988700104,927
670242,"Wallner, Matt","L","76.567157042",28.22117163820362,12.50809010591354,-6.20616617368073,0.5656565656565656,10.569006066341611,37.3337060842318,26.76470001789019,31.355995478505456,693
641343,"Bauers, Jake","L","76.452483468",34.46441684631698,12.056851472652905,-2.9682292075854897,0.49999999999999983,-0.25991153253989147,29.40599213760142,29.665903670141308,26.45737299152266,346
677594,"Rodríguez, Julio","R","76.437334686",31.724891625326837,6.907679393596663,-1.444045942252406,0.46369636963696376,11.956969934439583,32.28875414351429,20.331784209074698,29.70519577120189,1212
660670,"Acuña Jr., Ronald","R","76.414268656",38.71279583046432,11.874335218131355,6.162005269424573,0.5091937765205092,-1.0701375459309221,30.199998845873605,31.270136391804524,25.480626678605628,707
670541,"Alvarez, Yordan","L","76.132676551",36.68460470327867,10.175033475917195,-4.940212250779223,0.40506329113924044,10.379923108811218,36.07786474508412,25.697941636272912,28.1658404533225,316
669003,"Mitchell, Garrett","L","76.117896017",31.70311839418957,9.975928342194297,7.294486657433073,0.6440677966101693,-4.218188965829457,27.661183976880313,31.879372942709765,28.027923046974326,118
656577,"Jackson, Alex","R","76.106544651",30.832961217004083,11.663602325483676,-8.658998713000539,0.5116279069767442,4.706719973070747,35.450039973972935,30.74332000090217,27.304140274967374,172
695578,"Wood, James","L","76.045597784",39.682356984557266,11.10130858710379,1.919168204408731,0.41885325558794956,1.708581555965978,32.678243990804766,30.96966243483879,30.13312259180936,1029
575929,"Contreras, Willson","R","75.993222084",32.78148699427174,9.4311763013812,-1.768573933279409,0.47300215982721383,5.327616524712821,27.943322231996664,22.615705707283837,30.31233876046456,926
666624,"Morel, Christopher","R","75.970519783",27.261689743097445,14.924126944167538,-9.237585658736267,0.6865942028985509,7.012929108426489,34.455585802205505,27.442656693779018,26.379975799848317,552
672744,"Canario, Alexander","R","75.96625729",35.16700771613607,13.555756379193264,1.9054868804328506,0.4789719626168225,0.6362603495896078,28.94967863188154,28.31341828229192,27.544641136004923,428
663609,"Baker, Luken","R","75.965784615",28.95888678115374,10.079584781837672,-4.969543068514598,0.6769230769230768,4.7215997587231024,31.359949574165594,26.638349815442485,28.840734710332725,65
680718,"Barger, Addison","L","75.928020187",28.80956382711221,9.064356337093457,-4.995597266724772,0.5099415204678361,-1.6682471849543925,31.52878073775632,33.19702792271072,25.471787423449566,855
663586,"Riley, Austin","R","75.887103088",32.171172941954175,10.839407652554552,-4.4705967319190005,0.45625000000000004,6.746037709035646,35.58461162045766,28.838573911422017,28.165670801381697,800
595751,"Alfaro, Jorge","R","75.876752955",35.526878278678424,3.6849867873543682,6.852939162264867,0.36363636363636365,-3.9219972439395008,24.48856484541573,28.410562089355235,26.494553339772217,88
660821,"Sánchez, Jesús","L","75.851158487",27.846344695775183,7.114634655420621,-1.7801513176787889,0.4818401937046006,8.702681116236125,35.02893739884836,26.326256282612245,28.42052650929087,826
660271,"Ohtani, Shohei","L","75.848867685",36.935268283849034,15.0282198481755,-2.008836709006549,0.5326370757180156,-1.3902365485919357,27.595199829033735,28.985436377625675,31.931798658016543,1149
669432,"Rogers, Trevor","L","75.81402",37.34545786061474,11.347829700058389,-16.397222937696487,1,4.534557147721369,29.9769903968397,25.442433249118327,26.354368608045576,1
669194,"Nelson, Ryne","R","75.77985",23.020819229452933,11.958824111380784,8.728894433487648,1,11.322647666532866,30.14297210957395,18.820324443041088,27.746003349628452,1
677956,"Hinds, Rece","R","75.735458659",37.29856841726847,13.423054843541319,-16.269050346027974,0.3658536585365854,9.39873839739519,38.43839314020001,29.03965474280482,27.630381181117848,82
673357,"Robert Jr., Luis","R","75.613043555",36.518064796470014,12.167208968773298,-5.173875267912885,0.5394190871369293,-0.8051525489196155,30.483674700649267,31.288827249568886,27.195697144361755,723
662139,"Varsho, Daulton","L","75.60905042",29.77806208032493,12.893921866726092,-3.7781966978716506,0.6238938053097347,-0.8196580863280444,28.05236418602272,28.872022272350772,25.995640636787474,452
682985,"Greene, Riley","L","75.60623192",44.61240496741287,13.8752982330312,1.2343969771376588,0.4358565737051793,2.154543378560306,32.03076309095904,29.876219712398743,24.652797116024736,1255
676812,"McCusker, Carson","R","75.533286078",39.26196310001991,15.854198169740762,-3.7226298225090972,0.3921568627450979,3.681271092735131,28.53798811053068,24.85671701779555,32.64861823945437,51
694212,"Basallo, Samuel","L","75.494351542",29.99472050549662,9.701025541940005,-1.6124984281290824,0.5841121495327103,2.358921645835087,34.139578121713996,31.780656475878903,24.583737904515875,214
663662,"Cameron, Daz","R","75.437083867",32.754533185262126,5.101902391097886,-7.440148995615798,0.37333333333333335,5.040051206349925,31.30450429737428,26.264453091024354,27.259457721253206,75
683002,"Henderson, Gunnar","L","75.340720999",29.027434710468317,8.476002762860597,1.0064689756273886,0.5098963242224316,6.75081212924464,33.41835339001456,26.66754126076995,25.816405320983908,1061
686948,"Baldwin, Drake","L","75.302231992",31.68899222781591,9.352265242318646,3.1501254531215857,0.480719794344473,2.1463285644909615,28.719501721339785,26.573173156848814,28.21612681122981,778
624413,"Alonso, Pete","R","75.256778967",33.824234622961455,10.120207279092039,1.0611599501945441,0.5984112974404233,3.865574349701243,28.26339091891313,24.397816569211887,27.142813707928426,1133
663728,"Raleigh, Cal","R","75.240044431",34.310897638604466,17.86166745181776,-8.218157306014849,0.45163806552262076,7.496257289295143,35.95156896024095,28.45531167094579,24.49227056104079,1282
656541,"Hilliard, Sam","L","75.231027238",25.41655427606293,8.83995435566675,-2.747013497090323,0.49523809523809537,8.688157891881767,34.325322433576474,25.637164541694727,28.596853205201725,105
682663,"Ramírez, Agustín","R","75.23016891",25.177125204980644,7.312355851393983,-2.912382032686763,0.5322751322751323,2.0811429214953368,30.343104752967445,28.261961831472107,30.154808550845008,945
663624,"Mountcastle, Ryan","R","75.209663473",36.01840610769744,7.36011122978238,-1.0798127497162144,0.40376266280752543,2.0098553353100685,27.594325650667418,25.584470315357343,31.116298606319315,691
701350,"Anthony, Roman","L","75.14686412",30.097268967689363,10.639293750743267,-1.327217089004556,0.5277108433734939,7.054215567273854,36.03692715998847,28.982711592714626,25.388379452563683,415
671213,"Casas, Triston","L","75.123075737",36.013592906574786,15.020794822059324,-5.20326604219787,0.4368421052631579,0.480789514696403,32.804853919119836,32.32406440442343,29.497794833683816,190
672356,"Arias, Gabriel","R","75.07646303",29.076045230617346,9.727772887340212,1.2032604711156487,0.5367727771679472,5.266487707361553,34.41051826248461,29.14403055512306,35.60733784624777,911
621439,"Buxton, Byron","R","75.034829251",34.037258964912986,14.115132053393253,-6.2341449585281925,0.5792291220556742,4.675556076565207,28.24010095412071,23.564544877555488,27.764556111202406,934
669065,"Stowers, Kyle","L","75.003284631",33.87021867822276,11.619666485816566,0.31328232926442634,0.5233415233415233,1.8863901192779537,31.495004490475285,29.60861437119733,29.310556791584712,814
805904,"Cole, Zach","L","74.976982051",31.670888947912434,9.882834995401094,-1.064539283873338,0.4487179487179486,3.072122418400283,24.423941150580884,21.351818732180593,29.11788437963046,78
691373,"Garcia, Jhostynxon","R","74.966657143",38.356639903017054,12.63086765320088,2.1693021361601477,0.2142857142857143,0.8680892883292586,28.04861636969706,27.1805270813678,25.194343343063764,14
656305,"Chapman, Matt","R","74.95186142",25.35009258873673,5.59907888214463,-3.8344804708417715,0.5327669902912621,-0.9418090921027276,27.443528370981515,28.385337463084237,29.81118849470134,824
680769,"Alexander, CJ","L","74.881265313",36.54697401342002,12.720022685993252,-9.381428456149026,0.5625000000000001,1.8307145216701841,35.290556952886874,33.459842431216686,28.103959172613617,32
695600,"Jensen, Carter","L","74.87881096",26.57313551201877,3.46567361002857,1.7552917024921428,0.416,10.902662432214779,36.048278059844,25.145615627629216,27.06451926310303,125
687515,"Thomas, Colby","R","74.815456818",28.85992211273317,11.638337640075699,-5.0304662828061,0.5578512396694216,-1.2580264759114868,28.45583212117543,29.71385859708691,27.35516137458545,242
683146,"Baty, Brett","L","74.80152152",35.46719956518596,8.440326356430806,3.734583715850022,0.4755927475592748,-3.3811228331677556,26.65933238012651,30.040455213294262,30.264337954601498,717
683357,"Caissie, Owen","L","74.785902182",35.169834197599094,8.232058702635022,-0.5756643602208791,0.45454545454545464,1.8470415999748997,31.990268876879963,30.143227276905062,28.812883261747878,55
685301,"Gorski, Matt","R","74.7819525",31.45755579930066,16.488814649739453,-4.392190292735654,0.4625,7.817759157319606,37.16367609264089,29.345916935321274,27.718085348579525,80
680776,"Duran, Jarren","L","74.780223881",26.551073181921836,5.566577667190737,0.18173493465112733,0.4449541284403669,3.1645917362873384,31.71184313675603,28.54725140046869,30.50011775356838,1090
657757,"Sheets, Gavin","L","74.776802238",27.541411412375318,8.395073987982872,-7.481557752534964,0.5393013100436682,4.85193097576556,34.10503837298191,29.253107397216343,29.156159017608235,916
642133,"Tellez, Rowdy","L","74.750592416",29.764902418810408,8.037565855838295,-7.697074856895115,0.5465346534653464,7.796770672138014,35.2627478148952,27.465977142757186,25.95007136074658,505
691723,"Mayo, Coby","R","74.732967813",35.56727647841259,10.839508467554257,-16.577562732214073,0.4508928571428572,10.977008565804882,35.68401609959744,24.707007533792567,27.559904139993645,448
682998,"Carroll, Corbin","L","74.653640647",25.737202954732616,10.98424928190069,-3.3399297011853166,0.6839186691312382,5.977992253994855,36.6406331450027,30.662640891007836,29.91106558614072,1082
669394,"Burger, Jake","R","74.646523071",24.945845634169906,7.60835700726663,-4.09096861797565,0.5339506172839509,7.866651625132586,31.554862163683445,23.68821053855086,31.76762145942308,648
606466,"Marte, Ketel","R","74.616460948",32.02875953489807,10.146319081936298,-7.192869882541299,0.6149289099526066,6.668725414778756,36.76531551423394,30.096590099455184,22.866161516884635,844
666211,"Trammell, Taylor","L","74.565880688",29.996630436261952,11.462800626369438,-4.263178249047314,0.4770642201834862,0.4151450910346384,30.06398041880203,29.648835327767394,26.385642694248624,218
692585,"Fernández, Yanquiel","L","74.534854241",28.602225411168284,10.56605409710883,-11.419695779257257,0.5551724137931036,9.196154198751568,36.38487821431398,27.188724015562386,27.68785496276717,290
666464,"Encarnacion, Jerar","R","74.525672857",38.39498681087751,10.920344105479565,1.0412910286229766,0.49999999999999994,4.247235193313273,32.076656895867835,27.82942170255457,29.087710204162597,84
592669,"Renfroe, Hunter","R","74.511787152",25.603688236385914,9.071102999756533,-6.667538726519082,0.642384105960265,8.184879247832656,37.00686060109088,28.821981353258217,29.13334234202321,151
701358,"Smith, Cam","R","74.498750667",38.093791142990796,7.510809831162324,-1.1970335251879913,0.39322033898305087,4.032137283018136,29.394083260082297,25.361945977064167,30.34672511238831,885
682829,"De La Cruz, Elly","R","74.485111062",33.65165362233352,8.295005150584931,-0.2622772868076724,0.494921514312096,8.006368407276067,36.961630101534666,28.955261694258606,29.94228076872031,1083
592518,"Machado, Manny","R","74.470258042",26.497642671071187,7.586844829369014,-0.32462469580290704,0.5459915611814343,6.141757747211257,30.810499034528732,24.668741287317477,31.086610302750366,1185
668723,"Vilade, Ryan","R","74.439548966",33.70773649493316,-0.7900432979592164,5.18821412093585,0.03448275862068966,-3.63489276489418,28.91364119605283,32.548533960947005,28.98320419949827,29
656484,"Gray, Tristan","L","74.432102482",31.27406391499943,8.226650572477979,-11.12545058392898,0.4751773049645389,3.136894072444831,33.41513608696155,30.27824201451671,29.482685236806258,141
676044,"Seymour, Bob","L","74.398529627",35.566824731192966,13.15946013001416,-0.9629562959089208,0.5671641791044777,4.973711697858902,34.048498952298715,29.074787254439823,27.227435375714872,134
671056,"Herrera, Iván","R","74.395397681",32.00443775643806,8.70414444472582,-0.5050417455093688,0.4779516358463728,-0.36786737009797316,31.503344338412955,31.87121170851093,27.455339550214397,703
696100,"Goodman, Hunter","R","74.380206309",25.244052477322374,13.394187699348665,-7.25015235084763,0.6106280193236714,10.093033401052159,38.77161917374245,28.678585772690276,29.525276039271056,1035
665052,"Conine, Griffin","L","74.353790863",28.22263364226474,11.86612183602587,0.9546183575269739,0.46762589928057563,-2.23370131720382,28.89119751710202,31.12489883430584,30.481858388125335,139
677951,"Witt Jr., Bobby","R","74.344038676",28.598037289029907,5.114763855071379,-0.27110924958641114,0.4729729729729729,0.33995066294229626,27.798591953654803,27.458641290712496,25.226492043503665,1110
683770,"Robertson, Will","L","74.33359184",28.73457145188049,10.144230186711617,-5.524855826630892,0.5760000000000001,2.773049704095752,30.926966885542136,28.15391718144638,26.277587347718885,125
671739,"Harris II, Michael","L","74.324738145",30.76058538623988,6.900836829239866,-0.9796241491416886,0.5041938490214353,-0.21964857465852944,30.78674209662595,31.006390671284482,28.526958167712515,1073
667690,"Stubbs, C.J.","R","74.316933333",33.53706605033036,10.4750681360664,-3.444331128151857,0.6666666666666666,8.980987183241703,37.235072912995676,28.25408572975397,29.116213271360397,6
672016,"Clarke, Denzel","R","74.2957655",31.1104594549965,4.24725735648126,2.0571864992706907,0.44615384615384623,4.2927012671145,27.888134555601734,23.59543328848724,27.398511869682903,260
663698,"Bart, Joey","R","74.257741902",34.08105486856437,8.69241014340985,-1.1525187940497585,0.4358974358974359,2.8647540259069206,33.61656974342257,30.75181571751565,28.644963080829413,468
663853,"Gonzalez, Romy","R","74.255691322",27.58342457460943,5.8512804950196395,3.776911535014394,0.45593220338983054,-1.9941204483275223,26.295020818286385,28.28914126661391,28.457852785100954,590
671284,"Elko, Tim","R","74.192130234",34.425293284886266,10.291644605548605,2.9910049970537376,0.421875,-1.5750100284119122,28.145927437390988,29.7209374658029,32.610367715071,128
547180,"Harper, Bryce","L","74.188664105",35.5407543430114,11.577264903442998,-2.2162685223405205,0.46176185866408526,9.636738893388129,33.19569535334529,23.55895645995715,29.460070719572855,1033
677592,"Pereira, Everson","R","74.159120656",30.741969555730968,15.91346912433677,1.753166341946531,0.5901639344262295,-0.5796206717415514,28.328455530471135,28.90807620221268,28.383803056110718,122
691785,"Mayer, Marcelo","L","74.121970132",31.918685809980502,7.481637439844075,-2.8169759600494215,0.43421052631578955,-0.6568874199015866,29.714853866561143,30.37174128646273,27.45719771669388,228
572233,"Walker, Christian","R","74.121950838",29.420557373286908,9.079080157886844,-4.633578086522534,0.5133967156439067,2.8361307160744964,31.447010492055156,28.610879775980656,26.29557561651076,1157
677800,"Abreu, Wilyer","L","74.113350443",31.193213060283295,9.476993186120563,-1.249664652785734,0.5758389261744968,1.5407770634582738,31.366335815985423,29.82555875252714,26.570340799222215,745
642215,"Wilson, Weston","R","74.060964902",34.46993482971522,15.09815070947255,-4.5872818811597105,0.5882352941176471,5.801013689393653,31.882038502405766,26.08102481301212,28.192090548443787,204
691176,"Domínguez, Jasson","R","74.059258804",31.353856364559306,6.4739984131281725,-3.567943156311508,0.4642392717815346,2.149164827670673,30.128580638276,27.979415810605325,23.9987742010782,769
663898,"Rodgers, Brendan","R","74.051313251",31.55026776362344,9.86185722370877,-8.214705181712304,0.5615763546798029,10.92153829302124,36.04933500178744,25.127796708766212,28.639670988425788,203
545361,"Trout, Mike","R","74.049968238",36.37295355759373,7.5884805591379285,0.15922148273217013,0.4480746791131855,-5.6719784941653515,24.26959821187488,29.94157670604023,25.300012347567044,857
641857,"McMahon, Ryan","L","74.025842228",38.8426595794017,13.108851706181811,0.8560949288924149,0.47452547452547467,2.759374273512436,26.76309082584509,24.00371655233265,32.03037079180328,1001
676724,"Young, Jared","L","74.0180245",28.73693696082478,9.794293943345497,-2.9632996228002226,0.6375,6.956503854548479,30.70133707716334,23.744833222614876,28.53172098342788,80
624585,"Soler, Jorge","R","74.017521644",33.55880316512934,8.424507456858189,-7.75412767030896,0.5261121856866537,-0.4342445359694982,28.174508536449906,28.60875307241941,29.01649553444344,517
671218,"Ramos, Heliot","R","74.003327959",31.508326741046517,5.956255253550776,1.5430436513963146,0.4723707664884137,2.6394429015289806,27.579312711462666,24.939869809933683,27.63509213583178,1122
682626,"Alvarez, Francisco","R","73.974980312",29.866251998784655,7.6803240456568975,3.1917240743043687,0.5011135857461024,1.155394425943579,27.034656709970353,25.879262284026765,27.671446338538974,449
665487,"Tatis Jr., Fernando","R","73.960078147",29.75012655660272,8.279362027327345,0.7742216170347126,0.5637065637065636,3.606792719561457,29.869383234220795,26.262590514659344,28.96148895979504,1036
691016,"Soderstrom, Tyler","L","73.955961735",30.55043788968513,9.565314599239361,1.228265909361043,0.5015673981191223,-0.7874872066157982,28.002545292937498,28.7900324995533,31.46359613882217,957
624424,"Conforto, Michael","L","73.955932287",31.99508830198669,10.179084891246282,1.1138299686491688,0.47784431137724553,0.6016054762462916,27.74512638865019,27.143520912403904,28.267225391908955,835
641933,"O'Neill, Tyler","R","73.952959564",35.82531160877766,19.082479930208937,-7.288812171745589,0.47093023255813954,8.490891449999237,33.70097465891054,25.210083208911314,24.87161270347307,344
680779,"Davis, Henry","R","73.948502821",26.34612476561198,8.57699095280784,-7.519096676127654,0.5505836575875485,-1.9777101444162968,30.39886769164313,32.37657783605941,27.67388529970676,514
621566,"Olson, Matt","L","73.94386164",33.87706731091882,8.729191744018431,1.1382565740215103,0.4824840764331209,1.348136616951895,32.50671443641316,31.15857781946125,30.529094911438698,1256
665862,"Chisholm Jr., Jazz","L","73.927217537",32.907197284164035,15.794919897026455,-6.0330199389224815,0.5675368898978436,1.403091109489078,31.638608597203056,30.23551748771399,25.82564737095915,881
545341,"Grichuk, Randal","R","73.906862718",28.32235701946489,10.167945866802798,-6.311245053936546,0.6454352441613588,7.19776714613054,32.23791171778159,25.040144571651055,28.459716658597586,471
669261,"Suwinski, Jack","L","73.892382657",34.546925478299514,13.968372207012456,2.5030969304306354,0.4464944649446494,-3.081253336025057,27.041052045734727,30.122305381759787,27.458581879050794,271
694192,"Chourio, Jackson","R","73.879173498",26.43930597307096,7.119695094407521,1.4378496835831942,0.5766129032258065,3.2071228560614378,27.951775432355205,24.744652576293763,30.415434926582133,992
670231,"Rave, John","L","73.854857249",25.117624651090004,10.86045612701942,-1.7967505230954373,0.7472118959107807,5.457479663665436,32.54593897416592,27.088459310500507,28.360811435859425,269
664040,"Lowe, Brandon","L","73.851873033",33.489270520950235,14.816653336333212,-2.573597100952381,0.4872037914691943,7.051700737967023,34.09797134482243,27.046270606855394,26.609439933688257,1055
670042,"Raley, Luke","L","73.824952081",31.475110387636075,14.419919325639311,-1.7095980464036769,0.5406091370558377,5.322369694461211,30.658698560660834,25.336328866199626,27.980674555882388,394
669127,"Langeliers, Shea","R","73.821159348",30.307823274800132,11.44836256779534,-3.1163459348551297,0.6141732283464566,6.498927366372352,33.66532601069828,27.16639864432593,29.6705098691198,889
621043,"Correa, Carlos","R","73.809263398",33.07141102872177,7.67107476090191,-1.5385780997948093,0.4174757281553399,2.6965931905183655,28.45567791912313,25.759084728604773,28.790557329134483,927
677595,"Mauricio, Ronny","R","73.800171012",29.18772085684003,7.367112590570733,-2.2786284104542354,0.52760736196319,3.0144621728709984,33.628344191654385,30.613882018783382,27.43089173524204,326
666160,"Moniak, Mickey","L","73.767395569",33.63617803680354,11.574158970144074,-4.329615029530655,0.4680851063829786,3.359453110818756,29.13159343549368,25.772140324674925,30.78387959378883,799
671732,"Butler, Lawrence","L","73.750274437",30.469040371239476,6.822237635852441,1.7060152119708765,0.44080846968238685,2.93387247406732,28.828008041777494,25.894135567710176,31.233727789957342,1039
543807,"Springer, George","R","73.735197845",35.1509120126727,13.171417478275634,-0.4174789704921507,0.5799782372143633,-4.6558929670544735,22.32586403920992,26.9817570062644,27.178511207519833,919
688760,"Crim, Blaine","R","73.668071293",29.17843265243803,10.269024746933585,-8.013212848449115,0.5603448275862072,5.184618074141401,33.79809185926999,28.613473785128594,29.954929748125906,116
668904,"Lewis, Royce","R","73.64248631",28.918526425778936,10.810128863784469,-7.6815151661315015,0.6837481698389459,3.991358715035721,28.562117765528104,24.57075905049238,26.489809009927562,683
663330,"Jones, Jahmai","R","73.642146245",29.763960309453033,13.015914616020758,-5.7611135443647585,0.5949367088607597,7.5535445890458,32.46757870702664,24.914034117980854,29.43690196428492,237
670223,"Mervis, Matt","L","73.634613893",33.75918038311265,18.870099222001194,-11.487212290076135,0.4961832061068702,7.61289906055897,33.69798516036148,26.085086099802503,29.25536304959472,262
700246,"Williams, Carson","R","73.631771742",34.06045468300002,15.33801162300941,-2.6577920826426324,0.5000000000000001,0.7353484672123193,28.10659987715534,27.371251409943014,29.24434498957923,178
687952,"Encarnacion-Strand, Christian","R","73.615431949",35.193670892692765,15.452109327503083,-3.965721569539146,0.6059322033898304,2.619702656064797,32.905755386501156,30.286052730436356,27.78622497169568,236
665742,"Soto, Juan","L","73.594467372",28.121171072881303,10.942524529906997,3.8272391219837862,0.658669574700109,-1.6328762851707146,23.22241957774385,24.855295862914573,30.25149559747894,917
672724,"Peraza, Oswald","R","73.589181359",26.25294044178505,7.55260529781433,-2.7167275618885913,0.5201698513800425,1.8563900174883996,29.509628142603468,27.653238125115074,29.658096375855667,471
676480,"Barrero, José","R","73.57536459",30.71185947530234,11.211160869795625,-7.027531624961106,0.45901639344262307,5.375397101929271,35.076047678535836,29.70065057660658,30.494826009515233,61
650490,"Díaz, Yandy","R","73.570977436",24.39931512212131,2.927583140163072,7.047136773253285,0.35342185903983664,0.5614902839347019,29.90152617451173,29.34003589057702,28.665182920901316,979
700242,"Sweeney, Trey","L","73.562700724",26.609684802901395,8.164357534523699,-3.241077740089081,0.5621521335807047,6.485772622461698,34.09266599822811,27.606893375766415,26.868086930859047,539
681297,"Cowser, Colton","L","73.556015217",39.14957772857374,16.079789419630107,-3.4251365475513067,0.45289855072463764,8.700105811244114,36.282853011379444,27.58274720013534,28.284200790229473,552
667670,"Rooker, Brent","R","73.555083458",36.280005801301925,12.260384152781999,-6.128013910021139,0.4515555555555556,1.4214719700919132,32.805604206489654,31.38413223639774,27.216434356785108,1125
669087,"Huff, Sam","R","73.550416042",30.354832038496212,10.943499357144866,-5.3234920878145315,0.5625,9.440200312971857,32.53494473349829,23.094744420526442,30.039513717083032,96
701305,"Dezenzo, Zach","R","73.543212011",39.72294897466909,13.78847793287707,0.961955820192075,0.47619047619047616,5.290910786757977,29.919262296142424,24.628351509384444,28.65147686177708,189
664056,"Bader, Harrison","R","73.527069449",25.41203527482148,12.018833677289619,-5.380915695845635,0.5005988023952098,6.4066664932319455,33.55214582930457,27.14547933607261,27.176196434621747,835
595879,"Báez, Javier","R","73.51512607",30.274105203854827,9.996602699461722,-5.612846546067037,0.5054200542005419,10.185186300631594,29.783219624807533,19.59803332417594,28.714867981396306,738
687529,"McCray, Grant","L","73.447475116",33.4610977329883,12.09797421624273,-1.4228198739264608,0.627906976744186,10.057273346718318,27.89763264320298,17.840359296484657,24.91704959523002,43
669224,"Wells, Austin","L","73.444409255",31.825676455561187,10.502981410447296,-5.6860263387163315,0.4993788819875777,-0.22281230240111272,30.549483722278318,30.772296024679438,23.643682090887673,805
663457,"Nootbaar, Lars","L","73.436411289",27.957504253656325,9.206797627343677,-3.1246011039469845,0.5539033457249073,5.624267362974914,34.745416162072175,29.121148799097263,27.861521840116744,807
676572,"Wagaman, Eric","R","73.418307545",27.903049306462155,6.875492995989852,-2.716845740969899,0.493573264781491,7.225099787299427,32.33022814107519,25.10512835377578,28.137473821037883,778
700250,"Rice, Ben","L","73.40694141",33.22592890095618,10.63320939403691,-5.956327310806949,0.5679487179487177,-2.376121700552785,28.471871276297822,30.8479929768506,28.504805587023995,780
502054,"Pham, Tommy","R","73.400016863",27.39741404206787,8.209091817564609,-0.9080766471007824,0.5186335403726708,1.2406966913866688,32.67087281693332,31.430176125546634,28.45818031497874,644
683090,"Lugo, Matthew","R","73.392001759",35.53100286938701,9.256577504052089,-1.6454134540303895,0.4907407407407409,-3.6510508198296883,25.145848182595188,28.796899002424876,28.44110043242136,108
804668,"Flores Jr., Rafael","R","73.387238056",37.45357256951797,20.96842193048068,-11.755083342891824,0.36111111111111116,9.382144829651901,37.962679839952266,28.580535010300363,26.275035493779317,36
673548,"Suzuki, Seiya","R","73.375762036",31.089550767967086,8.095177141476256,-3.1305629121237395,0.5045592705167175,6.50624609252796,34.521871716779806,28.015625624251854,27.831184346335448,987
592885,"Yelich, Christian","L","73.371502249",36.26571203059989,9.722014848128849,6.977573396301813,0.44402277039848215,-1.0227894008472456,26.732612349748898,27.75540175059614,29.9123471086608,1054
660162,"Moncada, Yoán","R","73.369936868",38.25123409849671,12.192241308992521,-5.409017978340392,0.4250559284116332,16.097968087404528,33.91407159829273,17.8161035108882,26.527123529822454,447
672284,"Kelenic, Jarred","L","73.369160769",30.818557405065807,14.173494913506378,-2.0323922819120157,0.6239316239316238,-0.18917216390234648,30.39896897890191,30.58814114280425,27.83921871520971,117
592626,"Pederson, Joc","L","73.365908548",28.287454487106984,10.003788580861174,-5.849904431540077,0.5643153526970955,-1.1073893150992369,29.74646561201408,30.853854927113318,24.61782434474597,482
681715,"Hernández, Heriberto","R","73.356787484",30.030929180073734,15.641042945930675,-0.8971166765544876,0.5579868708971553,3.9469212666544053,33.13880704424098,29.191885777586574,26.884747938614144,457
665953,"Chaparro, Andrés","R","73.340514063",30.81653826877119,9.3201612214932,-12.58899824910762,0.49218749999999994,6.2996497145267885,33.49248190746827,27.192832192941488,27.466972075759106,128
690291,"Jung, Jace","L","73.33938337",31.747841020827995,8.93949989859833,1.7719947673375862,0.4565217391304348,-6.006333574590302,28.57155735965611,34.577890934246426,25.831702761374455,92
678554,"Mead, Curtis","R","73.33674",32.730087248058084,4.825792974244682,-2.0967246630197423,0.4041570438799077,-3.1142145719555834,30.370744366229356,33.48495893818494,28.074572937473487,433
666915,"Dalbec, Bobby","R","73.335251875",35.18847416928144,11.54876020366631,1.1539536258339191,0.28125,3.018023982810846,30.779040863315412,27.76101688050456,27.67574561900347,32
692225,"Campbell, Kristian","R","73.292610175",34.667553308639235,11.295897176572723,7.9699952566693835,0.42750000000000005,1.5860123915394986,29.475162151742403,27.8891497602029,29.690344071724798,400
660757,"Gonzalez, Oscar","R","73.288247344",30.51461267443564,2.8922840435384742,5.729076554105314,0.37499999999999994,2.2401749340278,28.358480455373464,26.11830552134566,30.54063863519251,128
681987,"Eaton, Nate","R","73.280985435",31.876182916774823,5.6665599819637915,-6.028546809983461,0.4202898550724639,7.162519268820462,35.59904215446742,28.436522885646973,26.150330213464446,138
682622,"Marte, Noelvi","R","73.255035959",30.95408247519571,9.737334290700723,-4.252354329666792,0.6234887737478411,7.665586516569347,34.64126916010224,26.975682643532885,27.46172690576291,579
686611,"Crews, Dylan","R","73.253547563",26.48348106409988,6.578198806351502,-1.2556841993684391,0.48124999999999996,0.5304853851634991,30.446990304762714,29.916504919599216,26.246084907038572,480
572138,"Singleton, Jon","L","73.249194167",31.62988967660997,10.23882250425877,-5.088403025561978,0.49999999999999994,2.572507039767215,28.13123192697377,25.558724887206555,30.642668130915165,12
608701,"Refsnyder, Rob","R","73.244695518",31.92990177702093,12.201313233789152,-0.08009004397667319,0.6463414634146343,-1.3389838437642065,29.22874572752128,30.567729571285494,29.254844098386528,328
661388,"Contreras, William","R","73.244378802",29.233356302943584,10.615640332121,3.345269840341449,0.6568441064638781,1.668111478296494,30.208974537219873,28.540863058923392,27.958987826929047,1052
682634,"Alcántara, Kevin","R","73.242627368",32.876267412327564,8.146057390250245,-3.6558941656857975,0.5263157894736841,2.1032163554745207,31.062889144641876,28.959672789167357,31.33519743759707,19
694728,"Matthews, Brice","R","73.213564304",33.603107085577776,15.020247413824306,2.2680479180357094,0.49367088607594933,1.506922577719067,30.164295722777315,28.657373145058244,25.06523214491434,79
677347,"Paris, Kyren","R","73.204517928",37.387445120740686,16.220275188309696,-5.378045330587645,0.5045045045045042,-8.32824988006789,26.602831701898328,34.93108158196622,25.468254502401617,222
687597,"Beck, Jordan","R","73.199990499",32.73800851425896,10.711980595511578,-3.311356677695213,0.5180467091295117,9.977144146509632,27.628600305776036,17.651456159266402,29.47327953151513,942
642708,"Rosario, Amed","R","73.193435",30.089251264018742,6.446258701927132,-4.525044643231014,0.5064935064935068,10.731489487036693,31.536069972923915,20.80458048588723,22.65928745759915,308
670224,"Misner, Kameron","L","73.178206207",37.07924570251195,12.307299245886224,-7.415822613289422,0.5119363395225465,8.160342584430051,34.61606004624377,26.45571746181371,29.01243123629996,377
694671,"Langford, Wyatt","R","73.144246678",33.72230573986183,16.757424230825503,-3.10938562434824,0.4855555555555556,3.171155711074835,32.01583089822512,28.844675187150276,27.372052875228945,900
678894,"Peguero, Liover","R","73.141570079",25.026345061786998,6.885388895072228,-9.87395965726258,0.42063492063492053,5.480876824885012,35.695858789921296,30.21498196503628,26.58787966358684,126
669374,"Hiura, Keston","R","73.138188857",35.84970387360901,15.182533347980371,7.239911410367367,0.6857142857142857,-0.8529770633353152,26.02781461767643,26.88079168101174,26.922106085947313,35
687221,"Rushing, Dalton","L","73.124606441",34.15375006084369,14.042365110938842,-5.279207725486576,0.5720338983050848,2.5153865844887995,32.42745666414102,29.912070079652228,28.112429746218332,236
669134,"Campusano, Luis","R","73.121504737",24.303967942905757,11.620759466253416,-8.976297722504965,0.7894736842105262,2.219173185427831,29.384959927683276,27.165786742255452,28.987571783496712,38
691777,"Muncy, Max","R","73.121294712",31.155338873537286,9.33368460338406,-5.725424688055277,0.4876712328767123,7.60475930060249,33.09191084668346,25.48715154608096,28.233088427659894,365
686527,"Canzone, Dominic","L","73.110603774",32.10792042876243,12.140531194407501,-2.4710893574504316,0.5488069414316703,6.61392567537679,38.262720218319664,31.64879454294289,28.935974532504485,461
605137,"Bell, Josh","R","73.081846254",33.650462420051284,10.053861197436548,-2.9237134688732818,0.580427446569179,-1.9436957915090929,27.568809291901953,29.512505083411046,28.388340334381525,889
694374,"Tawa, Tim","R","73.081444615",31.815636784621383,11.122796086710448,-5.37213837157789,0.5412087912087913,4.974266192230804,32.592023468464475,27.61775727623368,26.04785612209912,364
596142,"Sánchez, Gary","R","73.055663655",29.399716969419348,13.331109148823339,-7.775339264127766,0.6206896551724137,4.059591452266526,36.87289106837804,32.813299616111514,25.679072617142396,145
679529,"Torkelson, Spencer","R","73.047568006",38.00504908142192,13.536550047003878,-8.030219878381244,0.5,-2.2610098235447755,30.683048219551885,32.94405804309666,27.978227338408725,1048
640459,"Navarreto, Brian","R","72.9857565",28.962654699782128,15.15804969488968,-15.017190981604884,0.6,2.5936262891868145,35.4208745659419,32.8272482767551,27.73851487056303,20
606192,"Hernández, Teoscar","R","72.943081924",31.90919779868134,10.359163223483634,-0.11251473488544067,0.5443974630021142,-0.26794313794854446,30.465091104296082,30.73303424224463,29.887693330099456,946
521692,"Perez, Salvador","R","72.939269382",34.18492283283383,12.445395959488025,-5.379188229604944,0.5630983463881637,0.8497416871403715,30.421032136984977,29.571290449844607,27.292213722852946,1149
672359,"Ornelas, Tirso","L","72.911762174",26.139369686039807,1.1534543276715545,3.4285092361791047,0.3043478260869565,-1.2655693251178248,29.319168730589023,30.584738055706854,31.653564715638783,23
663584,"Senger, Hayden","R","72.909828814",29.012156383857786,8.781453987072389,-1.0645401657686542,0.5338983050847457,0.9137315232675993,28.018280620828325,27.104549097560728,29.823715435903598,118
542303,"Ozuna, Marcell","R","72.883619272",36.84753413422212,13.943543519539832,-0.9147061921620879,0.5298013245033113,-2.0106597763768232,32.404400926434256,34.41506070281109,26.101641530061265,906
686554,"Dunn, Oliver","L","72.876761071",28.638726294300845,9.138478758800012,2.1186035736031323,0.5,-0.9135576155500483,27.68682822701942,28.60038584256947,25.471960910600078,56
553869,"Díaz, Elias","R","72.846818403",29.083733470028502,6.151630060301566,-4.430142026429516,0.4957983193277311,11.670408847584206,38.256888116298846,26.586479268714623,26.59523826973322,476
493329,"Gurriel, Yuli","R","72.84322873",24.719305425260607,2.987408631914718,-9.753462181056268,0.3174603174603175,14.511722727336641,31.15080225968169,16.639079532345036,27.89876657264028,63
664913,"Brown, Seth","L","72.841516357",31.203926775038564,12.218531351699365,-11.61438184399164,0.5193798449612402,3.7313294979684333,35.008153164180875,31.276823666212444,26.403666085819204,129
656248,"Bouchard, Sean","R","72.837050505",38.20832314131238,13.80699923373598,-5.0063582429750415,0.515151515151515,5.746690246144619,33.24886753572548,27.502177289580857,26.32028824213578,99
641555,"Escarra, J.C.","L","72.783402361",27.308963629612816,6.709276174772414,-8.725171252374595,0.5277777777777779,-3.9135503851928006,30.241152586726972,34.154702971919775,28.57917944618384,144
669004,"Melendez, MJ","L","72.778171471",28.594873721258423,11.151622130939403,-2.902809693785208,0.6176470588235293,-0.07970174456998666,29.174148175005115,29.2538499195751,29.635122840667613,102
657041,"Thomas, Lane","R","72.739308216",27.55025261248496,8.960134277438561,-3.942798874619146,0.6619718309859157,6.583782207618621,28.93882795567512,22.355045748056494,29.205916160354214,213
805249,"Kemp, Otto","R","72.736336685",34.68397061595223,11.676202521362164,-7.670370072765001,0.46027397260273967,4.602479656099316,32.45869758676098,27.856217930661654,23.00907712614248,365
691718,"Crow-Armstrong, Pete","L","72.736283246",34.88626200121713,14.566622452696285,-3.544730268332074,0.5004088307440719,5.938052700952581,36.18669356106076,30.248640860108182,26.618154812701018,1223
669288,"Johnson, Daniel","L","72.732930652",29.981684242873516,12.880120733695602,-7.824723825295408,0.5543478260869567,7.546084503665818,33.48548228394241,25.93939778027659,29.519670462339857,92
666134,"Jones, Nolan","L","72.724750536",35.43766749527128,8.903647760299242,-0.14489068417263862,0.4521739130434783,5.623275902667615,32.70723828729759,27.083962384629977,27.327724313531178,690
669911,"Toglia, Michael","R","72.724575419",35.82993864535825,14.758909923470867,-2.522180378534952,0.44273504273504277,2.620517281025036,28.310715363503913,25.690198082478876,30.377341851975068,585
605204,"Davis, J.D.","R","72.71735",36.03914460550348,4.317257282324218,14.11210164731314,0.4444444444444444,-10.245241238014067,22.168572802427445,32.41381404044152,30.086035888551073,18
695681,"Moore, Christian","R","72.711007822",33.19743677537308,7.8482246749711155,3.51085794656428,0.5245398773006135,1.985948716017863,30.533574061852867,28.547625345834994,24.362123797402674,326
669357,"Gorman, Nolan","L","72.705924687",34.061374272116026,14.791425714160473,-1.8469123029877548,0.5050946142649201,1.9363351042091026,33.089323356457726,31.15298825224862,30.398013541496564,687
694208,"Ballesteros, Moisés","L","72.694087732",28.776612326976316,4.992633509651269,9.524924727262615,0.4639175257731959,-4.529744738026704,29.3522549165352,33.881999654561916,29.501060211636656,97
683748,"Mesa Jr., Victor","L","72.676947879",29.001181924541143,7.759862079654521,-2.8329967357897274,0.6818181818181818,2.476879656353422,28.767697289789336,26.290817633435918,29.079345109418085,66
689200,"Melton, Jacob","L","72.675533433",28.553038835781894,10.879069605559648,6.313443561845755,0.5149253731343285,-8.238114105909728,21.111313081172145,29.34942718708188,32.47313483655268,134
686555,"Collins, Isaac","R","72.67321325",28.82561489830664,4.045386941384561,-2.1804957934673483,0.3718887262079063,2.0651140445896656,32.15985442533289,30.094740380743232,30.026897802081074,683
663993,"Lowe, Nathaniel","L","72.667132184",30.099815769230247,6.648610389331696,7.892208671516757,0.4724637681159421,1.114349938222685,27.401495922935364,26.28714598471269,29.976735819516797,1035
663796,"Montes, Coco","R","72.653282",38.234958152055576,15.106084694035701,-6.647509913162933,0.39999999999999997,6.152489554208744,36.39849577509163,30.246006220882894,27.646315047379492,10
516782,"Marte, Starling","R","72.648556905",35.404860269851916,8.71307736165453,-0.33989419426118883,0.46520146520146527,5.450381368681551,23.9766281237048,18.526246755023255,28.59385127182332,546
502671,"Goldschmidt, Paul","R","72.629168189",31.900154465956714,9.698807218936865,2.396594862526877,0.5144444444444444,-4.8737162129842115,21.019064937232475,25.892781150216685,34.04792800200251,900
681546,"Outman, James","L","72.622132651",37.50441217238091,17.728334409153593,-5.4107595292579935,0.469879518072289,5.118914008629879,32.47994238460629,27.3610283759764,27.808059414817627,249
669221,"Murphy, Sean","R","72.611037861",30.835272790373086,12.453673307333341,-3.965791689094324,0.49739130434782614,0.830140311061911,30.705832111946215,29.875691800884294,30.97861205446673,575
683011,"Volpe, Anthony","R","72.59852911",31.53768822707837,10.975813855031468,5.622911047158774,0.6489252814738998,-3.6537333683785844,25.014352770116197,28.668086138494775,29.201607080443292,977
686780,"Pagés, Pedro","R","72.593405746",30.441452631825612,7.056014698590819,-2.969494782613531,0.4108187134502924,8.87569292190508,36.01982927924384,27.144136357338752,28.852873757662877,684
672820,"Sosa, Lenyn","R","72.574127146",32.58921492143134,10.47533945275483,0.48331030617340437,0.553648068669528,2.363263859846879,32.72060630070413,30.357342440857238,27.518419707784105,932
681624,"Pages, Andy","R","72.5706936",40.56688522223205,7.812762963321823,-3.996083076355925,0.48294434470377023,-0.2902509530162375,31.28168444897556,31.571935401991794,29.81032383078719,1114
608369,"Seager, Corey","L","72.552322271",34.23478552643999,12.847715208313948,3.507331379893734,0.5471956224350208,5.500544964019768,31.98974199834862,26.48919703432885,29.054211210834882,731
672386,"Kirk, Alejandro","R","72.537012725",23.949646266512044,7.883119706900801,4.502895894682025,0.5580568720379147,8.420585143408625,30.06275246791645,21.64216732450783,31.54453250146631,844
686469,"Pasquantino, Vinnie","L","72.525607113",29.374654021352047,9.750472174002164,-9.212378975761931,0.5554537121906509,3.471370772174301,32.09008888202684,28.618718109852548,31.150249923802726,1091
656537,"Hill, Derek","R","72.52199059",35.042028069065914,14.397361737431114,0.6452798127547916,0.45756457564575637,2.5306557015736066,32.025586745769814,29.494931044196214,26.89582011414366,271
694376,"Whitcomb, Shay","R","72.466834355",29.776236207462798,12.24350261449942,-7.281223232183248,0.596774193548387,-0.08237128448640696,31.18784128833401,31.27021257282042,29.162205629266467,62
686894,"Wiemer, Joey","R","72.466694818",25.32638615125297,12.62261170256767,-11.84953036629575,0.7181818181818181,11.851814424235014,36.85347407354914,25.001659649314135,26.38461735266615,110
666139,"Lowe, Josh","L","72.43918344",35.863325662553095,7.145928862409542,-0.38961963529612226,0.45600000000000007,4.690908303548937,29.198790649905458,24.507882346356507,30.874262502979114,875
676679,"Vázquez, Luis","R","72.436130879",32.60000657880309,8.623565264553816,7.0150138105028566,0.46153846153846156,0.8829262529343869,27.838716265856416,26.955790012922026,29.419069370417752,91
518792,"Heyward, Jason","L","72.42761078",28.040377216762934,9.887334524473289,-7.220367387260038,0.6382978723404255,-5.187277399612493,25.952166785318695,31.139444184931182,34.640534776050096,141
691781,"House, Brady","R","72.419054068",35.41411189395274,8.508619971383274,3.3781145771739913,0.47895791583166314,4.263227878736307,26.671420350457765,22.40819247172145,27.211466143258676,499
676116,"Noda, Ryan","L","72.410234045",36.00675281261005,18.18821671511787,-1.416206029157214,0.4157303370786516,2.9652609056626806,30.72594791212098,27.760687006458298,26.94940201208661,89
671277,"García Jr., Luis","L","72.4022391",28.56080731554301,10.723775950414284,-2.561694330698666,0.6241457858769932,5.230440300792156,33.38823141038211,28.157791109589976,28.67895964286459,878
682928,"Abrams, CJ","L","72.400841365",27.251026606962032,10.861888727130045,-3.7927528293081383,0.5895450145208132,3.8600221622293174,31.69524479784662,27.835222635617306,30.033252993451484,1033
687401,"Ortiz, Joey","R","72.400831436",27.846522372674922,1.7107284600205162,-1.7596982364496936,0.3333333333333333,-2.8554294830723017,29.09177901946794,31.947208502540235,28.208363361172847,759
680728,"Del Castillo, Adrian","L","72.398447644",33.580956397442456,13.97078891953726,-5.714742107890507,0.4800000000000001,8.209780403741764,37.16731154445953,28.957531140717784,28.53877893366323,225
666310,"Naylor, Bo","L","72.371691887",31.945831676883905,13.643282686851014,-8.303494911044256,0.5304964539007091,8.002514067474525,35.20481568219237,27.202301614717854,31.185444364403622,705
676475,"Burleson, Alec","L","72.364166718",31.787768076979766,10.041575659707522,0.3424917656662998,0.5751789976133651,-2.400123646412656,31.5827428822022,33.98286652861484,23.413776161976955,838
572191,"Taylor, Michael A.","R","72.363100512",31.17804995913147,14.074124041833503,0.7727904349880083,0.5228519195612432,7.708598186943568,30.186831364546613,22.478233177603048,30.891440323726158,547
680777,"Jeffers, Ryan","R","72.348163548",28.58836512320388,9.91641296614485,-3.2758374909145727,0.5494505494505493,0.891493449636811,29.14202496796267,28.250531518325843,27.333555054758705,637
671655,"Valera, George","L","72.341488947",24.804959405249733,6.792268532793246,-3.347931894154802,0.5789473684210525,7.340448432922349,36.560618399385696,29.220169966463356,28.15302499895007,76
656582,"Joe, Connor","R","72.327205667",30.556869237091167,6.7846206720659135,-6.786859063730799,0.45,-1.9125055717097836,32.90823969801279,34.82074526972258,29.542584825301645,120
668227,"Arozarena, Randy","R","72.326694033",25.290505398915688,8.658484780324912,0.4415349001259293,0.620531622364803,8.657268445458916,31.23593330453899,22.578664859080053,24.21268542124735,1091
605170,"Caratini, Victor","R","72.319628919",34.93039157014952,10.744273880196351,-3.599430884951951,0.5675675675675677,7.08215316027835,37.32317157226086,30.241018411982516,24.109547801544966,592
665161,"Peña, Jeremy","R","72.317324538",30.41666098233688,10.89110194406678,-8.173094044177475,0.6276202219482121,1.8453379600671926,32.02896889808502,30.18363093801783,26.227580122946588,811
624641,"Sosa, Edmundo","R","72.309629641",33.902067482212594,10.130673604911276,-2.1558566327925126,0.5602536997885834,0.820885757363033,29.224213363280477,28.40332760591744,25.947937484516935,473
657136,"Wong, Connor","R","72.29090219",30.52043971746446,11.627749989761055,-2.2088325485736684,0.4634920634920635,4.243333314501499,32.88532299326213,28.641989678760645,28.199755571168538,315
680716,"Ornelas, Jonathan","R","72.286190588",26.583437093942095,6.615819315284038,-5.6774956133288565,0.5294117647058825,14.315053171411583,34.59148907953272,20.27643590812113,28.382785962073946,17
665966,"Narváez, Carlos","R","72.283279987",30.01996933607897,9.159772063622523,2.449845907219439,0.5414572864321608,5.604298609743141,30.643198737832407,25.03890012808927,29.202856399370294,796
542932,"Berti, Jon","R","72.281973688",29.160221987475797,2.221704592525558,9.405976431961797,0.25000000000000006,-9.837931100961097,22.657084050158314,32.49501515111941,28.41469411971308,160
553993,"Suárez, Eugenio","R","72.269102113",38.71774087312044,18.493899574705832,-5.509178858055351,0.4443478260869566,17.357411629245497,35.6554470814194,18.298035452173902,23.07972821551156,1150
607043,"Nimmo, Brandon","L","72.253574015",29.062364627066398,6.649521943736715,2.10905900037793,0.4787935909519322,-1.3790762207977232,26.88338890261063,28.262465123408358,31.48681166087719,1061
687637,"Beavers, Dylan","L","72.230978454",39.27214943800248,7.884178753371661,-4.378542057577424,0.5103092783505154,-1.3163036639433607,31.091940407583333,32.408244071526696,25.734162276586545,194
642136,"Thaiss, Matt","L","72.224693061",27.734536420907112,6.953638951060171,0.9080469658976154,0.5212121212121212,3.775578486598909,30.759060152930754,26.983481666331848,27.312414211278828,330
642201,"White, Eli","R","72.223313755",34.418385837788946,9.008473311354196,2.3547019471799873,0.4672489082969432,0.05897805828599205,28.107930895564824,28.04895283727884,30.452217190408955,458
593428,"Bogaerts, Xander","R","72.216795992",30.99022218729653,10.185823563054212,-6.931029323311771,0.524966261808367,15.05115640136546,34.754416179512006,19.703259778146542,29.095198074716805,741
668804,"Reynolds, Bryan","R","72.21078333",37.888431704769346,13.033128038500152,1.0575847641523486,0.47027972027972026,0.6585254971177044,28.299292563038552,27.640767065920844,27.25580307677724,1144
687551,"Gilbert, Drew","L","72.199336627",24.358244161281274,5.215788986893992,-11.079747127921936,0.44578313253012036,5.143317136624423,32.681284201320366,27.537967064695945,29.474290108855083,166
673237,"Diaz, Yainer","R","72.192034883",28.28263113490699,10.410289968694522,0.9675550143316364,0.5924412665985701,3.3356394866286836,32.41069209635249,29.075052609723787,28.296106924598263,979
665019,"Clemens, Kody","L","72.190420994",26.978625041219917,12.300019232725267,-2.920712084277608,0.6605504587155964,1.449167186715575,33.42720510830297,31.97803792158739,27.580924633271575,654
657557,"DeJong, Paul","R","72.188727126",34.71112505311523,15.956869639062498,-4.0780728241771165,0.5289855072463768,6.038459718022847,34.25338245488174,28.21492273685888,26.90862467526633,414
669717,"Wilson, Will","R","72.187389942",31.977330323583598,14.814228980643943,-7.286133238716738,0.5581395348837207,6.572839226831259,33.45517988344276,26.882340656611497,27.986361734167815,172
657656,"Laureano, Ramón","R","72.186227283",35.14446609959709,15.565524170514514,1.0180066512047,0.4734299516908212,2.3724251342452054,32.77807041710957,30.40564528286437,31.5918770861889,828
665804,"Amaya, Miguel","R","72.183086649",34.93413049506435,11.0708741044196,-11.265382841981507,0.5405405405405406,1.8811979602141053,31.02812584610433,29.14692788589022,26.97368309770625,185
663616,"Larnach, Trevor","L","72.180620186",34.09413402428196,8.326909229339437,-10.58520883006749,0.410942956926659,5.657479239770816,34.25456990273093,28.597090662960127,27.23686972853588,859
694203,"Guzman, Denzer","R","72.143205366",34.195175294736146,8.199382385483236,-5.057843578054134,0.524390243902439,-3.379984592044889,29.166076933891645,32.54606152593653,24.28630926868765,82
666969,"García, Adolis","R","72.128697236",28.022854854522528,8.774846234651607,-0.4610068310879691,0.624750499001996,2.263169388274959,31.312710860196425,29.04954147192146,25.173342886382752,1002
663536,"English, Tristin","R","72.120336596",31.65459105659906,7.9560844773303465,-4.628808624022127,0.4255319148936169,0.19291402770204982,29.070805968413147,28.8778919407111,27.196126268656297,47
677942,"Alexander, Blaze","R","72.112423445",36.09372625483943,8.883712012197948,3.9199821230635137,0.4712918660287082,-3.8632618316105463,23.792664422266263,27.65592625387681,28.464314563745038,418
680869,"Gelof, Zack","R","72.081462211",34.59462352128236,21.398223164012673,0.019823810303620293,0.368421052631579,6.747034333535879,28.14024733299798,21.393212999462104,28.946435240130025,190
701398,"Stewart, Sal","R","72.059497879",28.72442584003806,11.034018416055096,1.9733591474229528,0.595959595959596,1.7563920897600154,29.974006109300813,28.217614019540804,30.803051746985986,99
669722,"Davidson, Logan","R","72.058654304",32.320321429471555,12.854972748067162,-5.635539575919016,0.3670886075949368,10.246136830172025,32.044425190739815,21.798288360567778,29.80599554543193,79
642350,"Siri, Jose","R","72.057903194",35.31836043489194,11.557973414765739,-1.0464440347645514,0.4444444444444444,5.8389457083211935,25.501096546308037,19.66215083798684,27.20390029396097,72
642715,"Adames, Willy","R","72.054164271",35.293931886952834,18.449340722467777,-3.908572236054663,0.5026041666666667,2.446789762109991,31.552911222543653,29.106121460433666,28.939620354429504,1152
663656,"Tucker, Kyle","L","72.045300162",33.89918364704763,11.653680123564305,-8.090494093103054,0.4951456310679612,0.5137858270369531,28.369481380768487,27.855695553731547,30.200251897809984,927
682641,"Matos, Luis","R","72.040437834",26.904244575491308,7.0762477567930215,-6.489370234369578,0.5732484076433122,7.330681146345352,34.10500578815063,26.774324641805283,27.503776390974082,314
592663,"Realmuto, J.T.","R","72.035947332",34.22662488989357,12.426553748604322,1.017708161880327,0.5282817502668089,-2.9092048187383304,28.55238752714939,31.461592345887706,27.453339417890305,937
623993,"Santander, Anthony","R","72.03464879",24.191057340364956,7.893484383748926,-9.50303836934558,0.5728395061728394,13.63899037358006,33.36529639901996,19.726306025439925,26.735909268770353,405
694388,"Loperfido, Joey","L","72.022829096",37.74920573086272,15.613445174956592,5.808408963318837,0.44632768361581915,-2.3010789994375065,25.58352148565026,27.884600485087777,29.87852563928765,177
656976,"Smith, Pavin","L","71.995067706",32.72286654834273,13.324676414095787,0.8962186865562356,0.5189309576837414,-0.5544292494960384,28.396653196433757,28.9510824459298,28.92321039306245,449
663743,"Fortes, Nick","R","71.988337748",19.572184660626814,3.461283615648129,-7.607092956203887,0.4128686327077749,-0.09462348010385897,30.613588014683717,30.70821149478757,27.75669609307805,373
663697,"India, Jonathan","R","71.986616538",28.216153210643444,9.07624035332271,-4.615338002495365,0.6127864897466829,1.9691128110137857,30.67521163247969,28.706098821465915,27.947673706899554,829
701538,"Merrill, Jackson","L","71.972846183",37.46784152926949,9.754520809703648,1.1352937608679914,0.477751756440281,2.815747973499723,27.42838552639243,24.612637552892707,28.722995163702006,854
666165,"Sabol, Blake","L","71.97129825",30.004527524604857,9.979763587382587,5.5312089989814375,0.575,3.903219683305807,33.74253756260628,29.839317879300474,28.425021420615916,40
681351,"O'Hoppe, Logan","R","71.969371147",32.91201493579069,15.70636861452451,-3.6604476373790864,0.5224438902743141,6.059931446725112,33.6042018101156,27.544270363390485,28.648180297720234,802
672642,"Berroa, Steward","R","71.95786875",32.611702811166026,17.256680826485912,-9.551388907915529,0.75,7.575931100671642,34.18167024840717,26.605739147735537,28.507995664745568,8
641943,"Palacios, Joshua","L","71.95646696",30.339928331701632,7.826981981689628,3.721477561463987,0.48800000000000004,-1.4265290735710199,26.69288633595204,28.119415409523057,30.081352004186858,250
694377,"Yorke, Nick","R","71.943701074",33.662414287058155,1.5676693980314973,4.6079117850095574,0.35537190082644626,-6.806857988655655,23.57587052723538,30.38272851589104,24.65017120296873,121
669236,"Jackson, Jeremiah","R","71.938815705",27.207967161815255,11.8758464776152,-0.3997036610223741,0.6238244514106582,1.3728417669816921,30.36910399904248,28.99626223206079,32.308689449067565,319
622761,"Mateo, Jorge","R","71.923690884",30.438442027518406,6.528336662943179,-0.28552442537637507,0.42857142857142855,-4.526992665220096,27.568783384495102,32.09577604971519,27.45534483575612,147
699625,"Crooks, Jimmy","L","71.910688667",35.422030803831284,15.042448856941942,-2.0815843942727823,0.4444444444444445,11.122674528008096,37.52296760353687,26.400293075528776,26.597794558720913,90
672580,"Garcia, Maikel","R","71.908455112",27.11743862284574,4.53862215054035,0.5116168388991796,0.4415730337078652,3.4230604961328637,33.930518214366636,30.507457718233766,25.942606137845935,890
669720,"Hays, Austin","R","71.906863226",30.790356473928675,14.221639170788784,-5.619907151051405,0.6592178770949719,23.234436989219134,35.78125060761443,12.546813618395303,28.600755236780497,716
681481,"Carpenter, Kerry","L","71.899245657",34.84246019332996,17.048068970739024,-0.4202044088280501,0.48783454987834557,-6.658683298361615,25.74015737056792,32.39884066892954,29.107885261411706,822
676551,"Hicklen, Brewer","R","71.892671111",30.067690680091033,15.37830846265615,-9.633501263204113,0.4444444444444444,5.293443134490263,35.484704716702716,30.19126158221245,30.06784160926183,9
807799,"Yoshida, Masataka","L","71.882010211",32.805286441965336,10.018462488459761,-1.7335654222004826,0.5192982456140349,1.0706607540087065,31.50222987522631,30.431569121217606,25.10831289281855,285
650559,"De La Cruz, Bryan","R","71.831915909",41.2695712659424,12.646159688221404,4.834314370198872,0.5454545454545453,-2.256453653096108,27.419195095686653,29.675648748782766,27.18335263141252,88
682927,"Simon, Ronny","R","71.825284773",26.369360744446116,3.8204206142715402,3.6335629429676044,0.48484848484848486,-1.092494494844067,28.134795774622035,29.227290269466092,26.746428589259054,132
642731,"Estrada, Thairo","R","71.799745257",30.384845401733358,11.654889830216163,-4.804752964782997,0.5588235294117648,9.062690565124774,35.97992277100244,26.91723220587767,26.94040460352779,272
682997,"Callihan, Tyler","L","71.794441111",32.345922238379714,14.52880825841774,-6.927015577412384,0.7777777777777778,5.006514101264525,34.49539671716456,29.48888261590004,28.749124783213933,9
666181,"Benson, Will","L","71.780608",33.49511405745908,14.20858902124508,-4.77321043537219,0.5309523809523811,0.3816569491795054,27.436837950830512,27.055181001650997,31.52704341585262,420
664059,"Haggerty, Sam","R","71.777511957",32.23352940714513,3.0499045143532513,-0.46219772199147713,0.3131672597864769,8.20488847284725,27.487690817193265,19.28280234434602,30.001644247870015,281
656811,"O'Hearn, Ryan","L","71.773209505",33.442220458929775,11.216178719611028,1.688351540609862,0.43344334433443343,0.2694821608279681,26.321187948020555,26.05170578719259,29.25773346588155,909
669398,"Workman, Gage","L","71.770334615",45.0682306349534,26.565458069803807,-10.263643263259036,0.15384615384615388,6.885707830385969,35.58459774125713,28.69888991087116,28.533039837773025,26
676466,"Winkler, Jack","R","71.76530697",25.176418972958622,8.408032995034594,-3.9047621542462947,0.5454545454545454,5.655603945741811,33.447522359702525,27.79191841396072,30.11765865906889,33
641598,"Garver, Mitch","R","71.763671289",29.3478857433407,15.800950929943129,-8.010756721787173,0.6229116945107398,7.822192557920006,34.82836738970664,27.006174831786655,27.23864378729381,419
669450,"Hummel, Cooper","R","71.753026235",28.571295564447812,12.044732412824342,-6.666437098476384,0.4647058823529411,0.3120553980867224,31.921401894806934,31.60934649672021,28.327405299402546,170
682729,"Clase, Jonatan","R","71.752121538",32.29106105357363,6.958928402498518,-1.7682544359928356,0.4615384615384617,3.108790245020624,31.19967903025447,28.090888785233847,25.85191826566533,169
664238,"Moore, Dylan","R","71.751947569",31.065012625689693,7.739951914338138,-2.502418954550786,0.5370370370370371,4.471215123164867,26.995172677800177,22.52395755463531,30.118002367701926,432
543510,"McCann, James","R","71.721273257",36.00977356499778,10.969926075011474,-3.583203667821455,0.44954128440366975,14.0554223469183,38.2894824741399,24.234060127221607,27.580082929125663,218
664761,"Bohm, Alec","R","71.710521857",29.74056647074853,5.404622694751713,4.471256321985282,0.47012987012987006,0.9055346884932325,26.6119708248473,25.70643613635407,29.67344053738828,770
680118,"Blanco, Dairon","R","71.704437273",30.141250534874917,12.680124649532532,-6.631530713508937,0.3636363636363636,1.5733468159380075,29.286438280214103,27.713091464276093,27.406080012240842,11
672640,"Lopez, Otto","R","71.697503158",29.93363167890192,7.398473100012282,-2.3083077242914416,0.4851258581235698,1.1738937231288018,30.479175877749093,29.305282154620294,28.51782077507989,874
693307,"Dingler, Dillon","R","71.690906274",39.77526113032634,10.787561039462533,-0.32629652036009554,0.4941785252263907,2.1556306298857204,27.778055840875922,25.622425210990198,28.352036616870617,773
609280,"Andujar, Miguel","R","71.675390714",25.83157751863624,6.306761087989896,-6.820992968133107,0.5374149659863946,4.535026077973599,32.75909799348925,28.22407191551567,30.70367393297575,588
668709,"Bleday, JJ","L","71.673115385",31.640965664896225,15.501560489127929,-11.13128852293757,0.4999999999999999,5.086961174621154,31.999644528589762,26.91268335396861,31.475951652922472,520
663837,"Vierling, Matt","R","71.66896843",31.567759376446265,6.769747255641441,1.7098699530810293,0.4069767441860465,-7.112122860518733,29.67891905383408,36.791041914352824,27.590798773567347,172
664023,"Happ, Ian","R","71.668839664",32.73127076128587,10.287770673575782,-5.531630682546901,0.46449136276391556,2.8007389254113644,33.994041782766764,31.193302857355416,26.70080564577942,1042
669477,"Schmitt, Casey","R","71.657886281",35.021717260061884,11.392503349590982,-7.7172215794938825,0.4706867671691792,3.3001009419828202,32.64532890869835,29.34522796671553,23.53795004531952,597
691783,"Lawlar, Jordan","R","71.653956792",34.18564856145094,17.64129215095631,-13.294127480012529,0.481132075471698,9.46029810609101,36.194024003979735,26.73372589788873,28.99519974735124,106
678662,"Tovar, Ezequiel","R","71.626449315",36.09662077013837,10.942715075159503,0.6098524298405427,0.5219638242894055,0.7861842619866272,29.120274341551276,28.334090079564646,23.868547516584584,774
650489,"Castro, Willi","R","71.612669441",37.27368886064212,7.682911686705197,-3.52569620175947,0.43726708074534165,-1.7857259180669538,30.107483393364294,31.89320931143124,24.18610011421908,805
669707,"Triolo, Jared","R","71.605172385",37.291187351579126,8.766607697171445,-2.4216901830215014,0.4463373083475298,-1.2115473859140702,28.232899769129325,29.444447155043402,26.933141036055666,587
641584,"Fraley, Jake","L","71.602781176",37.511830434994785,8.981712901345166,-6.587857354026997,0.3794117647058824,0.03327636383586591,29.656296775999582,29.62302041216372,28.053104254780315,340
646240,"Devers, Rafael","L","71.576284145",29.89234432790668,9.96194156548876,4.520520581855598,0.594847775175644,6.071219471437912,28.54608446825633,22.47486499681842,25.922621037147607,1281
690924,"Fulford, Braxton","R","71.567188073",29.170014688753593,11.041243770326224,-8.279298519980694,0.53125,14.118530365359852,36.4725310414743,22.354000676114435,26.044152638426574,192
671221,"Waters, Drew","R","71.565999873",41.765156706205666,8.705618865046853,4.848991792471576,0.4822335025380711,4.525683005351528,31.260108694938815,26.734425689587283,26.956487886402666,394
672275,"Bailey, Patrick","R","71.564001499",32.94039508294393,8.540075020011317,-3.5390990210378166,0.4551539491298527,2.8404773040853226,30.360434331301377,27.51995702721607,28.711374080434553,747
682848,"Rodríguez, Endy","R","71.545524819",33.36153861826171,7.0218041289263375,-4.0327668276111375,0.46987951807228906,0.8825522819556471,31.36310033204533,30.480548050089684,26.46312430039164,83
676801,"McCormick, Chas","R","71.532296447",33.971297164945035,21.19416846484005,-1.1426284588610973,0.38071065989847713,7.203151112358709,27.761576829753533,20.558425717394826,33.265993002330404,197
805811,"Eldridge, Bryce","L","71.522124407",36.964554820804395,13.056870247062756,0.263674115384532,0.4915254237288134,8.436495841903652,26.991990432897527,18.555494590993877,26.79725790049957,59
677649,"Duran, Ezequiel","R","71.496004504",28.49987413592617,5.99911405293427,-0.6236035997930078,0.41018766756032177,-1.0853197446385339,30.38925988681342,31.47457963145197,25.014598175791107,373
595978,"Hedges, Austin","R","71.486815548",26.629360207001096,13.236420257582338,-9.29952061450101,0.6677740863787376,6.244861351124537,36.85998154911638,30.615120197991843,27.166138308478548,301
682988,"Locklear, Tyler","R","71.467339087",33.9896786326927,12.61500979110284,1.3597794234805614,0.48557692307692296,10.507595264440617,26.538086229625744,16.030490965185127,31.364926290097923,208
676914,"Schneider, Davis","R","71.457897541",33.60780610205843,20.604592993873453,-6.259961618044734,0.4054054054054054,3.399923385847713,34.65275644014408,31.25283305429637,24.810374806372746,370
571448,"Arenado, Nolan","R","71.430622896",33.19934766131736,10.542749551890944,-9.010603505093345,0.5648414985590775,2.9530022119211945,34.921062476161346,31.968060264240137,29.309318341588394,694
687263,"Neto, Zach","R","71.408776519",39.04102480969734,18.05954565075669,-5.656547601056966,0.48216216216216223,17.91012103611313,36.30643605186696,18.396315015753814,21.574114493487066,925
665155,"Maton, Nick","L","71.381060194",35.91196272281157,19.602951584683304,-9.164851741363291,0.4174757281553399,7.605131875842924,37.559054644516394,29.953922768673475,22.658797287748936,103
702284,"Young, Cole","L","71.379656904",28.077926500427626,7.620117752545693,1.0045490930863663,0.5279187817258882,-0.09009901761413534,23.952190357964163,24.042289375578303,23.899150638016632,394
669016,"Marsh, Brandon","L","71.377627064",38.507355689329664,9.410080358143189,-0.36158097952563234,0.40988372093023256,-0.3424322903396841,27.49136539199518,27.83379768233487,29.380383482360692,688
671289,"Freeman, Tyler","R","71.319275474",35.57226156116774,2.894733932181828,0.529931325726362,0.3265940902021774,-0.9105605096764764,29.571790631798187,30.482351141474666,28.389263928512086,643
606992,"Haase, Eric","R","71.318593357",33.182275111274826,11.739812987672542,0.5939418551451251,0.5357142857142857,5.70201293476068,28.18115864277468,22.479145708014006,29.08884494969341,140
596146,"Kepler, Max","L","71.317041545",31.78579154707079,7.7851606672125175,-6.9957840389173365,0.44572158365261805,0.11213739476076637,32.520211791421374,32.40807439666061,30.11363328172084,783
596117,"Stubbs, Garrett","L","71.285113333",21.324868647974636,26.927971872164548,-22.374224266295354,0,6.439448830210022,39.15067715108042,32.7112283208704,25.69917900032997,3
467793,"Santana, Carlos","R","71.281599818",26.703802174414776,12.829916802334232,-5.603004162733331,0.6454545454545455,6.749869051071724,34.066148555474754,27.316279504403038,26.953710016637185,770
668731,"Baddoo, Akil","L","71.245459375",26.937272247326458,15.482833227226832,-2.270476348267883,0.6250000000000001,-1.2570650663234824,27.10385364492769,28.360918711251173,30.692661797206103,32
668901,"Vientos, Mark","R","71.24039673",31.871403097668445,14.570702695562805,1.1945231270001107,0.6199494949494949,1.5149921010933978,28.13166791950422,26.616675818410826,28.76628441960754,792
665750,"Taveras, Leody","R","71.232573301",31.18731271597423,6.3245886987511115,-4.089986458698527,0.3986928104575164,1.4023999796519,31.31605758446092,29.913657604809018,27.40830770387612,306
696030,"Osuna, Alejandro","L","71.228230734",29.8507820283144,4.693965888923563,5.078748728780877,0.4160839160839161,4.78219871626119,28.469730656534963,23.68753194027377,24.071705739387564,286
677950,"Thomas, Alek","L","71.188748702",27.62032464054797,9.964327438229706,0.22654089909789626,0.6015727391874182,12.95045090377277,33.459887373842065,20.5094364700693,26.981606873373927,763
455117,"Maldonado, Martín","R","71.187740233",31.797244411578177,15.052366021656665,-7.6689246619497595,0.5255813953488372,10.253349968968552,36.46357919416465,26.2102292251961,29.42679800093687,215
607208,"Turner, Trea","R","71.186826507",27.878889905684392,8.092034003196742,-2.921390377304922,0.5998116760828623,0.4570044297578026,29.336398931538834,28.87939450178103,28.788701673313348,1062
663647,"Hayes, Ke'Bryan","R","71.186608188",26.461681559713927,4.29683015404886,1.4742354596759022,0.4335748792270531,1.5721917535693872,34.5224609429553,32.95026918938593,25.850927394011332,828
690984,"Halpin, Petey","L","71.185481538",38.895237583782844,10.337764602902292,-3.541201471999178,0.5384615384615384,3.3926764553371322,32.99464050630721,29.60196405097008,24.779911504899538,13
592178,"Bryant, Kris","R","71.176536197",35.13557286005791,14.992573661838403,-2.9756090300144136,0.5492957746478873,4.2196535504150665,31.74658561635245,27.52693206593738,28.090839300469284,71
571970,"Muncy, Max","L","71.174131852",34.68513819359478,17.902524686997566,-4.7760925543795905,0.4898989898989899,10.696641397577274,37.66388471039376,26.967243312816475,28.258625493186805,594
593871,"Polanco, Jorge","R","71.173813463",30.481697203856005,9.457860586745232,-10.557712387593378,0.56625,6.649694117821868,32.19046233228346,25.540768214461597,27.869450750628374,800
573262,"Yastrzemski, Mike","L","71.154200652",30.423546610773123,10.939984306621774,-2.680181695811257,0.669431279620853,1.234942864683849,30.28228424359562,29.047341378911774,24.6822456669365,844
663604,"Lockridge, Brandon","R","71.138003769",29.618804068034795,4.859155973443156,3.963899182042521,0.3884615384615385,2.6711083519208354,29.516012365174745,26.844904013253913,30.89668603770132,260
679822,"Foscue, Justin","R","71.131242778",28.468836423928593,8.3304714318745,-0.7106830099209731,0.6666666666666666,2.820311062776987,31.830487308970635,29.010176246193648,27.882529279060364,18
666126,"Cortes, Carlos","L","71.129963419",26.33824799666557,9.02619864491645,-1.7844237683183926,0.5741935483870967,8.453170711451715,29.568415573427494,21.115244861975775,31.23133934277781,155
656775,"Mullins, Cedric","L","71.117985693",29.181988241623486,11.30563140087075,-6.032817661460893,0.6270207852193995,-3.116323986121444,28.649351543240357,31.765675529361808,24.147338130149052,866
457705,"McCutchen, Andrew","R","71.113187166",34.466935370042144,14.5369132476421,-0.781214705362169,0.5317460317460319,-4.911471865638705,24.89737172645301,29.80884359209172,28.981477655030304,882
691026,"Winn, Masyn","R","71.101336577",29.102425464346638,5.5488089156542255,-3.860938333094909,0.43658810325476993,0.43837000727078995,34.01385814064364,33.57548813337286,23.063999594424867,891
692216,"Kayfus, CJ","L","71.089003689",37.9929413474695,11.253446923450962,-2.0407712260343436,0.4133333333333333,0.4284586611799822,29.87117403127136,29.442715370091378,21.545224499986897,225
596115,"Story, Trevor","R","71.088040828",29.415338980478083,10.54071341322765,-4.526314112332285,0.46160409556313997,9.659274010969256,35.36004415548899,25.700770144519733,29.912583101465565,1172
608385,"Winker, Jesse","L","71.087214407",35.39192507139102,13.934778769675848,3.338224801760225,0.6440677966101694,4.53951684760158,31.484453309337162,26.944936461735576,26.08917150223482,118
571771,"Hernández, Enrique","R","71.086814788",29.981453872091006,10.30279694967857,-3.7666264881980243,0.5317796610169492,3.5766483787803516,32.32645344618477,28.749805067404413,31.091320332651385,472
622534,"Margot, Manuel","R","71.064311212",26.11713413455446,2.623393057767828,0.308979574581433,0.2727272727272727,5.670886798277758,30.657411308392383,24.986524510114624,27.896123860227412,33
641487,"Crawford, J.P.","L","71.050039062",36.03808138584425,4.7103134790190815,1.6569155453220663,0.36772983114446534,1.68590954350818,36.60849635659762,34.92258681308944,27.63642754227121,1066
676356,"DeLuca, Jonny","R","71.049039596",26.199645957722428,6.687817970907787,-9.134370667103024,0.585858585858586,6.490717163745922,33.695803576579664,27.205086412833744,26.902003235544434,99
663757,"Grisham, Trent","L","71.018787335",30.893404056548615,16.661754285258947,1.7946011788526726,0.577833125778331,-9.213773167183305,24.09441837293668,33.30819154011999,31.00672799073504,803
678882,"Rafaela, Ceddanne","R","71.017957464",32.628845933309776,11.569677342764402,-1.4935745166641388,0.571557971014493,3.0291038515527,33.51967177225218,30.49056792069948,26.78260139779226,1104
656555,"Hoskins, Rhys","R","71.011597791",33.636066942249776,16.75595191125806,-6.922573181110873,0.4773175542406311,1.3393865251809827,32.50064105691071,31.16125453172973,28.57258811884671,507
664034,"France, Ty","R","71.010602655",34.79876410015504,10.668438271414344,5.2342399089523255,0.4725146198830409,-0.8333114542189564,27.521521677091776,28.35483313131073,26.48326835801973,855
695391,"Harris, Brett","R","71.010082403",28.179349741494303,7.898697927482238,-5.8896402774347125,0.5348837209302325,4.49663769459575,25.02243148511037,20.525793790514623,25.27800739334794,129
608324,"Bregman, Alex","R","71.001324846",28.089880463683475,13.517700258830361,-5.093916980447763,0.6582633053221287,3.144640782310162,31.805366229482154,28.660725447171988,24.777290238904836,714
668952,"Kreidler, Ryan","R","70.995321266",38.780693038274386,17.40982802050271,-2.031247399819066,0.4430379746835444,5.982044667510188,30.580961636370603,24.598916968860415,30.017672331876273,79
691728,"Veen, Zac","L","70.992057826",30.12551463111654,6.99682748925683,6.042069035138343,0.4637681159420289,-2.8592805473888503,26.121818491361246,28.98109903875008,29.76932205589751,69
640902,"Pereda, Jhonny","R","70.972347273",30.39147883430562,4.172136366670276,5.982793314925206,0.5123966942148761,-4.230875010173407,22.846304601679446,27.07717961185284,29.398982377472638,121
667472,"Myers, Dane","R","70.965604325",27.105118021812384,10.947185561649222,3.731034251338047,0.6316916488222696,-2.1072409746453857,29.50338948746615,31.61063046211153,27.43506549805435,467
596019,"Lindor, Francisco","R","70.957487339",33.83563853883949,11.111948204624504,-1.573918459479249,0.5110169491525425,2.244116478274237,29.3206197035741,27.076503225299867,26.00647045269804,1180
647304,"Naylor, Josh","L","70.951185801",31.357056871339097,7.50716748079383,-8.312040596355098,0.44047619047619063,-0.09791360339656979,25.30494898761085,25.402862591007416,26.583220793236258,924
608070,"Ramírez, José","R","70.947914345",29.808919545544097,8.865304032389423,-9.413254329328788,0.6070110701107011,2.3617015599338482,32.58157133955804,30.219869779624187,22.688361971464506,1084
630105,"Cronenworth, Jake","L","70.938401161",31.147489161295614,7.444196644544004,-0.6878548469229245,0.3645443196004994,-2.800004566488569,30.607775306977594,33.407779873466176,28.303564302458923,801
595777,"Profar, Jurickson","R","70.930405295",30.86506323279612,10.824913764405608,-7.58832617774152,0.5632377740303541,2.6567030972528807,34.44673592366186,31.79003282640897,25.761550589260263,593
686676,"Lee, Korey","R","70.930072698",29.938466849025946,11.484151922791169,-7.902882269372577,0.5873015873015873,5.805127865172624,32.20675786786074,26.40163000268811,25.781465297252563,63
682177,"Schneemann, Daniel","L","70.924933455",34.89617062065014,14.00822938051338,3.14547553794235,0.503030303030303,4.784986687254833,33.80604585607629,29.021059168821456,26.094711944201293,660
672515,"Moreno, Gabriel","R","70.919275513",33.779568160268475,8.265911125726848,4.3915700726490705,0.5106382978723404,5.185605910158205,33.379689907685695,28.194083997527482,26.328778838728415,517
543309,"Higashioka, Kyle","R","70.908525098",32.301342917992564,12.580379213036624,-6.837649843105169,0.5507812500000001,-0.9314993238087501,29.442019488784915,30.37351881259367,23.787917879192694,512
621020,"Swanson, Dansby","R","70.907170337",34.57221344357143,15.639832502728773,-1.5147349466056297,0.5943312666076173,1.9238120467670237,32.38631744946021,30.46250540269318,27.563863770665208,1129
642851,"Wynns, Austin","R","70.881063586",34.421054237450626,13.417164446403284,-7.572539896645065,0.4646464646464647,4.993871902129485,33.95619651883723,28.962324616707733,29.047097978685546,198
668715,"Steer, Spencer","R","70.872283211",28.337436517937295,12.417551106694718,-4.098947451650658,0.5802845528455285,3.686685300117864,32.72744485827099,29.040759558153137,25.62603129535547,984
602104,"Urías, Ramón","R","70.847987266",27.105498704845566,13.72399489464224,0.33290249788014986,0.70625,-0.3331333100370735,29.269721076087052,29.60285438612412,28.409920355732684,640
677588,"Tena, José","L","70.796796705",35.056710184197044,3.5829019494558407,2.3842597202076328,0.35606060606060613,-3.716848344089277,30.739573480892556,34.45642182498185,25.907042090173963,264
605244,"Garcia, Aramis","R","70.77862",28.417300069239587,9.97003866553322,5.570325448074081,0.5,-1.377517983680927,25.74536395097021,27.122881934651133,28.806169376425743,6
620443,"Torrens, Luis","R","70.763726574",29.851199447371403,9.743411426721757,6.1432435839881325,0.5617021276595746,-1.8572197445641092,25.426743336669126,27.28396308123324,29.94272860884057,470
686668,"Doyle, Brenton","R","70.753457343",30.288028537174355,11.521473510303654,0.5912692825779043,0.6461716937354987,1.9586528599870225,26.03760527180273,24.078952411815706,29.09176966023825,862
690993,"Keith, Colt","L","70.746111175",32.89812962771582,11.77919916600998,-2.5349351874570716,0.4877049180327869,8.701621873599095,31.493711981871915,22.792090108272816,28.708330077458992,732
643446,"McNeil, Jeff","L","70.745086822",33.06026040134936,8.649865725819652,-4.931221732014871,0.47288776796973514,-0.9155952396050527,29.943452170398658,30.859047410003715,24.84048269999172,793
676059,"Westburg, Jordan","R","70.743568843",29.78586340147403,10.491105701158009,-1.4899852122690067,0.5925266903914591,7.566638436391935,31.150372755198962,23.583734318807036,32.359264463448284,562
690976,"Freeland, Alex","R","70.742310072",30.88910607754246,12.750743784724929,-1.8330769987425533,0.6330935251798561,2.923397940620924,32.52951874061311,29.606120799992194,28.084026943104167,139
644433,"Tromp, Chadwick","R","70.729146296",29.87076580312103,7.688216806054812,-4.659812967758934,0.5185185185185185,6.557785508560564,29.8303694355151,23.272583926954532,27.109995174274445,27
682668,"Acuña, Luisangel","R","70.699764105",25.287195857521482,3.4433583444073785,4.8030622491563975,0.4175438596491229,0.9636207252623151,29.048070862495884,28.08445013723357,25.48085253975005,285
675915,"Bañuelos, David","R","70.69118",30.751144740581672,18.605859279517663,-5.270630630469117,0.5,4.459906015089984,34.525997252608775,30.066091237518787,32.45674630813598,4
624512,"McGuire, Reese","L","70.684582809",32.64943260602277,13.906436339569622,-7.870140177227349,0.5191489361702126,-0.24825447842595727,31.88983630213162,32.13809078055758,29.258370403840594,235
693409,"Prieto, César","L","70.682502857",33.740210058465614,18.49501855001247,-14.643786871958447,0.5,2.3963879622796886,35.00396145313555,32.60757349085586,26.528437139904156,14
669304,"Miranda, Jose F","R","70.673243214",26.02095526811943,10.504306995690735,-4.259322555735749,0.625,6.96523618175506,35.250335317406574,28.285099135651503,31.224826290435452,56
681460,"Baldwin, Brooks","R","70.672030575",29.960523110629737,11.194587777805662,2.882509834191391,0.5923344947735192,1.0688565870825426,29.54373065144686,28.474874064364318,30.13869869642261,574
680862,"MacIver, Willie","R","70.668695135",31.405064621035617,8.872320913584673,4.277226139689405,0.545945945945946,-2.1523744970247343,25.732156660287572,27.8845311573123,31.262210573361223,185
683734,"Vaughn, Andrew","R","70.65558916",29.412898005810643,7.798940844864116,-1.7916974008218383,0.48319327731092426,-2.14590490401927,29.49582176576162,31.64172666978089,29.095871281089345,714
668930,"Turang, Brice","L","70.643209402",31.165606713550886,6.938807478439217,8.23524534127049,0.45098039215686275,1.2498811497124696,31.847405386148612,30.597524236436143,26.813079797976762,1071
691182,"Amador, Adael","R","70.640368846",29.85978221247899,5.171730151016113,-7.699596242674211,0.4010989010989011,4.834719060906609,33.77424022688457,28.939521165977975,25.87831740328246,182
677870,"Jiménez, Leo","R","70.638881538",30.52364830201172,5.453405281544519,2.1860546764792046,0.4615384615384615,4.3428635971877325,28.350209398378983,24.007345801191253,29.073581778889075,52
678246,"Vargas, Miguel","R","70.631688011",35.43110074207819,11.903977693765647,-2.986604201377576,0.645744680851064,4.724753688455784,35.31319811280426,30.588444424348477,28.067495654092323,940
680911,"Miller, Owen","R","70.619380357",35.88719950182023,5.787838161763634,1.8367951636088762,0.3214285714285714,4.337674940961932,29.432794346403345,25.095119405441412,27.11901920492002,28
702616,"Holliday, Jackson","L","70.618351546",31.890876965595176,8.28581742443643,5.560444807891577,0.5281124497991968,0.31498075725002994,26.176596359448812,25.861615602198786,27.56419966294709,996
606115,"Arcia, Orlando","R","70.596135562",26.77865253432469,7.424626962584204,-0.2924606506710449,0.5753424657534246,1.019683848258965,29.10752914640133,28.087845298142362,26.832312215647722,365
700932,"Manzardo, Kyle","L","70.594998772",37.01946565201852,17.3337125494542,-0.6147122345429623,0.5216374269005849,10.91046325311284,33.63158984379813,22.72112659068529,31.399889338266807,855
666971,"Gurriel Jr., Lourdes","R","70.593145666",36.88271990210819,10.500060962816612,-6.0215009140531395,0.504875406283857,2.337980603135189,31.103286874513017,28.76530627137782,26.060599865373945,923
677943,"Banfield, Will","R","70.576871364",29.500277909057267,7.974444775248894,-12.073601767724867,0.49999999999999994,4.65321799320648,37.186722565913996,32.533504572707514,27.993770735327114,22
687859,"Johnston, Troy","L","70.571048182",32.017404138594664,11.2926368374008,-4.113751579930219,0.5454545454545456,-0.08195975132036726,32.91599112004914,32.99795087136952,27.465920097614816,209
681508,"Gasper, Mickey","R","70.568511039",26.931338634779486,9.334774827879738,-4.879610611333616,0.5714285714285713,11.079671809359025,31.922035348709947,20.84236353935092,28.968265703347996,154
695670,"Ford, Harry","R","70.560820714",35.86675893560763,19.929099374717165,-10.484098919609872,0.49999999999999994,16.026343985369277,43.83221097133968,27.805866985970397,24.151780298240524,14
672761,"Pérez, Wenceel","R","70.54541386",29.72622889257515,7.981501277625398,-4.040022304678347,0.5186289120715354,2.9689641161865725,28.276147178045314,25.307183061858748,24.195609731539218,671
666152,"Hamilton, David","L","70.53192275",29.976208732272823,6.8634216214996515,-4.659356732040404,0.44999999999999996,9.606774057464271,31.50088733466111,21.894113277196837,29.876873499728035,280
664728,"Isbel, Kyle","L","70.527229007",24.398577974983656,2.375795738865489,-4.3052702481295,0.3602941176470588,2.818537790165242,31.146632201895816,28.328094411730568,26.12940189144598,544
663731,"Kaiser, Connor","R","70.520705",30.40795273116871,8.386038957521448,-5.295994967676064,0.5,4.804046403692003,32.02483611573637,27.22078971204437,29.44954639133453,26
668670,"Rogers, Jake","R","70.518442387",31.154690453424642,16.049262633122506,-2.217474540417746,0.6486486486486485,3.854767131135794,32.45723755473576,28.602470423599975,28.84453308678485,222
693304,"Gonzales, Nick","R","70.517897698",33.15389216558676,8.919790669326638,-0.07634725340734727,0.5352517985611511,-1.9105341936177986,29.958125520403588,31.868659714021383,26.946870517912803,695
592206,"Castellanos, Nick","R","70.517567823",39.955168583296455,15.060732647410397,-4.521300154001742,0.4701159678858162,0.9842853068451084,30.78591308719842,29.80162778035331,29.036116603517815,1121
545121,"Vargas, Ildemaro","R","70.512082011",23.618988057269373,5.743175650358654,-6.564755603423931,0.4656084656084656,10.35472173275685,28.076631609627064,17.721909876870214,24.59459968130051,189
673490,"Kim, Ha-Seong","R","70.502534964",23.42533896166821,5.555559177264217,-1.8412428297953933,0.5109489051094892,0.0546916404854938,33.35755253749074,33.30286089700523,26.280890773445922,274
805300,"Marsee, Jakob","L","70.488703403",33.2957687894384,5.331079942913595,-2.151417271312379,0.4328358208955224,-0.3475450232263787,30.03182946661586,30.379374489842238,29.793082686423944,335
669234,"Malloy, Justyn-Henry","R","70.48173301",40.67196552328679,16.002329534243124,-0.7672156448903463,0.5357142857142858,1.1034801671162737,32.066910131026205,30.96342996390994,28.65962678379254,196
666018,"Aranda, Jonathan","L","70.474476274",35.56934963328384,10.210204195835436,3.641418749857282,0.561643835616438,0.09035448489249218,27.322467167381827,27.232112682489333,29.273606686229684,730
656185,"Allen, Greg","L","70.46197375",30.7377679166678,8.5428799314922,-5.626522763075377,0.7083333333333334,-3.58282687043201,28.299283215284234,31.882110085716253,26.778725532751082,24
608348,"Kelly, Carson","R","70.432022402",33.110386759806914,11.657234299595611,-3.970765669266259,0.5285285285285285,1.0182266938551097,30.941426300620744,29.923199606765635,29.576360668080948,666
665923,"Ruiz, Esteury","R","70.43101",36.75184353404477,13.439795425125771,-2.981523146684265,0.35,-1.8248354313010215,28.317191099436737,30.142026530737756,30.123841322066305,40
665839,"Valdez, Enmanuel","L","70.403599301",27.399908322078275,8.527226017530342,-4.939919829408316,0.5874125874125874,-2.0724579693541463,27.788797445326612,29.861255414680766,23.55276771759767,143
681807,"Fry, David","R","70.401437595",31.087667916843124,15.319086851470255,-5.463377611266117,0.6494845360824744,-0.05009254487698224,28.60351425548746,28.653606800364443,33.4299029572658,291
678391,"Vivas, Jorbit","L","70.330953545",29.362055930265335,5.152572762031513,-1.8079184886450606,0.4909090909090908,-6.785551107278831,27.067850452103265,33.853401559382085,25.83327058980569,110
621438,"Taylor, Tyrone","R","70.298012378",32.341056194343665,8.070717955955852,-8.413885526607663,0.5299625468164795,4.108216147995981,30.804072570556624,26.695856422560645,25.531257238623155,534
679032,"Rojas, Johan","R","70.290026346",24.32755769573749,6.295828479693368,2.7355664766084726,0.5538461538461539,-0.3399793244495026,28.317562139477225,28.65754146392673,26.363609720048725,260
666198,"Kieboom, Carter","R","70.284234444",28.629191397524558,5.969431781914535,-3.9907933491142913,0.5,4.82687776494199,30.951382649870453,26.124504884928466,26.22393859653632,18
673962,"Jung, Josh","R","70.283741103",37.6547496092993,11.455900750749198,2.5942684884687948,0.5275862068965521,9.57849550507322,32.149417562867825,22.570922057794608,25.01283917565142,870
641856,"McKinney, Billy","L","70.252428378",35.952709186555296,11.369377392438127,2.653204647577173,0.5135135135135135,6.7089304785125075,28.926892347688973,22.217961869176463,29.20127908490851,37
682657,"Martínez, Angel","R","70.190628509",33.78166694479807,12.40542139905472,-6.972953797706502,0.5599022004889977,6.79666342608567,37.44355005089914,30.646886624813472,24.445842179711665,818
650402,"Torres, Gleyber","R","70.189734515",34.10090854736428,9.282865450095457,4.2079735984967614,0.5643459915611815,-2.19449075873294,30.34036559024448,32.53485634897742,26.39517891889186,948
640492,"Azócar, José","R","70.187141379",39.329423261357114,2.2521615170756637,4.231115105556341,0.34482758620689663,-1.3798150069064858,28.442902896362757,29.822717903269233,26.693578684684493,29
669242,"Edman, Tommy","R","70.183830106",26.591355936960365,9.881294220550771,-1.4176183997611758,0.5971731448763249,1.2236000702763643,29.688020613033846,28.464420542757487,27.291290599984105,566
687478,"Devanney, Cam","R","70.16904029",32.92867196502786,13.024991098171556,1.7622754340223343,0.5507246376811594,-4.61211143740967,27.10852215799807,31.72063359540774,29.10250784161526,69
666397,"Julien, Edouard","L","70.167664984",41.59735681283452,13.843274305110514,5.647724645462299,0.45367412140575075,0.3844916866132189,29.36211842512466,28.977626738511436,27.75659149261487,313
669208,"Bliss, Ryan","R","70.144061897",31.452393143859126,12.556228575207705,2.114989421681245,0.6551724137931034,3.809516662713911,29.01554218791298,25.206025525199074,28.09755642706345,58
663886,"Stephenson, Tyler","R","70.140759643",37.50079030054403,13.30274727346146,0.6889303462889161,0.5131578947368421,2.1592357494660632,29.209714655741738,27.05047890627568,29.320101717535646,532
518595,"d'Arnaud, Travis","R","70.134599927",32.76004553504195,14.877710362082643,-3.948109445243204,0.5641646489104114,2.963414175670324,31.587053571285054,28.623639395614727,29.28399342549213,413
680737,"Helman, Michael","R","70.122550105",27.961156947335542,12.035220552304017,-9.22365030339174,0.7473684210526313,1.641564967784177,34.084334968638856,32.442770000854686,24.968542071270992,190
665861,"Rivero, Sebastián","R","70.122365493",34.20520778538899,11.331028475606445,-2.4901913312213946,0.6197183098591548,1.7056992824898602,30.714181991636078,29.008482709146215,27.86660172145172,71
686681,"Massey, Michael","L","70.115340811",31.42449917328616,13.371007934230125,-6.475484594447482,0.5966735966735967,5.2489205016720915,32.31252472244152,27.06360422076944,27.061773624362292,481
641355,"Bellinger, Cody","L","70.110897618",32.36055080692065,12.862294958209675,-3.134547260871116,0.5932203389830508,-2.634230319045437,30.08291898461286,32.71714930365829,21.032123046000077,1121
702176,"Roden, Alan","L","70.100367009",27.03908790261384,9.792491508955095,-5.4781125538036735,0.45089285714285715,8.456000635087578,34.95070462624327,26.49470399115569,28.222895595789257,224
668939,"Rutschman, Adley","R","70.067448536",34.56470217908037,9.37159962609224,-1.3223060734489944,0.48098859315589343,-1.023769297175098,25.99863941386302,27.022408711038118,26.388995921379337,526
694362,"Dunn, Blake","R","70.048456909",38.161592228722135,4.576742057764496,6.162802861999784,0.3818181818181818,0.9855843988112497,29.451332461752717,28.465748062941472,29.17765373689435,110
664954,"Sullivan, Brett","L","70.0212175",32.071920512124954,5.429862602592639,-6.737396725391648,0.5625,-0.646239344124974,30.583901603442254,31.230140947567225,27.60123064408898,16
664774,"Wade Jr., LaMonte","L","70.016405849",31.825319916793042,9.063002642857354,0.29865176443547653,0.5336927223719679,0.8069245553926773,32.327960520413974,31.52103596502131,23.25511400961946,371
695257,"Cook, Billy","R","70.008233636",30.972906118908234,12.933050687330587,-8.060459852453596,0.6363636363636364,8.360320511973557,31.929327289790677,23.56900677781712,26.544308819918196,11
677587,"Rocchio, Brayan","R","69.997537065",28.958622778143308,10.954949234812153,-5.875116869281143,0.5080645161290323,8.39041759747891,34.25705149488281,25.866633897403897,23.864963582121142,620
663368,"Perkins, Blake","R","69.982733222",30.294525706702125,8.758144148796713,3.337091174671788,0.564853556485356,1.386312121497605,27.033848902408334,25.64753678091072,30.52520297418419,239
694497,"Carter, Evan","L","69.959813822",32.73722950896854,8.755703975590276,-8.338434465524251,0.464968152866242,5.964193138767401,34.89330298251886,28.929109843751455,23.775542382924538,314
702358,"Lipscomb, Trey","R","69.9577625",33.406203890919016,-5.061588050908297,15.937420774114061,0.25,-9.220301764829202,18.01626698902901,27.236568753858208,32.291940633378026,4
645305,"Sánchez, Ali","R","69.955427561",32.278375032039904,11.177055034663994,2.001387247690138,0.6585365853658536,2.761480945185356,31.033022320786475,28.271541375601114,31.002862543179344,41
678009,"Meadows, Parker","L","69.923306535",30.166321361923533,7.67011526019162,-3.5665226425451846,0.4711246200607903,6.718948799291304,34.08896491264324,27.370016113351927,29.351784285789247,329
656413,"Fairchild, Stuart","R","69.8888",37.273653459708896,13.544065449750953,-2.7398722069611514,0.5952380952380951,-0.34412927012383193,31.018989697271337,31.36311896739517,22.69628681549038,84
680837,"Fitzgerald, Ryan","L","69.883352286",30.779834783073838,15.16672783930095,-5.330342996302001,0.6285714285714287,-1.8308132093557645,28.760490842428677,30.591304051784444,28.584412433941715,70
683766,"Koss, Christian","R","69.879297815",28.222044262031186,8.950924670148632,5.03556624857348,0.5761589403973508,-1.532479640349939,25.542254034904072,27.07473367525401,29.457770593986165,302
670770,"Friedl, TJ","L","69.877426898",28.296310381291132,9.359718645122465,-7.8462692787709365,0.5957446808510638,8.087572907760078,40.372080637781416,32.28450773002134,24.360896374450075,893
671083,"Kennedy, Buddy","R","69.868341458",35.316529044626904,6.872810243703143,-11.466319194979128,0.37499999999999994,3.6317936227698113,32.93199937224338,29.300205749473577,24.68654655483067,48
518692,"Freeman, Freddie","L","69.860023438",43.08154454810634,10.698467701083027,0.9547901675835544,0.463594470046083,-2.1545365148831017,26.993048239701764,29.14758475458487,30.383468414367695,1085
542963,"Brantly, Rob","L","69.8545425",34.55752794767122,11.770424632685453,-6.188285192677725,0.25,-0.8847636750430682,28.199885917655745,29.08464959269881,26.765932044577596,12
621035,"Taylor, Chris","R","69.848293692",37.45153159491593,12.575584286434962,-1.844287386377329,0.4906542056074766,2.0354638527905955,34.268452618929906,32.23298876613933,31.772170371954424,214
695336,"Saggese, Thomas","R","69.837540503",37.85540841227865,7.7587057376728445,5.514754607733454,0.40618955512572524,4.878448527474575,27.222559800326355,22.344111272851773,26.44279363217248,517
676439,"Feduccia, Hunter","L","69.820053278",34.90574890244325,10.705538039779157,-1.3671535287332621,0.49444444444444446,8.452748436313572,31.208187647419486,22.75543921110591,25.73882491634639,180
669257,"Smith, Will","R","69.791438858",34.000843549408515,11.756574931922549,0.8314320153782095,0.6249999999999999,-1.6564586628538507,31.262133997309878,32.91859266016376,28.985881003910308,648
664983,"McCarthy, Jake","L","69.751045768",32.3524245931151,8.414418510046445,-1.2450688539641175,0.481159420289855,-1.8652571886338123,28.46021949683919,30.32547668547301,32.42067009069361,345
686475,"Tolbert, Tyler","R","69.727759667",27.518594152950087,10.255272761267213,-9.930709101130136,0.5222222222222223,4.70320214390083,35.47550952320285,30.772307379302006,25.8997423787117,90
514888,"Altuve, Jose","R","69.713636176",28.774727599589013,15.311123591400802,-5.654659449440071,0.5533678756476681,17.267809650751616,30.10309380846272,12.8352841577111,30.140000543993605,965
694359,"Kavadas, Niko","L","69.707511765",39.79895746648483,18.753474237859134,-4.838556561091087,0.3529411764705882,11.849266207716996,37.21461662405179,25.365350416334795,27.275726276279897,34
810938,"Williamson, Ben","R","69.707365894",32.928886881357364,2.5287869886064525,5.795414550657458,0.3241650294695481,-2.278782786105256,25.47871304133738,27.757495827442643,28.60114311437713,509
680574,"McLain, Matt","R","69.693676359",32.076370228097055,11.45089151993218,-0.05547177739589247,0.565415244596132,4.05964405069179,32.15392065048607,28.094276599794284,27.056417322693015,879
677060,"Stevens, Chad","R","69.6731196",41.47623948932347,3.6280838986631867,1.286356971567999,0.16,3.7933400270942528,26.08045665719479,22.287116630100535,26.68021651078338,25
670097,"Short, Zack","R","69.668127674",33.00672743163453,12.895145450833732,-1.9557005427704235,0.6511627906976742,1.2592386298766112,34.650925765240345,33.39168713536373,25.59922005594819,86
605361,"Martini, Nick","L","69.656039477",30.382545626044145,6.888562602971391,-1.2230848222225468,0.5058139534883722,-3.314235843607545,26.32178871978874,29.636024563396283,28.468407233365802,172
664068,"Kingery, Scott","R","69.655264231",33.898134193213295,13.730008077092952,1.6837695190510782,0.7115384615384617,-2.1247716672248256,29.298226437073104,31.422998104297935,27.1471642913822,52
688363,"Pauley, Graham","L","69.643275445",28.523552885456294,9.107330902134777,-4.974174633687854,0.5587188612099646,6.337977318231169,32.586822426170826,26.248845107939644,25.16462537050122,281
683737,"Busch, Michael","L","69.634582455",36.758041428443434,16.32324206298707,-1.0807756687758716,0.5037194473963867,1.541950106404947,32.51814167063959,30.976191564234636,26.49151111870539,941
596103,"Slater, Austin","R","69.62605472",37.414649307646094,10.127042766171288,5.5032372961407345,0.534965034965035,-4.419576303557635,29.45341764734921,33.87299395090684,25.804471172654342,286
807713,"Shaw, Matt","R","69.579410406",26.765576428778658,11.04038411638975,-1.884670072522248,0.6540616246498601,1.8919637627949668,31.58981952294282,29.697855760147856,28.243192582078766,714
666158,"Lux, Gavin","L","69.569832481",33.28624094128657,11.28141718326488,2.4691649371282125,0.4537275064267353,-1.167864082072077,32.09938079032472,33.267244872396795,26.494061280286147,778
666023,"Fermin, Freddy","R","69.565852612",34.520633593181124,8.870973701376851,-0.6851213847629763,0.49519230769230765,-0.344391213426732,28.742121604392196,29.086512817818928,27.603203898232255,624
647351,"Toro, Abraham","R","69.565221411",31.950323264161963,11.185571766788916,-2.7618314615093524,0.5290456431535269,6.476388832873336,35.48132119837966,29.004932365506324,28.84321642870003,482
650859,"Rengifo, Luis","R","69.537732968",33.63893159765931,7.210719585757327,3.7547284381132937,0.48837209302325596,7.959750312271631,26.52133397764649,18.561583665374865,26.310983744801174,903
592696,"Rosario, Eddie","L","69.530124286",30.058161307016675,11.987522874138241,2.1643662882231665,0.7142857142857143,0.8624506374020398,26.94124905839666,26.078798420994623,30.09006335538183,14
686797,"Lee, Brooks","R","69.50977342",30.907113185537565,11.29591499652868,-4.6269327410220455,0.5769682726204466,3.3617688117794535,30.061972010726357,26.700203198946898,27.91216169392692,851
667452,"Julks, Corey","R","69.509182727",32.837025124717584,10.065759706364885,-4.419953579150199,0.36363636363636365,0.9999989922804433,35.35386398094796,34.35386498866753,31.14560706590479,22
650968,"Pozo, Yohel","R","69.484575078",25.740978293531988,6.751284350789214,-1.9327960713169152,0.47021943573667707,5.4979802351290195,29.117963170911977,23.619982935782964,29.28017165840792,319
600869,"Candelario, Jeimer","R","69.482962515",35.825077507941266,15.958816065838134,-6.595239729300842,0.50920245398773,4.170717036549737,31.070723239907064,26.900006203357325,27.47855173425206,163
643376,"Jansen, Danny","R","69.479564379",29.843951704177925,14.937305999641545,-5.065263366542145,0.6232741617357003,12.40419893056228,35.210644481683374,22.806445551121097,30.232421081690305,507
621493,"Ward, Taylor","R","69.470514",32.118654401548284,9.095254073292695,-2.8901349454560816,0.555056179775281,1.7985823153890803,33.45790379748526,31.65932148209617,25.717152225637847,890
691019,"Teel, Kyle","L","69.45159476",38.820979223936135,11.179044990045593,4.69053007920499,0.3924843423799584,-1.2815988955865054,28.97427310429307,30.255871999879574,28.408768446314166,479
677008,"Kjerstad, Heston","L","69.418081238",38.028281515641346,12.737918397635886,2.182537377010288,0.47557003257328984,-1.2725386481814,28.66921945064931,29.94175809883072,29.132496303712898,307
649966,"Urías, Luis","R","69.416380455",27.813915872385042,11.187423730719622,-2.028156611163666,0.7128099173553719,0.10166752115417675,29.708873859611444,29.607206338457274,25.943536725106203,484
685744,"Corona, Kenedy","R","69.406686667",26.001482861641964,3.298039382135236,7.788408348904975,0.33333333333333337,-9.344252992946348,21.856642664862434,31.20089565780878,27.746202813997268,6
679845,"Loftin, Nick","R","69.379000842",29.82900030510434,8.385032098289262,-7.70807428821002,0.531135531135531,6.193009757415426,35.021947880596315,28.828938123180894,28.043866891206598,273
683083,"Nuñez, Nasim","R","69.361582532",29.638984635701103,5.080519179525502,6.278664836823517,0.4430379746835443,-1.376651329347111,27.62577812350235,29.002429452849462,29.176602245210148,158
681082,"Stott, Bryson","L","69.352879829",32.77836981781164,7.489392810032087,2.0682335106140415,0.5142207053469852,1.5959384645842423,28.21599712113105,26.620058656546806,23.709635993663575,879
672012,"Black, Tyler","L","69.350726667",38.77379371024999,8.686689680865392,7.5971717087295385,0.4999999999999999,-7.564122273781586,20.256393200368194,27.820515474149786,25.885962910785672,18
686823,"Brennan, Will","L","69.345284118",31.215865683786234,6.839386878937933,-3.692387611672995,0.3529411764705883,3.3312308614078625,31.646756367553394,28.315525506145534,28.769641652914498,17
681393,"Norby, Connor","R","69.343251197",41.44105106805314,19.700611316020808,4.176322247261116,0.37094017094017095,5.55810763718766,32.27818561244718,26.720077975259507,26.05858578353916,585
680977,"Donovan, Brendan","L","69.324502088",30.352905004270422,7.866915630832324,1.834474025873341,0.49175824175824173,-1.5199937437262605,24.885973025239217,26.40596676896548,28.484888114096698,728
622569,"Reyes, Pablo","R","69.316990385",26.700675315621734,5.8870374734676325,4.623974262461501,0.5576923076923077,-4.581545478133635,26.731038673527028,31.31258415166066,27.638907139283326,52
665926,"Giménez, Andrés","L","69.312295",31.373994572531778,8.274796183772994,3.0065106019269074,0.486111111111111,2.22602994850655,29.187192240746548,26.96116229224,29.34234565940237,648
665828,"Cabrera, Oswaldo","R","69.305669312",32.14451734976266,8.558048573852929,-0.8340222948796594,0.5925925925925926,3.8083126713673376,29.160476635668864,25.352163964301532,27.135864119859882,189
682515,"Porter, Logan","R","69.236596364",29.367151457107987,14.865347285086608,4.604690006872412,0.5454545454545454,-2.0783328741146954,26.63192699602998,28.710259870144668,27.22844067199447,11
628451,"Ibáñez, Andy","R","69.228058072",29.29177495545159,6.510893777431972,-2.4760985345903976,0.4728915662650602,0.1026605009148975,28.724369978637487,28.621709477722593,25.48157060235115,332
668800,"Knizner, Andrew","R","69.222260444",25.688134126998428,8.54627974778054,-0.8884469004693119,0.5407407407407407,6.203956930889653,33.708848952036085,27.504892021146432,24.884159523843348,135
681584,"Villar, David","R","69.209375882",35.43673079788082,13.951832499856728,5.512015636755717,0.7352941176470589,-6.0024746622105765,25.870335288029636,31.872809950240214,32.38950866389584,34
682653,"Bernabel, Warming","R","69.208186142",33.84466037020319,4.271930368843493,-17.41449879584472,0.38582677165354323,7.298028812285001,33.56451597799598,26.266487165710977,25.311734621587405,254
666149,"Fitzgerald, Tyler","R","69.195275121",35.149532343243784,13.556121205762505,-4.63951814950454,0.4806763285024154,3.876309234828997,31.510066361094943,27.63375712626594,25.56442461944297,414
695734,"Lile, Daylen","L","69.151226745",37.85872302752769,9.350319103064553,-1.1734533962489422,0.5108514190317196,-2.4370632521656366,26.532425211130786,28.969488463296425,25.77933420363905,599
690022,"Ritter, Ryan","R","69.140575523",35.18720545435161,10.419814055682005,1.131536932213526,0.40988372093023256,2.127830740859468,27.9762221216002,25.848391380740736,27.409736759572166,344
607680,"Pillar, Kevin","R","69.138335823",32.117595976068834,8.939548869746446,-2.2090772372958214,0.5189873417721518,2.804155168867048,30.940549772182454,28.136394603315395,28.29786948356049,79
666182,"Bichette, Bo","R","69.120509508",37.50038034143441,4.485339850812931,1.300078487153476,0.3394406943105111,-2.823369931705295,24.542980547030673,27.366350478735963,25.0993177612157,1037
672569,"Campero, Gustavo","R","69.091819107",31.542400311856404,12.585244918365241,-2.7155759041099774,0.4553571428571428,4.365871113348604,30.27297991365081,25.90710880030222,23.45347173900494,112
641313,"Anderson, Tim","R","69.081139634",36.97554404477597,8.42616813589497,3.6855427845433644,0.5182926829268292,10.855175923925245,28.946843912346925,18.09166798842168,27.058388700601117,164
643565,"Tauchman, Mike","L","69.078247328",34.207144086086274,8.527618638960297,1.1172848281270156,0.4809160305343511,-2.9836384161025182,30.43203576916838,33.4156741852709,29.630141010409766,655
676609,"Caballero, José","R","69.07288871",31.58072793508851,10.094835343021618,-0.5914313086361355,0.510600706713781,13.255637977002765,34.24136624236074,20.98572826535796,23.850348987874092,566
669701,"Smith, Josh","L","69.062262971",36.51512258822863,8.598320876597278,-1.8522178181468905,0.4312638580931264,-0.9892018339644327,30.77507414861449,31.764275982578923,27.10464689030448,902
691720,"Karros, Kyle","R","69.061122757",37.83756863832022,7.447315837208336,-7.2050220225857045,0.4609053497942388,9.203743844682355,28.40926822534004,19.205524380657682,28.912363158606176,243
672279,"Siani, Michael","L","69.049441429",30.049741832447346,8.796186323557171,4.620001473841982,0.3928571428571429,1.432116883980668,26.504855863436966,25.072738979456293,28.01963318024669,28
695238,"Wagner, Will","L","69.048947831",31.831919504087246,4.723950648792986,0.5335624020718645,0.3529411764705881,1.7604084967136642,26.82152429707277,25.06111580035911,27.35463156806854,272
687363,"Scott II, Victor","L","69.026271338",32.20404942811464,9.736919134445401,-1.8265878524974446,0.5353846153846155,8.319320098974734,31.76883509437297,23.449514995398243,24.0829659744687,650
605141,"Betts, Mookie","R","69.024111477",34.615448689267254,9.237669378255811,-5.473605788040422,0.5569767441860465,7.496571935723745,33.197302624551455,25.700730688827708,28.64289831667105,860
701675,"Church, Nathan","L","69.002531667",34.35994395925325,5.438998849750691,1.844665478676947,0.3157894736842106,-1.791115717005783,29.94527913086288,31.736394847868663,28.214540064140085,114
621512,"Nido, Tomás","R","68.989770806",31.434218375348557,12.342372511808215,7.034396422725509,0.6129032258064517,-0.5343972686685989,23.222534590257126,23.756931858925732,32.59827672414517,62
645277,"Albies, Ozzie","R","68.983518707",34.90525686346711,12.74238879324301,-5.341935998637233,0.5851917930419268,2.26717739785586,36.86643465477244,34.599257256916566,21.594292225689617,1121
680577,"Keirsey Jr., DaShawn","L","68.977460323",31.233049494237875,3.93767103747969,6.741365737263556,0.3419354838709677,-5.736870107829027,20.557378877374916,26.294248985203946,28.012603291879834,155
670623,"Paredes, Isaac","R","68.963111045",32.505431565772426,15.565740755645104,-15.42076682013684,0.5560675883256528,6.956554680010889,37.8237926572907,30.867237977279824,25.834869710457127,651
641680,"Heim, Jonah","R","68.955558448",28.606553072712963,10.974982338929685,0.4224815082036836,0.5924426450742241,-0.8886990010164849,28.253359932049246,29.142058933065726,30.875772298544792,741
669326,"Teodosio, Bryce","R","68.92812518",32.69119646754996,9.41617224349082,1.7661567560835918,0.5107913669064749,6.617185800765958,30.193981593331387,23.57679579256542,29.294057323301235,278
624431,"Trevino, Jose","R","68.922672676",23.28350232066012,9.087526899965333,-2.2782590387159116,0.7276995305164321,9.36259896131927,30.381536604748124,21.018937643428863,32.47677047057017,426
578428,"Iglesias, Jose","R","68.879505928",33.56532687218434,2.732352022791988,3.944800116896263,0.33712121212121215,2.350923670352936,24.81226131358636,22.46133764323342,27.2881674030712,528
543592,"Nola, Austin","R","68.863981912",30.218610717275084,5.428361913920646,2.8754993389822716,0.3823529411764706,3.4985836221368394,27.779045270207916,24.28046164807107,26.991481751585294,68
670276,"Stevenson, Cal","L","68.854708",31.68686156325834,9.915053760939557,7.401370785896326,0.5,3.7689255401012502,25.059739418894132,21.290813878792886,31.902439755127904,10
682868,"Ramos, Bryan","R","68.835045",28.034187526519876,7.0492891582859425,-3.765769390938735,0.5500000000000002,0.03038059701561946,25.141501153550983,25.111120556535365,30.091052078467843,20
669369,"Johnson, Bryce","R","68.815891776",37.27743634452442,8.858587129882865,2.606758172550932,0.4672897196261682,-1.2132147340210024,30.50976139161942,31.72297612564043,26.418101410536103,107
605113,"Ahmed, Nick","R","68.796754375",26.35267503307862,15.780905409347772,-0.9256498156252615,0.8125,1.1406805477209043,32.96285154171837,31.822170993997457,32.2924749338895,16
670764,"Walls, Taylor","R","68.779348441",34.33895536290248,10.22947044349124,3.9379664357790984,0.5809716599190282,-3.165294879327713,26.147957648338892,29.31325252766661,26.13595276804728,494
666163,"Rortvedt, Ben","L","68.768530049",28.843096059843557,10.857193644958112,-0.8391912286529345,0.5951219512195125,1.4794059799027606,28.795995277429704,27.31658929752694,27.027069924355448,205
643217,"Benintendi, Andrew","L","68.746355636",32.48316023260339,15.867824453038455,-5.1173325750627745,0.5465268676277851,4.366788823539618,35.24690833966418,30.880119516124555,22.412387399372445,763
571912,"Maile, Luke","R","68.742702658",34.036455584433526,10.660624303472567,2.9613180450576815,0.5443037974683544,4.267578439452623,31.84096709117606,27.573388651723437,24.916925589452212,79
669256,"Solak, Nick","R","68.725744118",29.718104882676048,13.96394751954552,1.7543594096960242,0.5882352941176471,0.3072945909331479,29.24284777156209,28.935553180628947,27.708383541443208,17
669200,"McCoy, Mason","R","68.718120323",29.777655350440185,7.775906740990821,-2.0126387138443294,0.5483870967741935,2.531494647556133,29.370362424683808,26.838867777127682,29.20386434935447,31
666185,"Carlson, Dylan","R","68.71608245",36.08612354023369,10.811341478336095,0.6470388506329537,0.5625000000000001,-1.2611535917732433,27.71406928781759,28.975222879590838,25.437279493258103,400
592192,"Canha, Mark","R","68.672879951",32.378031441845394,11.432207576907135,-1.0036158590296447,0.5392156862745099,5.254607961579924,30.437006295963084,25.182398334383173,26.621307654715146,204
690987,"Hassell III, Robert","L","68.651956796",38.09755392018283,11.821977923649984,7.210326780767034,0.5688622754491018,2.372344559070494,33.70095720656671,31.328612647496207,25.745232234050956,334
669392,"Taylor, Samad","R","68.64366",36.59033273840126,17.097540007568686,-9.708063692258623,0.3,20.085369891893635,39.928588446107646,19.843218554214015,21.795380018648142,10
680474,"Schuemann, Max","R","68.634045875",30.496669770770655,8.267993380695232,2.6615349358864417,0.5406249999999999,-4.038239717373018,26.215328685392898,30.253568402765914,28.643392540295388,320
570482,"Urshela, Gio","R","68.63193467",36.18291630796588,10.961477962486038,3.5897365021873813,0.5816618911174786,1.047790015523111,31.95475436252102,30.906964346997906,28.17603883967093,349
691185,"Acosta, Maximo","R","68.502140244",26.560667243567153,12.969760705735675,-1.522867814640776,0.7195121951219512,4.535054357148654,33.889465083043504,29.35441072589484,24.600690812514,82
660644,"Bruján, Vidal","R","68.489212645",32.3101761182296,7.879279078398284,1.1113053701301803,0.5354838709677421,-3.5812275629856423,28.363687199874878,31.944914762860527,28.76304919945341,155
687462,"Horwitz, Spencer","L","68.488653944",35.875693050972195,9.928940977462695,-1.8290845909981253,0.4490398818316101,0.6019476016559994,30.028268858084388,29.426321256428395,25.22851119330176,677
666150,"Fletcher, Dominic","L","68.47868339",25.755258034251273,6.6550672498851675,-3.4910626928330486,0.5423728813559323,0.0590266848525238,31.357404944851186,31.298378259998668,25.195705504869522,59
681962,"Capra, Vinny","R","68.472086338",33.721024748682304,11.646778517878142,-5.71249558878019,0.528169014084507,2.809464591850449,30.40122206122842,27.591757469377974,27.413837104474734,142
605353,"Machín, Vimael","L","68.468196",24.147365268199817,8.767244897164762,4.89363333450328,0.5000000000000001,-0.8906817541580259,27.662972226766456,28.553653980924484,32.92250992383289,20
669289,"Espinal, Santiago","R","68.461301238",34.577038379318296,6.712062058411851,-1.8205510714863624,0.5109780439121757,-4.899174714463704,31.742128817461307,36.641303531925004,25.822796383645752,501
663538,"Hoerner, Nico","R","68.456066883",33.28900695897889,5.855768581487977,-1.9004011055951748,0.478744939271255,-2.630361260181729,27.124674941061983,29.755036201243705,27.56343419415775,988
543760,"Semien, Marcus","R","68.434827283",34.77435718404051,15.77436982559602,-3.855597990932919,0.5664739884393063,2.486855130450167,30.493006130173477,28.006150999723314,23.99078964654857,865
676694,"Meyers, Jake","R","68.385551437",32.41475840886229,6.861773007273905,-2.40832553063156,0.42720306513409956,-0.8810065978008002,29.73204024607371,30.61304684387451,30.583468048052026,522
655316,"Monasterio, Andruw","R","68.379363276",34.82508163083824,13.452723806136754,-4.36165263877834,0.5258620689655173,7.291292795550187,34.77341837051548,27.482125574965295,25.373510383017965,232
808982,"Lee, Jung Hoo","L","68.34337596",39.441089031973576,5.210714842707661,-4.622118773709067,0.4072447859495062,3.5264058894452557,30.209190672484485,26.68278478303924,21.116963757884015,911
696285,"Young, Jacob","R","68.340023435",31.105283700384643,5.95581644293418,3.905697549343738,0.5040650406504066,-3.575240122127718,26.20595099551344,29.781191117641153,31.493070096597087,492
691594,"Sanoja, Javier","R","68.329038662",20.400800278797757,2.2214390863588407,-3.022158689293329,0.3227176220806794,6.42443840048058,27.391081720012064,20.96664331953149,27.544962103744005,471
671976,"Peters, Tristan","L","68.31505619",32.024449014362716,17.07641561337365,-2.9427021691733337,0.4285714285714286,5.546345912630215,30.538343974927148,24.991998062296936,31.322982790140426,21
668845,"Schunk, Aaron","R","68.307601148",35.263462035621735,5.913275146291569,-1.4091457751883874,0.42622950819672134,2.906552112700831,30.008803582648735,27.102251469947902,28.727441559442457,61
656896,"Rivera, Emmanuel","R","68.30673009",32.357059336055805,6.2566659336618615,0.16364959420084668,0.5339366515837104,6.971297920664132,30.079292730807396,23.10799481014326,25.05496971587376,221
622268,"Walton, Donovan","L","68.289661667",32.93718329509474,12.808046950022764,-1.69892744712744,0.5,3.3048343707864754,32.498604173077865,29.193769802291392,28.89047260080099,12
675659,"Jones, Greg","L","68.27423",33.10955477279631,7.296880021205627,10.31789840446255,0.33333333333333337,7.038145012351333,26.986451289834736,19.948306277483404,23.34006932414055,6
672695,"Perdomo, Geraldo","R","68.256621416",35.39138390585213,7.43021396513682,-1.816098388102376,0.4985250737463126,6.635499230131101,25.283669091004114,18.648169860873022,25.551306243118376,1017
681146,"Bride, Jonah","R","68.243294698",30.939077902360648,16.314180216936055,-1.6526633760305942,0.5167785234899328,8.28964349030633,34.29579417609017,26.006150685783822,30.763319188909275,149
668885,"Martin, Austin","R","68.24229465",39.90059251930577,10.26895700050225,-3.4536813734252316,0.5802469135802469,-2.766582550506202,30.60466189915826,33.37124444966446,26.794204073998017,243
643289,"Dubón, Mauricio","R","68.19521828",29.830857916061287,5.476572986263985,1.114723139556646,0.4598070739549838,0.668096808635842,26.869561281967236,26.201464473331384,28.320577071583603,622
686217,"Frelick, Sal","L","68.189706979",28.142740334850558,8.600187171150143,-1.7975149677336386,0.5194508009153318,-3.1322160308376827,27.78817518005376,30.920391210891438,27.36660916260056,874
687231,"Hernaiz, Darell","R","68.18757899",32.57133823096296,6.00938042781286,0.6462905977693999,0.4625407166123779,-3.3191386122267907,27.490482677612782,30.809621289839573,27.153745505735596,307
678489,"Barrosa, Jorge","R","68.17298587",27.880501619068358,15.385576681778055,-6.5630510509926685,0.5797101449275361,7.709085991719401,31.319985774446074,23.610899782726673,27.6337736476823,138
500743,"Rojas, Miguel","R","68.147817443",32.10566898909889,7.612707865644392,-4.357613936776908,0.493150684931507,5.2532344731164615,34.75356751621161,29.500333043095157,28.675195833535835,438
680700,"Palacios, Richie","L","68.1199375",22.95918743349843,6.357948975990201,-1.4653351353914656,0.578125,-3.5081217665888436,28.701949143768616,32.21007091035746,27.906430194830893,64
621028,"Newman, Kevin","R","68.08317224",31.718299997585433,6.712964044656582,-2.3704801060602096,0.45833333333333337,5.984031657669206,32.13536003608876,26.151328378419542,27.214116185902657,192
624415,"Biggio, Cavan","L","68.042444955",36.93555597038347,13.803923668855472,-6.68004204113105,0.5675675675675673,2.8723903711576457,30.612937827126373,27.740547455968727,24.85523889244157,111
665877,"Fermín, José","R","68.031645529",33.57025913160238,9.063693740838671,-4.677545847908748,0.5529411764705883,-3.931751430688134,29.716389691743007,33.64814112243114,26.0060452645248,85
664770,"Lukes, Nathan","L","68.021301805",31.692031049899374,7.409234971807242,8.031312083350917,0.43668122270742354,-0.5829909117915255,26.24492024157884,26.827911153370355,30.671728710331813,687
608671,"Jankowski, Travis","L","68.017074789",33.957309612330604,-4.039143182432198,-1.885818156270637,0.15492957746478875,-7.829867664230592,22.640220482401965,30.470088146632552,28.1970159522348,71
686765,"Sogard, Nick","R","67.928675374",32.70091435258993,15.17115006824455,-4.740414015588102,0.4761904761904763,20.600610979116592,39.265727941592445,18.665116962475857,27.65515442542212,147
702332,"Durbin, Caleb","R","67.915193605",27.55871178513816,8.05880991602442,-3.975629599286577,0.6380543633762518,-4.5252007412024415,27.839218941923868,32.36441968312632,27.164322631278754,699
678225,"Bae, Ji Hwan","L","67.8941485",30.757298117222906,5.562694149232658,7.933223558866469,0.37499999999999994,-4.777953148185268,26.120993054773553,30.898946202958825,25.534559022988315,40
689172,"Wisely, Brett","L","67.84010887",33.17914146960438,10.281572722857902,-0.8668008725932009,0.5304347826086957,5.8111667052100495,30.43636160017206,24.625194894962004,23.117481460854737,115
668942,"Rojas, Josh","L","67.781865987",32.12359349003616,9.875169912019315,1.158439571791455,0.5605095541401275,-8.338948415406218,24.250477124027185,32.58942553943342,29.610736210311554,314
683021,"Stefanic, Michael","R","67.781265185",32.12198461446805,6.147158016249856,-0.8155129446633319,0.2962962962962963,4.2151887858708035,30.180099904394744,25.964911118523943,27.968697973303264,27
670032,"Lopez, Nicky","L","67.7394365",26.457749244651872,7.899382948103862,3.7108349032218113,0.5,6.788824742136363,28.689059406058355,21.900234663921992,29.51371437211394,40
642086,"Smith, Dominic","L","67.734584712",35.24219913859772,12.481240103128806,-4.046454547343763,0.5260273972602737,5.355992319482627,35.72734462586566,30.37135230638306,26.370311504126356,365
805373,"Alvarez Jr., Nacho","R","67.721384608",30.354112401880663,6.206382968039423,0.04604129440406497,0.4232081911262797,-3.3147548837966645,28.869031206281964,32.18378609007863,26.61904756293979,293
676391,"Clement, Ernie","R","67.606727925",32.22439195043856,11.577831544104,-3.0955791771880956,0.5932400932400932,8.51674065222241,31.139348205342,22.622607553119586,28.265919430578375,858
518934,"LeMahieu, DJ","R","67.585440684",28.3138521376574,5.665654319627318,12.649562738312284,0.4842105263157894,-8.254984254272685,22.09363181667637,30.34861607094905,32.950395129049106,190
656716,"McKinstry, Zach","L","67.540293898",37.42732005752987,9.895872879460715,1.3593614059718961,0.4312796208530804,-0.07197193517412587,27.293121332667912,27.36509326784204,26.45161206712916,844
670156,"Mastrobuoni, Miles","L","67.533226318",32.90572849076558,8.161371143634584,-2.5568742538505664,0.44090909090909103,7.8134648282381916,33.76173385141875,25.94826902318057,27.288329870065816,220
694384,"Schanuel, Nolan","L","67.529340396",38.49627877668249,8.633209220588933,-1.0065024268917215,0.46106304079110016,0.7457914565063296,30.75024796004106,30.004456503534737,23.25288272964726,809
700337,"Quero, Edgar","R","67.499071944",31.514806672741447,6.018052614684612,9.498417721785003,0.521604938271605,-9.05711805651949,25.126751438044113,34.18386949456361,29.615911738692525,648
805367,"Meidroth, Chase","R","67.434461228",29.379808617924603,6.673114837827288,2.072338551677991,0.4869942196531792,-2.4462233990464983,29.14643693899119,31.59266033803769,28.231522443556994,692
668974,"Handley, Maverick","R","67.391062179",30.46198246365624,6.130051011720255,6.668317444323919,0.4999999999999999,-2.4965037602495794,27.0492046987897,29.545708459039272,25.342260221905896,78
657077,"Verdugo, Alex","L","67.374175357",30.931885731019346,1.8386112278626692,-0.633187857727958,0.30714285714285694,-0.031009304492877587,32.05753421858469,32.088543523077576,23.406870958135595,280
689414,"Hicks, Liam","L","67.367119801",32.631945779800766,9.063798009954093,-1.8629324434518177,0.4870775347912523,2.6878472096314763,30.10077823166209,27.412931022030612,26.262323091346843,503
663967,"Salazar, César","L","67.338380476",32.61191709419895,10.798352066962584,0.48561067640707145,0.6666666666666667,-0.6303431823450321,28.87454142063933,29.50488460298436,25.343688908939363,21
683227,"Freeman, Cody","R","67.314243586",25.682903510596176,10.314900685501705,-2.622785806068766,0.696969696969697,7.437467880775297,34.53254386400081,27.09507598322551,26.271804636404724,198
677941,"Adams, Jordyn","R","67.31037375",30.54375971298411,6.476035883642547,15.649276577534689,0.625,-10.744572689327361,19.834136256125213,30.578708945452572,31.659246108739374,8
663968,"Mangum, Jake","R","67.308387186",29.25321327338614,2.275959399731846,11.538001411067992,0.31043593130779396,-5.443635105522812,21.02390301515239,26.467538120675208,28.523390695764363,757
808975,"Kim, Hyeseong","L","67.304902184",41.610106572219266,10.13650570862551,0.018404301250219163,0.37883959044368604,-1.4195954043560852,25.459775683992955,26.879371088349046,26.03716260822172,293
687957,"Harris, Dustin","L","67.205312222",40.26009971861742,11.669560186767457,-8.81876225556821,0.3209876543209877,16.262048676041314,34.528989126351,18.266940450309676,23.97075138076959,81
607732,"Stallings, Jacob","R","67.137767915",31.739205882765823,12.252855515950403,3.491567494741905,0.5106382978723404,0.6762700235734264,27.33473258092371,26.658462557350287,28.4547445486143,235
506702,"León, Sandy","R","67.10968",32.41092410261278,16.919567146243903,-2.713206174543924,0.4736842105263158,-0.8886622695252747,32.51424205604428,33.40290432556955,29.076528630986967,19
641645,"Guillorme, Luis","L","67.106901471",34.85944124709377,9.692758118928948,6.386213395583352,0.44117647058823534,-4.0374435394294075,25.339330829666505,29.37677436909592,26.93164754833137,34
641658,"Hampson, Garrett","R","67.087882835",30.52533249713136,9.411924802854305,-2.8694815211042615,0.48031496062992124,-1.6448868661302425,33.37117460652346,35.01606147265369,28.173183374200057,127
664702,"Straw, Myles","R","67.066441221",35.79613114855357,6.637203380929729,3.34664603460196,0.4483568075117371,-3.029417479739031,26.209021479696972,29.238438959436003,25.933109302741304,426
645302,"Robles, Victor","R","67.033566963",33.32301664491069,9.633208000826912,-3.260280969696568,0.4764397905759163,13.929567341311126,23.352973855865045,9.423406514553921,31.138405685689037,191
543877,"Vázquez, Christian","R","67.008163814",26.768983803736038,7.619850974421243,-1.1440947389593958,0.5833333333333335,5.800647519537948,33.19997127985944,27.399323760321497,27.56232886998993,312
645444,"Herrera, Jose","R","66.951755288",33.14809285420858,7.367111196585441,-5.399632369763035,0.4784172661870504,6.808813549634913,30.520283350435577,23.711469800800664,25.960242738589585,278
807712,"Keaschall, Luke","R","66.931252353",35.569597992325576,8.136602851277587,-1.1313237929267235,0.4999999999999999,9.758321506599238,33.09228475409858,23.333963247499337,27.60420775332184,272
678011,"Seigler, Anthony","L","66.909412653",35.12724347352722,12.100584665882069,5.908570455012071,0.5918367346938774,-1.4982708481849651,30.94181833264861,32.44008918083357,26.863527725346426,98
682183,"Avans, Drew","L","66.904472857",28.106374030080655,1.376805864144227,5.978839983804761,0.23809523809523814,3.084039450078784,26.657792631629622,23.573753181550842,25.21249448888166,42
670092,"Brooks, Trenton","L","66.888778293",30.986080987235713,14.521864945902772,0.034616944999189214,0.621951219512195,1.2696358532558192,28.587327048511572,27.317691195255755,25.298179305517376,82
669364,"Edwards, Xavier","R","66.87790447",31.121390926711854,2.684583817006099,2.4372862419668047,0.3419913419913418,8.810051659162943,28.51019273593878,19.700141076775846,24.395534484884262,924
676070,"Amaya, Jacob","R","66.808392584",29.807433558746837,8.238282770640813,5.406477385794874,0.6629213483146066,-4.056782897077183,25.178191335204833,29.234974232282024,28.298143951618435,89
553882,"Narváez, Omar","L","66.745304118",34.08539889445285,11.033468158371766,-0.15602867802495152,0.7647058823529411,-1.809037438211053,28.424417483812885,30.23345492202394,28.656602503370397,17
642727,"Alcántara, Sergio","R","66.724226667",36.561197432681524,8.747735964335032,2.2745254376588604,0.6666666666666666,0.9827727500658923,28.9200986000317,27.93732584996581,27.450578237395288,6
686452,"Millas, Drew","R","66.675863951",34.24946087849364,3.0262188422347585,0.566789773700995,0.271604938271605,-4.778042851513739,25.203264049805988,29.981306901319734,24.27311045098305,81
605131,"Barnes, Austin","R","66.652822667",28.866027039379457,4.478625207423492,2.4494676997639786,0.33333333333333337,3.2025095885521546,30.05140973994116,26.848900151389,27.76890185916901,60
571657,"Farmer, Kyle","R","66.581971314",33.487968714735395,12.66799831884741,-0.8382162031501968,0.48516949152542377,5.473567474121137,32.59315523487585,27.11958776075473,27.50392507895567,472
660844,"Rivas, Leo","R","66.569247667",37.98031203025803,15.436475300737582,-2.820644814038217,0.5666666666666665,1.0863263082347052,31.38693276682933,30.30060645859463,23.36417833991375,150
643396,"Kiner-Falefa, Isiah","R","66.566837869",32.483090560703694,4.420099264679838,3.6643182107671817,0.37518248175182484,-0.6936909949979437,28.84320108952485,29.536892084522794,27.79607656708872,685
571466,"Barnhart, Tucker","L","66.458530909",31.024133254636137,7.8275009805227755,-2.0694811555965447,0.5909090909090909,-0.12430089690162516,32.04382671164623,32.16812760854786,26.98380807684942,22
674441,"Hurtubise, Jacob","L","66.425513913",36.70504264407522,5.100617504245126,0.9600364596513045,0.5217391304347826,-9.987715201703125,23.578238889272136,33.56595409097527,24.069365913499748,23
663897,"Williams, Luke","R","66.29433587",33.9206372864384,11.215879943125886,-4.016650783789892,0.4782608695652174,7.330366923709775,31.644314494238426,24.313947570528644,27.38284051184592,46
457759,"Turner, Justin","R","66.29025578",34.424336608827886,9.049018481176809,1.808697733007237,0.5076452599388384,3.864308970750805,37.02310000648639,33.15879103573559,21.99483040379253,327
689041,"Thomas, Rhylan","L","66.226537368",30.50038940228514,4.421265257777496,2.0767886496957053,0.4210526315789473,-0.2774985043493109,29.485017906166746,29.76251641051606,29.254709472363626,19
623168,"Heineman, Tyler","R","66.186973773",28.89906322449695,6.485784298976552,-12.502980203066336,0.45054945054945067,6.147667682039645,34.83304849515457,28.68538081311494,28.537320576932302,273
676701,"Trejo, Alan","R","66.093812353",36.851106784212675,15.954260941843668,-1.7623081362849626,0.5,7.145221423644363,34.91199463597273,27.766773212328385,28.847193813624656,68
669743,"Call, Alex","R","66.083924033",33.44524188578621,7.002566472480353,8.198742146818534,0.4685314685314685,-6.2151186324990055,27.48532947743265,33.700448109931635,27.381760544027113,429
660688,"Ruiz, Keibert","R","66.06959253",34.19059598842407,10.371619994486196,-8.978568194670974,0.5279805352798055,2.6537852616007607,36.89091342025722,34.23712815865647,24.831423370325254,411
456781,"Solano, Donovan","R","65.948103889",33.94969191254543,8.810383986234518,-1.7976720820850296,0.3758169934640523,1.6820541854414766,28.906592228831315,27.22453804338983,26.991452832702745,306
665561,"Marchán, Rafael","R","65.894440955",32.39569207770107,11.281079451633639,-1.5607896625544015,0.5,4.510836561692198,30.596841348899744,26.086004787207557,28.003732921685472,178
624428,"Frazier, Adam","L","65.886248467",39.18012178342181,11.392098249640977,3.0224019335257353,0.4561186650185415,2.9233234818564946,24.042431407949344,21.119107926092838,22.08754674962072,809
527038,"Flores, Wilmer","R","65.529887795",32.1425026167867,11.227195539022711,-6.604416838047234,0.49805447470817116,3.697373347309651,31.382986736516454,27.685613389206804,25.257294474623283,771
679631,"Vavra, Terrin","L","65.246326667",39.4160209643853,3.465993696093255,14.426569868300177,0.3333333333333333,-9.739732953546284,25.047191597349407,34.78692455089569,31.07543521651268,3
691011,"Romo, Drew","R","65.165045714",35.28850316268816,15.594932187435404,-11.787649938705226,0.2857142857142857,13.039051021383914,37.82655852006444,24.787507498680526,26.447317662978854,7
681909,"Dean, Justin","R","65.130565",35.42879899260478,20.1939930701263,-0.5481502535045886,0.25,2.845875731908886,32.63430728809079,29.78843155618191,27.030645510611535,4
642180,"Wade, Tyler","L","64.99597237",31.76370370879187,7.31762883801265,-1.3431167835726083,0.45664739884393074,-3.0559406083207086,27.916477984607585,30.9724185929283,27.29155848976587,173
669397,"Allen, Nick","R","64.516880846",30.282519550429072,7.265879398447093,-0.6661375816890966,0.48275862068965525,4.802493637055838,32.10387725665508,27.30138361959925,27.064125551585285,638
802415,"Simpson, Chandler","L","64.18700183",30.170027399555604,3.5065480999119525,6.901414791967189,0.3921568627450981,-6.247654203475064,20.9662340243009,27.213888227775964,31.991942725719284,612
805779,"Wilson, Jacob","R","63.852425237",35.158821543844,2.8471778957640796,-1.0724793348651613,0.3635097493036211,2.039003507884214,30.58805122904707,28.54904772116285,25.66990301496724,718
680757,"Kwan, Steven","L","63.681147338",35.618400020118436,3.2427783157363814,-2.507621282235617,0.3532494758909854,6.95104491111992,29.794134931384882,22.84309002026496,22.666924784528796,954
691907,"Cheng, Tsung-Che","L","63.306311667",29.45133447024869,-0.9243995873023947,15.542954235472486,0.24999999999999997,-11.81144264420281,21.57471023036827,33.38615287457109,24.203709952704905,12
624513,"Nuñez, Dom","L","63.150185",31.851418739873807,20.218139692401824,-20.5187316698437,0.12500000000000003,21.271420139298527,42.7138285223765,21.44240838307798,27.548072803138492,8
650333,"Arraez, Luis","L","62.648735321",37.43745146438693,5.616089661979368,4.621656466227659,0.4027640671273446,-2.8280356675852505,31.48458970721108,34.31262537479633,26.019936146158315,1013
607067,"Rea, Colin","R","60.01863",23.46575389085034,7.899394727422416,-2.9767290652959115,0.6666666666666667,8.033458446417189,26.748484219174568,18.715025772757382,31.15383644665718,3
641302,"Alexander, Tyler","R","59.78136",25.094194617187032,-12.093267144281834,34.32361351601686,0,-8.17369523885295,9.726850013455895,17.900545252308845,30.018625275497435,1
683004,"Leiter, Jack","R","59.23822",27.15960571935826,2.0326741081610895,41.6756973485412,0,-21.549224372065915,5.373130654894458,26.922355026960375,30.101393601999284,1